geometry_id,system,sample_kind,region,transfer_distance_angstrom,qm_energy_eV,production_energy_eV,production_force_max_eV_per_angstrom,unified_radial_energy_eV,unified_radial_force_max_eV_per_angstrom,state_conditioned_p2_energy_eV,state_conditioned_p2_force_max_eV_per_angstrom,p2_transition_count,p2_factor_min,p2_factor_max,qm_relative_eV,production_relative_eV,production_residual_eV,unified_radial_relative_eV,unified_radial_residual_eV,state_conditioned_p2_relative_eV,state_conditioned_p2_residual_eV
h3_reactant_reference_0000,h3,reactant_reference,reactant_reference,5.0,-45.52929561847012,-4.512627573197906,2.842170943040401e-14,-4.512627573197906,2.842170943040401e-14,-4.512627573197906,2.842170943040401e-14,0,1.0,1.0,0.0,0.0,0.0,0.0,0.0,0.0,0.0
h3_product_reference_0000,h3,product_reference,product_reference,0.74144,-45.52929561847183,-4.512627573197906,2.842170943040401e-14,-4.512627573197906,2.842170943040401e-14,-4.512627573197906,2.842170943040401e-14,0,1.0,1.0,-1.7053025658242404e-12,0.0,-1.7053025658242404e-12,0.0,-1.7053025658242404e-12,0.0,-1.7053025658242404e-12
h3_dense_transfer_0000,h3,dense_transfer_scan,transfer_microscope,0.84,-44.97550801683555,-3.4696721092062766,4.731319067411648,-3.4696721092062766,4.731319067411645,-3.4696721092062766,4.731319067411645,1,1.0,1.0,0.5537876016345749,1.0429554639916296,-0.4891678623570548,1.0429554639916296,-0.4891678623570548,1.0429554639916296,-0.4891678623570548
h3_dense_transfer_0001,h3,dense_transfer_scan,transfer_microscope,0.86,-45.01569604084599,-3.561723571702702,4.524031735560092,-3.561723571702702,4.524031735560091,-3.561723571702702,4.524031735560091,1,1.0,1.0,0.5135995776241344,0.9509040014952044,-0.43730442387106994,0.9509040014952044,-0.43730442387106994,0.9509040014952044,-0.43730442387106994
h3_dense_transfer_0002,h3,dense_transfer_scan,transfer_microscope,0.88,-45.04953306501061,-3.6506272612394635,4.36581988755436,-3.6506272612394635,4.365819887554358,-3.6506272612394635,4.365819887554358,1,1.0,1.0,0.4797625534595156,0.8620003119584427,-0.38223775849892716,0.8620003119584427,-0.38223775849892716,0.8620003119584427,-0.38223775849892716
h3_dense_transfer_0003,h3,dense_transfer_scan,transfer_microscope,0.9,-45.0779112123627,-3.736325776152489,4.203088896384083,-3.736325776152487,4.203088896384084,-3.736325776152487,4.203088896384084,1,1.0,1.0,0.45138440610742236,0.7763017970454174,-0.324917390937995,0.7763017970454191,-0.32491739093799676,0.7763017970454191,-0.32491739093799676
h3_dense_transfer_0004,h3,dense_transfer_scan,transfer_microscope,0.92,-45.10161893402429,-3.8187096210612808,4.034229891036424,-3.8187096210612808,4.034229891036423,-3.8187096210612808,4.034229891036423,1,1.0,1.0,0.42767668444583506,0.6939179521366254,-0.2662412676907904,0.6939179521366254,-0.2662412676907904,0.6939179521366254,-0.2662412676907904
h3_dense_transfer_0005,h3,dense_transfer_scan,transfer_microscope,0.94,-45.12135171363247,-3.890522699897178,2.8188855353591054,-3.890522699897177,2.8188855353591045,-3.890522699897177,2.8188855353591045,1,1.0,1.0,0.4079439048376514,0.6221048733007284,-0.21416096846307697,0.6221048733007293,-0.21416096846307786,0.6221048733007293,-0.21416096846307786
h3_dense_transfer_0006,h3,dense_transfer_scan,transfer_microscope,0.96,-45.13772135153172,-3.9335450597517916,1.7949005435162002,-3.9335450597517934,1.7949005435161975,-3.9335450597517934,1.7949005435161975,1,1.0,1.0,0.3915742669384059,0.5790825134461146,-0.1875082465077087,0.5790825134461128,-0.18750824650770692,0.5790825134461128,-0.18750824650770692
h3_dense_transfer_0007,h3,dense_transfer_scan,transfer_microscope,0.98,-45.1512642838287,-3.959123085161843,1.062328911284716,-3.9591230851618437,1.0623289112847125,-3.9591230851618437,1.0623289112847125,1,1.0,1.0,0.37803133464142036,0.5535044880360633,-0.17547315339464298,0.5535044880360624,-0.1754731533946421,0.5535044880360624,-0.1754731533946421
h3_dense_transfer_0008,h3,dense_transfer_scan,transfer_microscope,1.0,-45.162448987367426,-3.979434781654971,1.0311377537876734,-3.9794347816549713,1.0311377537876698,-3.9794347816549713,1.0311377537876698,1,1.0,1.0,0.3668466311026961,0.5331927915429353,-0.1663461604402392,0.5331927915429349,-0.16634616044023876,0.5331927915429349,-0.16634616044023876
h3_dense_transfer_0009,h3,dense_transfer_scan,transfer_microscope,1.02,-45.1716826943268,-4.001992713179577,1.9065733899168684,-4.001992713179576,1.9065733899168684,-4.001992713179576,1.9065733899168684,1,1.0,1.0,0.357612924143325,0.510634860018329,-0.153021935875004,0.5106348600183299,-0.1530219358750049,0.5106348600183299,-0.1530219358750049
h3_dense_transfer_0010,h3,dense_transfer_scan,transfer_microscope,1.04,-45.17931777514866,-4.029867910655266,2.897471149324536,-4.029867910655266,2.8974711493245326,-4.029867910655266,2.8974711493245326,1,1.0,1.0,0.34997784332146153,0.48275966254264,-0.1327818192211785,0.48275966254264,-0.1327818192211785,0.48275966254264,-0.1327818192211785
h3_dense_transfer_0011,h3,dense_transfer_scan,transfer_microscope,1.06,-45.185657744681286,-4.064635481716032,3.8394131625721126,-4.064635481716033,3.8394131625721055,-4.064635481716033,3.8394131625721055,1,1.0,1.0,0.34363787378883615,0.4479920914818738,-0.10435421769303765,0.4479920914818729,-0.10435421769303677,0.4479920914818729,-0.10435421769303677
h3_dense_transfer_0012,h3,dense_transfer_scan,transfer_microscope,1.08,-45.19096242868305,-4.108906799055024,4.786055175272816,-4.108906799055025,4.786055175272816,-4.108906799055025,4.786055175272816,1,1.0,1.0,0.33833318978707183,0.4037207741428821,-0.06538758435581027,0.4037207741428812,-0.06538758435580938,0.4037207741428812,-0.06538758435580938
h3_dense_transfer_0013,h3,dense_transfer_scan,transfer_microscope,1.1,-45.19545245440071,-4.165219284981884,5.63304354260937,-4.165219284981883,5.6330435426093715,-4.165219284981883,5.6330435426093715,1,1.0,1.0,0.33384316406941394,0.3474082882160223,-0.013565124146608376,0.3474082882160232,-0.013565124146609264,0.3474082882160232,-0.013565124146609264
h3_dense_transfer_0014,h3,dense_transfer_scan,transfer_microscope,1.12,-45.19931424163144,-4.230916619070243,6.002962494595939,-4.230916619070243,6.002962494595937,-4.230916619070243,6.002962494595937,1,1.0,1.0,0.32998137683868123,0.28171095412766345,0.04827042271101778,0.28171095412766345,0.04827042271101778,0.28171095412766345,0.04827042271101778
h3_dense_transfer_0015,h3,dense_transfer_scan,transfer_microscope,1.14,-45.20270507121753,-4.294370548467172,5.529439373808339,-4.294370548467172,5.529439373808338,-4.294370548467172,5.529439373808338,1,1.0,1.0,0.32659054725259296,0.21825702473073427,0.10833352252185868,0.21825702473073427,0.10833352252185868,0.21825702473073427,0.10833352252185868
h3_dense_transfer_0016,h3,dense_transfer_scan,transfer_microscope,1.16,-45.20575590331278,-4.340177079261204,4.355748953927579,-4.340177079261204,4.355748953927579,-4.340177079261204,4.355748953927579,1,1.0,1.0,0.32353971515734514,0.17245049393670175,0.1510892212206434,0.17245049393670175,0.1510892212206434,0.17245049393670175,0.1510892212206434
h3_dense_transfer_0017,h3,dense_transfer_scan,transfer_microscope,1.18,-45.20857301219492,-4.360268221494968,3.057683916752636,-4.360268221494968,3.0576839167526395,-4.360268221494968,3.0576839167526395,1,1.0,1.0,0.3207226062752042,0.15235935170293846,0.16836325457226575,0.15235935170293846,0.16836325457226575,0.15235935170293846,0.16836325457226575
h3_dense_transfer_0018,h3,dense_transfer_scan,transfer_microscope,1.2,-45.21124246183231,-4.361411027261016,2.6907571328518465,-4.361411027261015,2.6907571328518465,-4.361411027261015,2.6907571328518465,0,1.0,1.0,0.3180531566378093,0.15121654593689016,0.16683661070091915,0.15121654593689104,0.16683661070091826,0.15121654593689104,0.16683661070091826
h3_dense_transfer_0019,h3,dense_transfer_scan,transfer_microscope,1.22,-45.21383571398944,-4.361411027261006,2.6907571328519104,-4.361411027261006,2.6907571328519104,-4.361411027261006,2.6907571328519104,0,1.0,1.0,0.31545990448068295,0.15121654593689993,0.16424335854378302,0.15121654593689993,0.16424335854378302,0.15121654593689993,0.16424335854378302
h3_dense_transfer_0020,h3,dense_transfer_scan,transfer_microscope,1.24,-45.216410269244165,-4.361411027261006,2.6907571328519104,-4.361411027261006,2.6907571328519104,-4.361411027261006,2.6907571328519104,0,1.0,1.0,0.312885349225958,0.15121654593689993,0.16166880328905808,0.15121654593689993,0.16166880328905808,0.15121654593689993,0.16166880328905808
h3_dense_transfer_0021,h3,dense_transfer_scan,transfer_microscope,1.26,-45.21900736177095,-4.361411027261016,2.6907571328518465,-4.361411027261015,2.6907571328518465,-4.361411027261015,2.6907571328518465,0,1.0,1.0,0.3102882566991738,0.15121654593689016,0.15907171076228366,0.15121654593689104,0.15907171076228277,0.15121654593689104,0.15907171076228277
h3_dense_transfer_0022,h3,dense_transfer_scan,transfer_microscope,1.28,-45.22165537340447,-4.361411027261006,2.6907571328519104,-4.361411027261006,2.6907571328519104,-4.361411027261006,2.6907571328519104,0,1.0,1.0,0.3076402450656559,0.15121654593689993,0.15642369912875598,0.15121654593689993,0.15642369912875598,0.15121654593689993,0.15642369912875598
water_reactant_reference_0000,water,reactant_reference,reactant_reference,5.0,-4139.119228018444,-15.135009322487566,1.9226425033567058,-15.135009322487562,1.9226425033567058,-15.135009322487562,1.9226425033567058,2,1.0,1.0,0.0,0.0,0.0,0.0,0.0,0.0,0.0
water_product_reference_0000,water,product_reference,product_reference,0.96,-4139.119228018612,-15.135009322487566,1.9226425033567058,-15.135009322487562,1.9226425033567058,-15.135009322487562,1.9226425033567058,2,1.0,1.0,-1.6825651982799172e-10,0.0,-1.6825651982799172e-10,0.0,-1.6825651982799172e-10,0.0,-1.6825651982799172e-10
water_dense_transfer_0000,water,dense_transfer_scan,transfer_microscope,1.08,-4137.8034006296875,-10.251368361991826,49.101964457227176,-13.89631471247166,5.6783934331534605,-13.938025554123513,5.176317576032273,1,1.0171272125689206,1.0171272125689206,1.3158273887565883,4.88364096049574,-3.5678135717391513,1.2386946100159015,0.0771327787406868,1.1969837683640492,0.11884362039253915
water_dense_transfer_0001,water,dense_transfer_scan,transfer_microscope,1.1,-4137.898642239152,-11.197135682861441,42.75335328932039,-14.003504623224524,4.960765990365231,-14.034941734859396,4.502935988793893,1,1.0129894671383695,1.0129894671383695,1.220585779292378,3.9378736396261242,-2.7172878603337463,1.1315046992630382,0.08908108002933979,1.1000675876281658,0.12051819166421218
water_dense_transfer_0002,water,dense_transfer_scan,transfer_microscope,1.12,-4137.984025472869,-12.011983594006669,36.040510354088575,-14.10673645395147,4.17018094429103,-14.12889317603424,3.7838469911021253,1,1.0092576078685334,1.0092576078685334,1.1352025455753392,3.123025728480897,-1.987823182905558,1.0282728685360922,0.10692967703924694,1.0061161464533228,0.12908639912201636
water_dense_transfer_0003,water,dense_transfer_scan,transfer_microscope,1.14,-4138.060804366496,-12.693038791500308,29.494036534215724,-14.20438185073861,3.5567122899172787,-14.218858802081595,3.2290545321797066,1,1.00614177916456,1.00614177916456,1.0584236519480328,2.4419705309872572,-1.3835468790392245,0.9306274717489522,0.12779618019908057,0.9161505204059672,0.14227313154206556
water_dense_transfer_0004,water,dense_transfer_scan,transfer_microscope,1.16,-4138.130073393572,-13.246494833235499,23.297118502956177,-14.297626690832256,3.2976017312790984,-14.306295047174427,3.0621753472614865,1,1.003746745566441,1.003746745566441,0.9891546248718441,1.888514489252067,-0.899359864380223,0.8373826316553057,0.15177199321653845,0.8287142753131356,0.16044034955870856
water_dense_transfer_0005,water,dense_transfer_scan,transfer_microscope,1.18,-4138.192784040764,-13.680737621681509,17.624769726070788,-14.38431813412392,2.9137840177193404,-14.388997642449262,2.761762537155945,1,1.0020671535102876,1.0020671535102876,0.9264439776798099,1.454271700806057,-0.5278277231262472,0.7506911883636427,0.17575278931616722,0.7460116800383005,0.18043229764150936
water_dense_transfer_0006,water,dense_transfer_scan,transfer_microscope,1.2,-4138.249761842807,-14.008979503901,12.74282437490324,-14.461962498873877,2.669814122226204,-14.464182373925798,2.667537481037673,1,1.001007490442152,1.001007490442152,0.8694661756371715,1.1260298185865665,-0.25656364294939493,0.6730468236136851,0.19641935202348648,0.6708269485617642,0.19863922707540738
water_dense_transfer_0007,water,dense_transfer_scan,transfer_microscope,1.22,-4138.30172483687,-14.258783617681134,9.515198419678633,-14.512582118031604,3.0818275673111573,-14.51344042085883,3.079586337441895,1,1.0004188137559835,1.0004188137559835,0.817503181574466,0.8762257048064317,-0.058722523231965695,0.622427204455958,0.195075977118508,0.6215689016287325,0.19593427994573354
water_dense_transfer_0008,water,dense_transfer_scan,transfer_microscope,1.24,-4138.349297846798,-14.435002608422934,5.418093153977111,-14.54352147458306,3.006063638245644,-14.543793672019476,3.0051429619542085,1,1.0001404137960745,1.0001404137960745,0.769930171645683,0.7000067140646316,0.06992345758105145,0.5914878479045029,0.17844232374118008,0.5912156504680866,0.17871452117759645
water_dense_transfer_0009,water,dense_transfer_scan,transfer_microscope,1.26,-4138.393021556673,-14.525577851363689,3.0361963514329458,-14.57344122147466,3.0361963514329458,-14.57350288148223,3.0359218682514095,1,1.0000344312803224,1.0000344312803224,0.7262064617707438,0.6094314711238766,0.11677499064686714,0.5615681010129023,0.16463836075784144,0.5615064410053314,0.16470002076541235
water_dense_transfer_0010,water,dense_transfer_scan,transfer_microscope,1.28,-4138.433356238197,-14.583011338362716,3.1308506276987567,-14.605715394058556,3.1308506276987567,-14.605723575230527,3.130802856791975,1,1.0000050778462977,1.0000050778462977,0.6858717802469982,0.5519979841248492,0.133873796122149,0.5292939284290057,0.15657785181799255,0.5292857472570347,0.15658603298996354
water_dense_transfer_0011,water,dense_transfer_scan,transfer_microscope,1.3,-4138.47067864717,-14.628322828875458,3.2506048647543415,-14.641525805172115,3.2506048647543415,-14.64152619159239,3.2506019543256026,1,1.0000002748334484,1.0000002748334484,0.6485493712743846,0.5066864936121078,0.1418628776622768,0.4934835173154468,0.1550658539589378,0.4934831308951715,0.15506624037921313
water_dense_transfer_0012,water,dense_transfer_scan,transfer_microscope,1.32,-4138.505301404755,-14.66685781817602,3.371272107317383,-14.677990372356025,3.3712721073173775,-14.67799037312287,3.3712720999673826,1,1.0000000006481735,1.0000000006481735,0.6139266136888182,0.46815150431154606,0.14577510937727212,0.4570189501315376,0.15690766355728059,0.45701894936469145,0.15690766432412673
water_dense_transfer_0013,water,dense_transfer_scan,transfer_microscope,1.34,-4138.359175758805,-14.70149631550484,3.5000234178152976,-14.701496315504839,3.5000234178153025,-14.701496315504839,3.5000234178153025,1,1.0,1.0,0.7600522596394512,0.4335130069827251,0.3265392526567261,0.4335130069827233,0.3265392526567279,0.4335130069827233,0.3265392526567279
water_dense_transfer_0014,water,dense_transfer_scan,transfer_microscope,1.36,-4138.41223143956,-14.73270733422993,3.6775844988499427,-14.732707334229927,3.67758449884994,-14.732707334229927,3.67758449884994,1,1.0,1.0,0.7069965788841728,0.4023019882576353,0.3046945906265375,0.4023019882576353,0.3046945906265375,0.4023019882576353,0.3046945906265375
water_dense_transfer_0015,water,dense_transfer_scan,transfer_microscope,1.38,-4138.46258794179,-14.76285995899011,3.959223801928695,-14.762859958990111,3.9592238019286916,-14.762859958990111,3.9592238019286916,1,1.0,1.0,0.6566400766541847,0.3721493634974564,0.28449071315672825,0.3721493634974511,0.2844907131567336,0.3721493634974511,0.2844907131567336
water_dense_transfer_0016,water,dense_transfer_scan,transfer_microscope,1.4,-4138.510302873076,-14.795642476173082,4.372000153914582,-14.795642476173079,4.372000153914582,-14.795642476173079,4.372000153914582,1,1.0,1.0,0.6089251453677207,0.33936684631448344,0.26955829905323725,0.33936684631448344,0.26955829905323725,0.33936684631448344,0.26955829905323725
water_dense_transfer_0017,water,dense_transfer_scan,transfer_microscope,1.42,-4138.5554243140605,-14.834494007075929,4.8587655257401,-14.834494007075923,4.858765525740102,-14.834494007075923,4.858765525740102,1,1.0,1.0,0.5638037043836448,0.3005153154116371,0.2632883889720077,0.3005153154116389,0.2632883889720059,0.3005153154116389,0.2632883889720059
water_dense_transfer_0018,water,dense_transfer_scan,transfer_microscope,1.44,-4138.598031232143,-14.880480607038972,5.252501061253236,-14.880480607038974,5.252501061253238,-14.880480607038974,5.252501061253238,1,1.0,1.0,0.5211967863015161,0.25452871544859335,0.26666807085292277,0.254528715448588,0.2666680708529281,0.254528715448588,0.2666680708529281
water_dense_transfer_0019,water,dense_transfer_scan,transfer_microscope,1.46,-4138.638147471282,-14.93046239725427,5.338459170643463,-14.930462397254267,5.338459170643465,-14.930462397254267,5.338459170643465,1,1.0,1.0,0.4810805471624917,0.20454692523329498,0.2765336219291967,0.20454692523329498,0.2765336219291967,0.20454692523329498,0.2765336219291967
water_dense_transfer_0020,water,dense_transfer_scan,transfer_microscope,1.48,-4138.675826062988,-14.977394087484925,4.999923791657948,-14.977394087484923,4.999923791657945,-14.977394087484923,4.999923791657945,1,1.0,1.0,0.44340195545646566,0.15761523500264119,0.28578672045382447,0.1576152350026394,0.28578672045382625,0.1576152350026394,0.28578672045382625
water_dense_transfer_0021,water,dense_transfer_scan,transfer_microscope,1.5,-4138.7112036449325,-15.01349856127079,4.327736796567168,-15.013498561270787,4.327736796567168,-15.013498561270787,4.327736796567168,1,1.0,1.0,0.40802437351158005,0.12151076121677562,0.28651361229480443,0.12151076121677562,0.28651361229480443,0.12151076121677562,0.28651361229480443
water_dense_transfer_0022,water,dense_transfer_scan,transfer_microscope,1.52,-4138.744332962799,-15.034122974778445,4.121718404303991,-15.034122974778443,4.121718404303994,-15.034122974778443,4.121718404303994,1,1.0,1.0,0.3748950556455384,0.10088634770912108,0.2740087079364173,0.1008863477091193,0.27400870793641907,0.1008863477091193,0.27400870793641907
water_dense_transfer_0023,water,dense_transfer_scan,transfer_microscope,1.54,-4138.775243356848,-15.039030186499854,4.121722291126184,-15.03903018649985,4.121722291126184,-15.03903018649985,4.121722291126184,0,1.0,1.0,0.3439846615965507,0.09597913598771157,0.24800552560883915,0.09597913598771157,0.24800552560883915,0.09597913598771157,0.24800552560883915
water_dense_transfer_0024,water,dense_transfer_scan,transfer_microscope,1.56,-4138.804090220661,-15.039030186499854,4.121722291126184,-15.039030186499854,4.121722291126184,-15.039030186499854,4.121722291126184,0,1.0,1.0,0.31513779778288153,0.09597913598771157,0.21915866179516996,0.09597913598770802,0.21915866179517351,0.09597913598770802,0.21915866179517351
water_dense_transfer_0025,water,dense_transfer_scan,transfer_microscope,1.58,-4138.830993008928,-15.039030186499854,4.121722291126184,-15.03903018649985,4.121722291126184,-15.03903018649985,4.121722291126184,0,1.0,1.0,0.2882350095160291,0.09597913598771157,0.19225587352831752,0.09597913598771157,0.19225587352831752,0.09597913598771157,0.19225587352831752
water_dense_transfer_0026,water,dense_transfer_scan,transfer_microscope,1.6,-4138.855954871499,-15.039030186499858,4.121722291126154,-15.039030186499858,4.121722291126154,-15.039030186499858,4.121722291126154,0,1.0,1.0,0.26327314694481174,0.09597913598770802,0.16729401095710372,0.09597913598770447,0.16729401095710728,0.09597913598770447,0.16729401095710728
water_dense_transfer_0027,water,dense_transfer_scan,transfer_microscope,1.62,-4138.879066206727,-15.039030186499854,4.121722291126184,-15.03903018649985,4.121722291126184,-15.03903018649985,4.121722291126184,0,1.0,1.0,0.24016181171737117,0.09597913598771157,0.1441826757296596,0.09597913598771157,0.1441826757296596,0.09597913598771157,0.1441826757296596
water_dense_transfer_0028,water,dense_transfer_scan,transfer_microscope,1.64,-4138.900530246584,-15.039030186499854,4.121722291126184,-15.03903018649985,4.121722291126184,-15.03903018649985,4.121722291126184,0,1.0,1.0,0.21869777186020656,0.09597913598771157,0.12271863587249499,0.09597913598771157,0.12271863587249499,0.09597913598771157,0.12271863587249499
formaldehyde_reactant_reference_0000,formaldehyde,reactant_reference,reactant_reference,5.0,-3128.712103255752,-15.278360339065301,0.5909819377292651,-15.278360339065301,0.5909819377292651,-15.278360339065301,0.5909819377292651,0,1.0,1.0,0.0,0.0,0.0,0.0,0.0,0.0,0.0
formaldehyde_product_reference_0000,formaldehyde,product_reference,product_reference,0.74144,-3129.2079963042843,-15.716946152270506,2.191602494879618,-15.71694615227051,2.191602494879618,-15.71694615227051,2.191602494879618,0,1.0,1.0,-0.4958930485322526,-0.4385858132052043,-0.05730723532704829,-0.43858581320520784,-0.05730723532704474,-0.43858581320520784,-0.05730723532704474
formaldehyde_dense_transfer_0000,formaldehyde,dense_transfer_scan,transfer_microscope,0.84,-3128.5198545859234,-15.558696945785833,2.6316801209237517,-15.55869694578583,2.631680120923752,-15.538664016768227,2.7043599590246266,1,0.9866996774914816,0.9866996774914816,0.19224866982858657,-0.28033660672053173,0.4725852765491183,-0.2803366067205282,0.47258527654911475,-0.2603036777029253,0.45255234753151186
formaldehyde_dense_transfer_0001,formaldehyde,dense_transfer_scan,transfer_microscope,0.86,-3128.538540172527,-15.559440092718688,2.5725886686764743,-15.559440092718685,2.5725886686764743,-15.538664043632654,2.644453861419465,1,0.9866996774914808,0.9866996774914808,0.1735630832249626,-0.2810797536533869,0.4546428368783495,-0.28107975365338334,0.45464283687834595,-0.2603037045673524,0.433866787792315
formaldehyde_dense_transfer_0002,formaldehyde,dense_transfer_scan,transfer_microscope,0.88,-3128.550174803572,-15.556813972424663,2.450350882842982,-15.556813972424658,2.450350882842985,-15.535320872925945,2.520256398367041,1,0.986699677491481,0.986699677491481,0.1619284521798363,-0.27845363335936213,0.44038208553919844,-0.2784536333593568,0.4403820855391931,-0.256960533860644,0.4188889860404803
formaldehyde_dense_transfer_0003,formaldehyde,dense_transfer_scan,transfer_microscope,0.9,-3128.5556879220735,-15.551737835616917,2.272943401749538,-15.551737835616919,2.2729434017495347,-15.529562855899044,2.339665891439368,1,0.986699677491481,0.986699677491481,0.1564153336785239,-0.2733774965516158,0.4297928302301397,-0.2733774965516176,0.4297928302301415,-0.25120251683374306,0.40761785051226695
formaldehyde_dense_transfer_0004,formaldehyde,dense_transfer_scan,transfer_microscope,0.92,-3128.55591278455,-15.545000454999599,2.0486185376871764,-15.545000454999599,2.0486185376871737,-15.522187633549933,2.1108525679021524,1,0.9866996774914816,0.9866996774914816,0.15619047120208052,-0.2666401159342975,0.422830587136378,-0.2666401159342975,0.422830587136378,-0.2438272944846318,0.4000177656867123
formaldehyde_dense_transfer_0005,formaldehyde,dense_transfer_scan,transfer_microscope,0.94,-3128.551597634878,-15.51744796023918,4.693763148681336,-15.517447960239178,4.693763148681331,-15.494047479238734,4.757212281275754,1,0.986699677491481,0.986699677491481,0.1605056208741189,-0.23908762117387816,0.39959324204799707,-0.23908762117387639,0.3995932420479953,-0.21568714017343282,0.3761927610475517
formaldehyde_dense_transfer_0006,formaldehyde,dense_transfer_scan,transfer_microscope,0.96,-3128.543415087589,-15.411326242890178,7.919097300900442,-15.411326242890182,7.919097300900438,-15.387475776524683,7.966890591875476,1,0.9866996774914816,0.9866996774914816,0.16868816816304388,-0.13296590382487672,0.3016540719879206,-0.13296590382488027,0.30165407198792415,-0.10911543745938168,0.27780360562242556
formaldehyde_dense_transfer_0007,formaldehyde,dense_transfer_scan,transfer_microscope,0.98,-3128.531969909391,-15.24269966438927,9.68939712340243,-15.24269966438927,9.689397123402422,-15.21882419903094,9.69675225808157,1,0.9866996774914816,0.9866996774914816,0.18013334636088985,0.035660674676030624,0.14447267168485922,0.035660674676030624,0.14447267168485922,0.059536140034360585,0.12059720632652926
formaldehyde_dense_transfer_0008,formaldehyde,dense_transfer_scan,transfer_microscope,1.0,-3128.5178057548574,-15.039367476191604,10.523046905087675,-15.039367476191604,10.523046905087677,-15.016345963540328,10.449430638812986,1,0.9866996774914808,0.9866996774914808,0.19429750089466324,0.23899286287369748,-0.04469536197903423,0.23899286287369748,-0.04469536197903423,0.26201437552497353,-0.06771687463031029
formaldehyde_dense_transfer_0009,formaldehyde,dense_transfer_scan,transfer_microscope,1.02,-3128.501410733337,-14.832105986433087,9.955966643077112,-14.832105986433085,9.955966643077112,-14.81133173472962,9.802403874560044,1,0.986699677491481,0.986699677491481,0.21069252241522918,0.4462543526322147,-0.2355618302169855,0.44625435263221647,-0.2355618302169873,0.46702860433568105,-0.2563360819204519
formaldehyde_dense_transfer_0010,formaldehyde,dense_transfer_scan,transfer_microscope,1.04,-3128.4832223753433,-14.650050721577951,8.058153508504857,-14.650050721577955,8.058153508504857,-14.633159298412277,7.827194716727839,1,0.9866996774914812,0.9866996774914812,0.2288808804087239,0.6283096174873499,-0.39942873707862603,0.6283096174873464,-0.3994287370786225,0.6452010406530242,-0.4163201602443003
formaldehyde_dense_transfer_0011,formaldehyde,dense_transfer_scan,transfer_microscope,1.06,-3128.4636319179363,-14.515838869356884,5.255116751662675,-14.515838869356884,5.255116751662671,-14.504006570702334,4.990615808240393,1,0.986699677491481,0.986699677491481,0.24847133781577213,0.7625214697084175,-0.5140501318926454,0.7625214697084175,-0.5140501318926454,0.7743537683629675,-0.5258824305471954
formaldehyde_dense_transfer_0012,formaldehyde,dense_transfer_scan,transfer_microscope,1.08,-3128.4429880506914,-14.442230060235422,5.427789828017845,-14.442230060235424,5.427789828017846,-14.435455437382913,5.520169949758601,1,0.986699677491481,0.986699677491481,0.26911520506064335,0.836130278829879,-0.5670150737692357,0.8361302788298772,-0.5670150737692339,0.8429049016823882,-0.5737896966217448
formaldehyde_dense_transfer_0013,formaldehyde,dense_transfer_scan,transfer_microscope,1.1,-3128.4216002995377,-14.429757675176802,6.533361513372847,-14.429757675176802,6.533361513372848,-14.426805586212971,6.689956718192877,1,0.9866996774914816,0.9866996774914816,0.29050295621436817,0.8486026638884994,-0.5580997076741312,0.8486026638884994,-0.5580997076741312,0.85155475285233,-0.5610517966379618
formaldehyde_dense_transfer_0014,formaldehyde,dense_transfer_scan,transfer_microscope,1.12,-3128.39974217119,-14.464139427896114,8.56611631382093,-14.464139427896114,8.566116313820931,-14.463271296755778,8.633413712069538,1,0.9866996774914808,0.9866996774914808,0.3123610845618714,0.8142209111691869,-0.5018598266073155,0.8142209111691869,-0.5018598266073155,0.8150890423095234,-0.502727957747652
formaldehyde_dense_transfer_0015,formaldehyde,dense_transfer_scan,transfer_microscope,1.14,-3128.3776541406205,-14.517834876554625,8.850718910127103,-14.517834876554627,8.850718910127101,-14.517700625450395,8.866896019287983,1,0.986699677491481,0.986699677491481,0.33444911513151965,0.7605254625106763,-0.4260763473791567,0.7605254625106745,-0.4260763473791549,0.7606597136149063,-0.4262105984833866
formaldehyde_dense_transfer_0016,formaldehyde,dense_transfer_scan,transfer_microscope,1.16,-3128.3555460209095,-14.562058332894386,7.871555698003327,-14.562058332894392,7.871555698003328,-14.562052810635091,7.872791217979036,1,0.986699677491481,0.986699677491481,0.3565572348425121,0.7163020061709151,-0.359744771328403,0.7163020061709098,-0.35974477132839766,0.7163075284302103,-0.35975029358769817
formaldehyde_dense_transfer_0017,formaldehyde,dense_transfer_scan,transfer_microscope,1.18,-3128.333599197464,-14.589142343857834,6.357067480732649,-14.589142343857834,6.35706748073265,-14.589142342706598,6.357068577302273,1,0.9866996774914812,0.9866996774914812,0.37850405828794464,0.6892179952074677,-0.3107139369195231,0.6892179952074677,-0.3107139369195231,0.6892179963587033,-0.31071393807075864
formaldehyde_dense_transfer_0018,formaldehyde,dense_transfer_scan,transfer_microscope,1.2,-3128.311969440319,-14.591098904675368,5.9653491211002985,-14.591098904675368,5.965349121100297,-14.591098904675368,5.965349121100297,0,1.0,1.0,0.40013381543303694,0.6872614343899333,-0.2871276189568963,0.6872614343899333,-0.2871276189568963,0.6872614343899333,-0.2871276189568963
formaldehyde_dense_transfer_0019,formaldehyde,dense_transfer_scan,transfer_microscope,1.22,-3128.290789258928,-14.591098904675338,5.965349121100797,-14.591098904675345,5.965349121100797,-14.591098904675345,5.965349121100797,0,1.0,1.0,0.42131399682421034,0.6872614343899635,-0.2659474375657531,0.6872614343899563,-0.265947437565746,0.6872614343899563,-0.265947437565746
formaldehyde_dense_transfer_0020,formaldehyde,dense_transfer_scan,transfer_microscope,1.24,-3128.2701691997395,-14.591098904675368,5.965349121100152,-14.591098904675366,5.965349121100152,-14.591098904675366,5.965349121100152,0,1.0,1.0,0.441934056012542,0.6872614343899333,-0.24532737837739127,0.687261434389935,-0.24532737837739305,0.687261434389935,-0.24532737837739305
formaldehyde_dense_transfer_0021,formaldehyde,dense_transfer_scan,transfer_microscope,1.26,-3128.2501994565037,-14.591098904675368,5.9653491211002985,-14.591098904675368,5.965349121100297,-14.591098904675368,5.965349121100297,0,1.0,1.0,0.46190379924837544,0.6872614343899333,-0.22535763514155782,0.6872614343899333,-0.22535763514155782,0.6872614343899333,-0.22535763514155782
formaldehyde_dense_transfer_0022,formaldehyde,dense_transfer_scan,transfer_microscope,1.28,-3128.230952639451,-14.591098904675368,5.9653491211002985,-14.591098904675368,5.965349121100297,-14.591098904675368,5.965349121100297,0,1.0,1.0,0.48115061630096534,0.6872614343899333,-0.20611081808896792,0.6872614343899333,-0.20611081808896792,0.6872614343899333,-0.20611081808896792
methane_reactant_reference_0000,methane,reactant_reference,reactant_reference,5.0,-1115.7861627576292,-18.182950505049764,0.11656616129667796,-18.182950505049764,0.11656616129667796,-18.182950505049764,0.11656616129667796,0,1.0,1.0,0.0,0.0,0.0,0.0,0.0,0.0,0.0
methane_product_reference_0000,methane,product_reference,product_reference,0.74144,-1115.2449136524867,-18.127770065517772,0.6617167972363598,-18.127770065517776,0.6617167972363598,-18.127770065517776,0.6617167972363598,0,1.0,1.0,0.5412491051424695,0.055180439531991254,0.48606866561047823,0.0551804395319877,0.4860686656104818,0.0551804395319877,0.4860686656104818
methane_dense_transfer_0000,methane,dense_transfer_scan,transfer_microscope,0.84,-1115.0840765090138,-17.77977154926787,2.2221281595753943,-17.779771549267874,2.222128159575396,-17.779771549267874,2.222128159575396,1,1.0,1.0,0.7020862486153874,0.4031789557818932,0.29890729283349415,0.40317895578188967,0.2989072928334977,0.40317895578188967,0.2989072928334977
methane_dense_transfer_0001,methane,dense_transfer_scan,transfer_microscope,0.86,-1115.1062736163965,-17.805657540714865,1.8357162281261044,-17.805657540714858,1.835716228126108,-17.805657540714858,1.835716228126108,1,1.0,1.0,0.6798891412327066,0.3772929643348988,0.3025961768978078,0.3772929643349059,0.3025961768978007,0.3772929643349059,0.3025961768978007
methane_dense_transfer_0002,methane,dense_transfer_scan,transfer_microscope,0.88,-1115.1218533049846,-17.828843377451822,1.4392995184870525,-17.828843377451815,1.439299518487056,-17.828843377451815,1.439299518487056,1,1.0,1.0,0.6643094526446021,0.35410712759794194,0.3102023250466601,0.35410712759794905,0.310202325046653,0.35410712759794905,0.310202325046653
methane_dense_transfer_0003,methane,dense_transfer_scan,transfer_microscope,0.9,-1115.1317447119097,-17.85003277099601,1.036763659427054,-17.85003277099601,1.0367636594270557,-17.85003277099601,1.0367636594270557,1,1.0,1.0,0.654418045719467,0.3329177340537548,0.32150031166571225,0.3329177340537548,0.32150031166571225,0.3329177340537548,0.32150031166571225
methane_dense_transfer_0004,methane,dense_transfer_scan,transfer_microscope,0.92,-1115.1367783041985,-17.869778291856434,0.9586406288203004,-17.86977829185643,0.9586406288202987,-17.86977829185643,0.9586406288202987,1,1.0,1.0,0.6493844534306845,0.31317221319332944,0.3362122402373551,0.313172213193333,0.3362122402373515,0.313172213193333,0.3362122402373515
methane_dense_transfer_0005,methane,dense_transfer_scan,transfer_microscope,0.94,-1115.1376964158392,-17.871884198969067,1.6105334264528608,-17.87188419896907,1.6105334264528617,-17.87188419896907,1.6105334264528617,1,1.0,1.0,0.6484663417900265,0.3110663060806971,0.3374000357093294,0.3110663060806935,0.33740003570933297,0.3110663060806935,0.33740003570933297
methane_dense_transfer_0006,methane,dense_transfer_scan,transfer_microscope,0.96,-1115.1351620745086,-17.809137742912746,4.550754652485845,-17.80913774291274,4.5507546524858435,-17.80913774291274,4.5507546524858435,1,1.0,1.0,0.6510006831206283,0.37381276213701753,0.2771879209836108,0.37381276213702463,0.2771879209836037,0.37381276213702463,0.2771879209836037
methane_dense_transfer_0007,methane,dense_transfer_scan,transfer_microscope,0.98,-1115.1297664497174,-17.69771142417336,6.382863116445152,-17.697711424173352,6.382863116445154,-17.697711424173352,6.382863116445154,1,1.0,1.0,0.6563963079117912,0.4852390808764042,0.17115722703538694,0.4852390808764113,0.17115722703537983,0.4852390808764113,0.17115722703537983
methane_dense_transfer_0008,methane,dense_transfer_scan,transfer_microscope,1.0,-1115.1220352724151,-17.56220177615328,6.96642795466994,-17.56220177615328,6.9664279546699515,-17.56220177615328,6.9664279546699515,1,1.0,1.0,0.6641274852140668,0.6207487288964835,0.04337875631758337,0.6207487288964835,0.04337875631758337,0.6207487288964835,0.04337875631758337
methane_dense_transfer_0009,methane,dense_transfer_scan,transfer_microscope,1.02,-1115.1124344217199,-17.426385151601373,6.455156927521183,-17.426385151601366,6.455156927521186,-17.426385151601366,6.455156927521186,1,1.0,1.0,0.6737283359093453,0.7565653534483907,-0.08283701753904538,0.7565653534483978,-0.08283701753905248,0.7565653534483978,-0.08283701753905248
methane_dense_transfer_0010,methane,dense_transfer_scan,transfer_microscope,1.04,-1115.1013749950237,-17.309380968558827,5.134336818546609,-17.309380968558827,5.134336818546601,-17.309380968558827,5.134336818546601,1,1.0,1.0,0.6847877626055379,0.8735695364909368,-0.18878177388539896,0.8735695364909368,-0.18878177388539896,0.8735695364909368,-0.18878177388539896
methane_dense_transfer_0011,methane,dense_transfer_scan,transfer_microscope,1.06,-1115.0892179309435,-17.224700641420462,5.713862165471115,-17.224700641420462,5.713862165471114,-17.224700641420462,5.713862165471114,1,1.0,1.0,0.6969448266856944,0.9582498636293018,-0.2613050369436074,0.9582498636293018,-0.2613050369436074,0.9582498636293018,-0.2613050369436074
methane_dense_transfer_0012,methane,dense_transfer_scan,transfer_microscope,1.08,-1115.0762782082288,-17.181435970572753,6.491614426033465,-17.18143597057275,6.491614426033466,-17.18143597057275,6.491614426033466,1,1.0,1.0,0.7098845494003854,1.0015145344770104,-0.2916299850766251,1.001514534477014,-0.29162998507662863,1.001514534477014,-0.29162998507662863
methane_dense_transfer_0013,methane,dense_transfer_scan,transfer_microscope,1.1,-1115.0628288215808,-17.1830990689889,8.26682631421302,-17.18309906898889,8.266826314213022,-17.18309906898889,8.266826314213022,1,1.0,1.0,0.7233339360484479,0.9998514360608652,-0.27651750001241737,0.9998514360608723,-0.2765175000124245,0.9998514360608723,-0.2765175000124245
methane_dense_transfer_0014,methane,dense_transfer_scan,transfer_microscope,1.12,-1115.0491047991832,-17.222030690109584,9.960853692345939,-17.22203069010958,9.96085369234594,-17.22203069010958,9.96085369234594,1,1.0,1.0,0.7370579584460302,0.9609198149401799,-0.2238618564941497,0.9609198149401834,-0.22386185649415324,0.9609198149401834,-0.22386185649415324
methane_dense_transfer_0015,methane,dense_transfer_scan,transfer_microscope,1.14,-1115.0353068001518,-17.276578131699047,10.153199215269447,-17.27657813169905,10.153199215269447,-17.27657813169905,10.153199215269447,1,1.0,1.0,0.7508559574773699,0.9063723733507167,-0.15551641587334686,0.9063723733507132,-0.1555164158733433,0.9063723733507132,-0.1555164158733433
methane_dense_transfer_0016,methane,dense_transfer_scan,transfer_microscope,1.16,-1115.0216040343857,-17.320867163429227,9.162709499966098,-17.320867163429217,9.1627094999661,-17.320867163429217,9.1627094999661,1,1.0,1.0,0.7645587232434536,0.8620833416205365,-0.09752461837708282,0.8620833416205471,-0.09752461837709347,0.8620833416205471,-0.09752461837709347
methane_dense_transfer_0017,methane,dense_transfer_scan,transfer_microscope,1.18,-1115.0081373816533,-17.31611574384323,9.771702964393613,-17.31611574384323,9.771702964393613,-17.31611574384323,9.771702964393613,1,1.0,1.0,0.778025375975858,0.8668347612065332,-0.08880938523067528,0.8668347612065332,-0.08880938523067528,0.8668347612065332,-0.08880938523067528
methane_dense_transfer_0018,methane,dense_transfer_scan,transfer_microscope,1.2,-1114.995023136077,-17.310251590157385,9.994123624417636,-17.31025159015739,9.994123624417636,-17.31025159015739,9.994123624417636,0,1.0,1.0,0.7911396215522473,0.8726989148923785,-0.08155929334013123,0.8726989148923749,-0.08155929334012768,0.8726989148923749,-0.08155929334012768
methane_dense_transfer_0019,methane,dense_transfer_scan,transfer_microscope,1.22,-1114.9823559001202,-17.310251590157385,9.994123624417636,-17.31025159015739,9.994123624417636,-17.31025159015739,9.994123624417636,0,1.0,1.0,0.8038068575090165,0.8726989148923785,-0.06889205738336202,0.8726989148923749,-0.06889205738335846,0.8726989148923749,-0.06889205738335846
methane_dense_transfer_0020,methane,dense_transfer_scan,transfer_microscope,1.24,-1114.9702099342373,-17.31025159015738,9.994123624417636,-17.31025159015738,9.994123624417636,-17.31025159015738,9.994123624417636,0,1.0,1.0,0.8159528233918536,0.872698914892382,-0.05674609150052845,0.872698914892382,-0.05674609150052845,0.872698914892382,-0.05674609150052845
methane_dense_transfer_0021,methane,dense_transfer_scan,transfer_microscope,1.26,-1114.958641034212,-17.310251590157417,9.994123624416869,-17.310251590157414,9.994123624416869,-17.310251590157414,9.994123624416869,0,1.0,1.0,0.8275217234172487,0.8726989148923465,-0.0451771914750978,0.8726989148923501,-0.04517719147510135,0.8726989148923501,-0.04517719147510135
methane_dense_transfer_0022,methane,dense_transfer_scan,transfer_microscope,1.28,-1114.9476902637427,-17.310251590157385,9.994123624417636,-17.31025159015739,9.994123624417636,-17.31025159015739,9.994123624417636,0,1.0,1.0,0.8384724938864565,0.8726989148923785,-0.03422642100592199,0.8726989148923749,-0.03422642100591844,0.8726989148923749,-0.03422642100591844
