reaction_id,atom_count,reference_barrier_eV,model_barrier_eV,barrier_error_eV,reference_reaction_eV,model_reaction_eV,reaction_error_eV,barrier_sign_agrees,element_counts,formula,reactant_composition,product_composition,reactant_components,product_components,primary_class,failure_family,tags,formed_bonds,broken_bonds,formed_bond_types,broken_bond_types,ts_formed_bonds,ts_broken_bonds,barrier_abs_error_rank,reaction_abs_error_rank,top_barrier_failure,top_reaction_failure
rxn000025,16,4.219135949198062,8.644561927841437,4.425425978643375,1.8771555015418926,6.430223612398144,4.553068110856252,True,"{""C"":5,""H"":10,""O"":1}",C5H10O,C5H10O,C5H8O + H2,"[[0,1,2,3,4,5,6,7,8,9,10,11,12,13,14,15]]","[[0,1,2,3,4,5,7,8,9,10,12,13,14,15],[6,11]]",H transfer (C/O-H -> H-H),hydrogen transfer,"[""H transfer"",""O chemistry"",""fragmentation""]","[""H6-H11@0.747A""]","[""O0-H6@0.959A"",""C1-C2@1.528A"",""C3-H11@1.092A""]","{""H-H"":1}","{""H-O"":1,""C-C"":1,""C-H"":1}","[""H6-H11@0.863A""]","[""O0-H6@0.959A"",""C1-C2@1.528A"",""C3-H11@1.092A""]",74,62,False,False
rxn000036,16,5.674238123448049,8.895323229727872,3.2210851062798227,1.0307609081582996,3.8218093714992563,2.7910484633409567,True,"{""C"":5,""H"":10,""O"":1}",C5H10O,C5H10O,C5H10O,"[[0,1,2,3,4,5,6,7,8,9,10,11,12,13,14,15]]","[[0,1,2,3,4,5,6,7,8,9,10,11,12,13,14,15]]",H transfer (C-H -> C-H),hydrogen transfer,"[""H transfer""]","[""C1-C3@1.491A"",""C5-H11@1.092A""]","[""C1-C5@1.530A"",""C3-H11@1.092A""]","{""C-C"":1,""C-H"":1}","{""C-C"":1,""C-H"":1}","[""C5-H11@1.233A""]","[""C1-C5@1.530A"",""C3-H11@1.092A""]",97,111,False,False
rxn000096,13,3.4260332122103136,-18.541572479266094,-21.967605691476408,0.1468433016043491,-28.103491869454594,-28.250335171058943,False,"{""C"":5,""H"":7,""N"":1}",C5H7N,C5H7N,C5H7N,"[[0,1,2,3,4,5,6,7,8,9,10,11,12]]","[[0,1,2,3,4,5,6,7,8,9,10,11,12]]",multi-bond dissociation,bond formation/dissociation,"[""N chemistry""]",[],"[""C0-C1@1.509A"",""C4-N5@1.546A""]",{},"{""C-C"":1,""C-N"":1}",[],"[""C4-N5@1.546A""]",4,3,True,True
rxn000105,13,3.9327022416682667,3.7282029072896137,-0.20449933437865297,2.168378407610362,3.0205534842082074,0.8521750765978453,True,"{""C"":5,""H"":7,""N"":1}",C5H7N,C5H7N,C5H5N + H2,"[[0,1,2,3,4,5,6,7,8,9,10,11,12]]","[[0,1,2,3,4,5,6,8,9,10,12],[7,11]]",H transfer (C/N-H -> H-H),hydrogen transfer,"[""H transfer"",""N chemistry"",""fragmentation""]","[""H7-H11@0.747A""]","[""C0-H7@1.084A"",""C1-C5@1.557A"",""N4-H11@1.011A""]","{""H-H"":1}","{""C-H"":1,""C-C"":1,""H-N"":1}","[""H7-H11@0.874A""]","[""C0-H7@1.084A"",""C1-C5@1.557A"",""N4-H11@1.011A""]",194,172,False,False
rxn000183,11,3.7506356373378367,5.724651452397929,1.974015815060092,2.9561442733765944,5.878545783347057,2.922401509970463,True,"{""C"":4,""H"":6,""O"":1}",C4H6O,C4H6O,C4H4O + H2,"[[0,1,2,3,4,5,6,7,8,9,10]]","[[0,1,2,3,4,5,6,9,10],[7,8]]",H transfer (C-H -> H-H),hydrogen transfer,"[""H transfer"",""fragmentation""]","[""H7-H8@0.748A""]","[""C2-H7@1.097A"",""C2-H8@1.097A""]","{""H-H"":1}","{""C-H"":2}",[],"[""C2-H7@1.097A""]",138,105,False,False
rxn000206,9,3.3346998977067415,9.979613216407223,6.644913318700482,3.0731845817490466,7.282261866877867,4.209077285128821,True,"{""C"":3,""H"":4,""O"":2}",C3H4O2,C3H4O2,C3H4O2,"[[0,1,2,3,4,5,6,7,8]]","[[0,1,2,3,4,5,6,7,8]]",H transfer (C-H -> O-H),hydrogen transfer,"[""H transfer"",""O chemistry"",""geometrically high coordination""]","[""O4-H7@0.963A""]","[""C3-H7@1.085A""]","{""H-O"":1}","{""C-H"":1}","[""O4-H7@1.093A""]",[],45,70,True,False
rxn000315,9,3.1584538796450943,1.4601708421312374,-1.698283037513857,2.2540860020235414,-2.4380449186691493,-4.692130920692691,True,"{""C"":3,""H"":3,""N"":1,""O"":2}",C3H3NO2,C3H3NO2,C3H3NO2,"[[0,1,2,3,4,5,6,7,8]]","[[0,1,2,3,4,5,6,7,8]]",H transfer (C-H -> C-H),hydrogen transfer,"[""H transfer""]","[""C5-H7@1.093A""]","[""C4-H7@1.079A""]","{""C-H"":1}","{""C-H"":1}","[""C5-H7@1.335A""]",[],144,59,False,False
rxn000322,10,3.8335299989103078,6.787997361908232,2.9544673629979243,2.384126642696174,7.599382575841332,5.2152559331451585,True,"{""C"":3,""H"":5,""N"":1,""O"":1}",C3H5NO,C3H5NO,C2H3N + CO + H2,"[[0,1,2,3,4,5,6,7,8,9]]","[[2,3,4,6,7,9],[0,1],[5,8]]",H transfer (C-H -> H-H),hydrogen transfer,"[""H transfer"",""N chemistry"",""fragmentation""]","[""H5-H8@0.746A""]","[""C1-N2@1.380A"",""C1-H5@1.104A"",""C4-H8@1.084A""]","{""H-H"":1}","{""C-N"":1,""C-H"":2}","[""H5-H8@0.866A""]","[""C1-N2@1.380A"",""C1-H5@1.104A"",""C4-H8@1.084A""]",111,50,False,True
rxn000354,8,3.7413549518769287,-0.3831098468445866,-4.124464798721515,3.483341822962757,-3.9471932102843965,-7.430535033247153,False,"{""C"":2,""H"":3,""N"":3}",C2H3N3,C2H3N3,C2H3N3,"[[0,1,2,3,4,5,6,7]]","[[0,1,2,3,4,5,6,7]]",H transfer (C-H -> C-H),hydrogen transfer,"[""H transfer""]","[""C1-H7@1.093A""]","[""C2-H7@1.077A""]","{""C-H"":1}","{""C-H"":1}","[""C1-H7@1.191A""]","[""C2-H7@1.077A""]",80,25,False,True
rxn000389,14,4.938821193285548,8.145636625066686,3.2068154317811377,1.2220864587743563,5.745495988773456,4.5234095299991,True,"{""C"":4,""H"":8,""O"":2}",C4H8O2,C4H8O2,C3H4O + CH4O,"[[0,1,2,3,4,5,6,7,8,9,10,11,12,13]]","[[1,2,4,5,9,10,11,13],[0,3,6,7,8,12]]",bond rearrangement,bond rearrangement,"[""O chemistry"",""fragmentation"",""rearrangement""]","[""C0-O3@1.413A""]","[""C0-C1@1.522A"",""C2-O3@1.397A""]","{""C-O"":1}","{""C-C"":1,""C-O"":1}",[],"[""C0-C1@1.522A""]",99,63,False,False
rxn000408,10,5.465216752571905,2.7344552768186823,-2.730761475753223,0.9962678774063534,-6.124795794056432,-7.121063671462785,True,"{""C"":2,""H"":4,""N"":4}",C2H4N4,C2H4N4,C2H4N2 + N2,"[[0,1,2,3,4,5,6,7,8,9]]","[[0,1,2,5,6,7,8,9],[3,4]]",bond rearrangement,bond rearrangement,"[""N chemistry"",""fragmentation"",""rearrangement""]","[""C0-N5@1.463A""]","[""C0-N1@1.446A"",""C2-N3@1.307A"",""N4-N5@1.280A""]","{""C-N"":1}","{""C-N"":2,""N-N"":1}",[],"[""C2-N3@1.307A"",""N4-N5@1.280A""]",116,29,False,True
rxn000409,10,1.5867235053010518,-1.1659976864642587,-2.7527211917653105,0.825012359550783,-1.6868927192546401,-2.511905078805423,False,"{""C"":2,""H"":4,""N"":4}",C2H4N4,C2H4N4,C2H4N4,"[[0,1,2,3,4,5,6,7,8,9]]","[[0,1,2,3,4,5,6,7,8,9]]",N-N dissociation,bond formation/dissociation,"[""N chemistry""]",[],"[""N1-N5@1.334A""]",{},"{""N-N"":1}",[],"[""N1-N5@1.334A""]",115,122,False,False
rxn000445,10,3.298823040069692,-0.09592855746041096,-3.394751597530103,1.0736912074571592,-1.6076160838280202,-2.6813072912851794,False,"{""C"":3,""H"":4,""N"":2,""O"":1}",C3H4N2O,C3H4N2O,C3H4N2O,"[[0,1,2,3,4,5,6,7,8,9]]","[[0,1,2,3,4,5,6,7,8,9]]",H transfer (O-H -> C-H),hydrogen transfer,"[""H transfer"",""O chemistry""]","[""C5-H6@1.093A""]","[""O0-H6@0.958A""]","{""C-H"":1}","{""H-O"":1}","[""C1-H6@1.162A""]","[""O0-H6@0.958A""]",92,113,False,False
rxn000501,11,3.397666558397759,-3.0236396680451705,-6.42130622644293,3.108814463404997,-0.6086314927187431,-3.71744595612374,False,"{""C"":4,""H"":6,""O"":1}",C4H6O,C4H6O,C4H6O,"[[0,1,2,3,4,5,6,7,8,9,10]]","[[0,1,2,3,4,5,6,7,8,9,10]]",H transfer (C-H -> C-H),hydrogen transfer,"[""H transfer"",""O chemistry""]","[""O0-C4@1.832A"",""C3-H10@1.091A""]","[""C3-C4@1.551A"",""C4-H10@1.092A""]","{""C-O"":1,""C-H"":1}","{""C-C"":1,""C-H"":1}","[""C3-H10@1.141A""]","[""C3-C4@1.551A"",""C4-H10@1.092A""]",47,92,True,False
rxn000746,11,4.247400424255829,8.59612489666241,4.34872447240658,2.460235099516467,9.077897637757161,6.617662538240694,True,"{""C"":4,""H"":5,""N"":1,""O"":1}",C4H5NO,C4H5NO,C4H5NO,"[[0,1,2,3,4,5,6,7,8,9,10]]","[[0,1,2,3,4,5,6,7,8,9,10]]",bond rearrangement,bond rearrangement,"[""N chemistry"",""O chemistry"",""rearrangement""]","[""O0-C4@1.321A"",""C3-N5@1.548A""]","[""C2-C3@1.525A""]","{""C-O"":1,""C-N"":1}","{""C-C"":1}","[""O0-C4@1.527A""]","[""C2-C3@1.525A""]",76,38,False,True
rxn000902,7,3.5003947415725634,8.11950955130401,4.619114809731446,2.077726183222694,0.8160068669326179,-1.2617193162900762,True,"{""C"":2,""H"":4,""O"":1}",C2H4O,C2H4O,C2H4O,"[[0,1,2,3,4,5,6]]","[[0,1,2,3,4,5,6]]",H transfer (C-H -> C-H),hydrogen transfer,"[""H transfer""]","[""C0-H5@1.092A""]","[""C0-C1@1.458A"",""C1-H5@1.086A""]","{""C-H"":1}","{""C-C"":1,""C-H"":1}","[""C0-H5@1.164A""]","[""C1-H5@1.086A""]",71,160,False,False
rxn000908,11,6.302777525879719,8.988850836326591,2.686073310446872,4.4828371694193265,-4.367746070668147,-8.850583240087474,True,"{""C"":3,""H"":5,""N"":3}",C3H5N3,C3H5N3,C3H5N3,"[[0,1,2,3,4,5,6,7,8,9,10]]","[[0,1,2,3,4,5,6,7,8,9,10]]",bond rearrangement,bond rearrangement,"[""N chemistry"",""rearrangement""]","[""N0-C5@1.402A""]","[""N0-C1@1.390A"",""C4-C5@1.372A""]","{""C-N"":1}","{""C-N"":1,""C-C"":1}","[""N0-C5@1.452A""]","[""C4-C5@1.372A""]",117,17,False,True
rxn000920,11,3.751965773435586,13.237263836598597,9.485298063163011,3.2789532831120596,11.551823921513602,8.272870638401542,True,"{""C"":3,""H"":5,""N"":3}",C3H5N3,C3H5N3,C3H5N3,"[[0,1,2,3,4,5,6,7,8,9,10]]","[[0,1,2,3,4,5,6,7,8,9,10]]",H transfer (C-H -> N-H),hydrogen transfer,"[""H transfer"",""N chemistry"",""geometrically high coordination""]","[""N0-H10@1.024A""]","[""C5-H10@1.077A""]","{""H-N"":1}","{""C-H"":1}","[""N0-H10@1.244A""]","[""C5-H10@1.077A""]",20,20,True,True
rxn000941,12,3.7264980139079853,11.261082091215748,7.534584077307763,1.4594214702428872,10.247870695102598,8.788449224859711,True,"{""C"":4,""H"":6,""O"":2}",C4H6O2,C4H6O2,C4H4O + H2O,"[[0,1,2,3,4,5,6,7,8,9,10,11]]","[[1,2,3,4,5,7,8,10,11],[0,6,9]]",H transfer (C-H -> O-H),hydrogen transfer,"[""H transfer"",""O chemistry"",""fragmentation""]","[""O0-H9@0.958A""]","[""O0-C1@1.394A"",""C2-H9@1.090A""]","{""H-O"":1}","{""C-O"":1,""C-H"":1}","[""O0-H9@1.094A""]","[""C2-H9@1.090A""]",33,18,True,True
rxn000995,12,4.062922730554419,4.417440981193543,0.35451825063912423,3.3527070815362094,5.697172254650617,2.3444651731144077,True,"{""C"":4,""H"":6,""O"":2}",C4H6O2,C4H6O2,C4H4O2 + H2,"[[0,1,2,3,4,5,6,7,8,9,10,11]]","[[0,1,2,3,4,5,6,7,8,9],[10,11]]",H transfer (C-H -> H-H),hydrogen transfer,"[""H transfer"",""fragmentation""]","[""H10-H11@0.747A""]","[""C5-H10@1.094A"",""C5-H11@1.093A""]","{""H-H"":1}","{""C-H"":2}","[""H10-H11@0.897A""]","[""C5-H11@1.093A""]",185,124,False,False
rxn001064,12,3.144414537706325,1.749195845573098,-1.395218692133227,2.80937044788152,2.095432907705643,-0.713937540175877,True,"{""C"":4,""H"":6,""N"":2}",C4H6N2,C4H6N2,C4H6N2,"[[0,1,2,3,4,5,6,7,8,9,10,11]]","[[0,1,2,3,4,5,6,7,8,9,10,11]]",C-N dissociation,bond formation/dissociation,"[""N chemistry""]",[],"[""C1-N5@1.366A""]",{},"{""C-N"":1}",[],"[""C1-N5@1.366A""]",156,174,False,False
rxn001081,12,3.9827109436300816,15.723070051511982,11.7403591078819,3.4317843087610527,10.847472590850245,7.415688282089192,True,"{""C"":4,""H"":6,""N"":2}",C4H6N2,C4H6N2,C4H6N2,"[[0,1,2,3,4,5,6,7,8,9,10,11]]","[[0,1,2,3,4,5,6,7,8,9,10,11]]",H transfer (C-H -> N-H),hydrogen transfer,"[""H transfer"",""N chemistry"",""geometrically high coordination""]","[""N5-H10@1.018A""]","[""C4-H10@1.078A""]","{""H-N"":1}","{""C-H"":1}","[""N5-H10@1.166A""]",[],11,26,True,True
rxn001097,11,3.045792324140166,-1.9091259909940206,-4.9549183151341865,0.7957873116738483,-2.664099860903697,-3.4598871725775453,False,"{""C"":4,""H"":5,""N"":1,""O"":1}",C4H5NO,C4H5NO,C4H5NO,"[[0,1,2,3,4,5,6,7,8,9,10]]","[[0,1,2,3,4,5,6,7,8,9,10]]",bond rearrangement,bond rearrangement,"[""N chemistry"",""O chemistry"",""rearrangement""]","[""C2-N4@1.530A""]","[""N4-O5@1.375A""]","{""C-N"":1}","{""N-O"":1}",[],"[""N4-O5@1.375A""]",68,95,False,False
rxn001167,16,3.9455993502942874,5.594699779549359,1.6491004292550713,3.844186660771811,5.694846778438176,1.850660117666365,True,"{""C"":4,""H"":10,""O"":2}",C4H10O2,C4H10O2,C4H8O2 + H2,"[[0,1,2,3,4,5,6,7,8,9,10,11,12,13,14,15]]","[[0,1,2,3,4,5,6,7,8,9,10,11,13,14],[12,15]]",H transfer (C-H -> H-H),hydrogen transfer,"[""H transfer"",""fragmentation""]","[""H12-H15@0.753A""]","[""C3-H12@1.099A"",""C5-H15@1.089A""]","{""H-H"":1}","{""C-H"":2}","[""H12-H15@0.814A""]","[""C3-H12@1.099A"",""C5-H15@1.089A""]",145,134,False,False
rxn001178,14,2.317946937710076,5.529518264508695,3.2115713267986195,0.7253765082423342,3.545496507883172,2.8201199996408377,True,"{""C"":4,""H"":8,""O"":2}",C4H8O2,C4H8O2,C2H4O2 + C2H4,"[[0,1,2,3,4,5,6,7,8,9,10,11,12,13]]","[[2,3,4,5,6,11,12,13],[0,1,7,8,9,10]]",H transfer (C-H -> O-H),hydrogen transfer,"[""H transfer"",""O chemistry"",""fragmentation""]","[""O4-H6@0.973A""]","[""C0-H6@1.091A"",""C1-O2@1.434A""]","{""H-O"":1}","{""C-H"":1,""C-O"":1}","[""O4-H6@1.261A""]","[""C1-O2@1.434A""]",98,108,False,False
rxn001212,16,3.4880818722940603,3.625269686704783,0.1371878144107228,-0.3123060132957107,-0.18738034330321796,0.12492566999249277,True,"{""C"":5,""H"":10,""O"":1}",C5H10O,C5H10O,C5H10O,"[[0,1,2,3,4,5,6,7,8,9,10,11,12,13,14,15]]","[[0,1,2,3,4,5,6,7,8,9,10,11,12,13,14,15]]",H transfer (C-H -> C-H),hydrogen transfer,"[""H transfer""]","[""C2-H15@1.096A"",""C3-C4@1.510A""]","[""C2-C3@1.533A"",""C4-H15@1.112A""]","{""C-H"":1,""C-C"":1}","{""C-C"":1,""C-H"":1}","[""C3-C4@1.626A""]","[""C2-C3@1.533A""]",198,191,False,False
rxn001213,16,3.4053087456095454,3.2338470611261982,-0.1714616844833472,0.7517899423546623,2.293154248500194,1.5413643061455318,True,"{""C"":5,""H"":10,""O"":1}",C5H10O,C5H10O,C5H10O,"[[0,1,2,3,4,5,6,7,8,9,10,11,12,13,14,15]]","[[0,1,2,3,4,5,6,7,8,9,10,11,12,13,14,15]]",H transfer (C-H -> C-H),hydrogen transfer,"[""H transfer"",""O chemistry""]","[""C2-O5@1.425A"",""C4-H11@1.086A""]","[""C2-H11@1.099A""]","{""C-O"":1,""C-H"":1}","{""C-H"":1}","[""C4-H11@1.146A""]","[""C2-H11@1.099A""]",196,149,False,False
rxn001274,12,4.289691315843811,3.8063021197168467,-0.4833891961269643,0.9574859403346636,-0.8774709845129038,-1.8349569248475674,True,"{""C"":4,""H"":6,""N"":2}",C4H6N2,C4H6N2,C4H6N2,"[[0,1,2,3,4,5,6,7,8,9,10,11]]","[[0,1,2,3,4,5,6,7,8,9,10,11]]",H transfer (C-H -> C-H),hydrogen transfer,"[""H transfer""]","[""C2-H6@1.091A""]","[""C0-H6@1.090A""]","{""C-H"":1}","{""C-H"":1}","[""C2-H6@1.409A""]","[""C0-H6@1.090A""]",182,136,False,False
rxn001291,13,2.993925851858876,10.095987879816455,7.1020620279575795,0.573929440091888,5.061653568318761,4.487724128226873,True,"{""C"":3,""H"":7,""N"":1,""O"":2}",C3H7NO2,C3H7NO2,C3H5NO + H2O,"[[0,1,2,3,4,5,6,7,8,9,10,11,12]]","[[0,1,2,3,4,6,7,9,10,11],[5,8,12]]",H transfer (C-H -> O-H),hydrogen transfer,"[""H transfer"",""O chemistry"",""fragmentation""]","[""O5-H8@0.958A""]","[""C3-H8@1.094A"",""C4-O5@1.424A""]","{""H-O"":1}","{""C-H"":1,""C-O"":1}","[""O5-H8@1.184A""]","[""C3-H8@1.094A""]",38,64,True,False
rxn001311,13,3.719106005458343,4.453963681029421,0.7348576755710781,0.23694079739470908,3.560088305849604,3.3231475084548947,True,"{""C"":4,""H"":7,""N"":1,""O"":1}",C4H7NO,C4H7NO,C4H7NO,"[[0,1,2,3,4,5,6,7,8,9,10,11,12]]","[[0,1,2,3,4,5,6,7,8,9,10,11,12]]",H transfer (C-H -> C-H),hydrogen transfer,"[""H transfer"",""N chemistry""]","[""C3-H8@1.081A""]","[""C2-H8@1.099A"",""C3-N4@1.455A"",""C3-C5@1.476A""]","{""C-H"":1}","{""C-H"":1,""C-N"":1,""C-C"":1}","[""C3-H8@1.276A""]","[""C2-H8@1.099A"",""C3-N4@1.455A""]",178,96,False,False
rxn001352,15,3.310783875645029,7.134226097738825,3.823442222093796,1.695396617172264,2.683308433222251,0.9879118160499871,True,"{""C"":4,""H"":9,""N"":1,""O"":1}",C4H9NO,C4H9NO,C4H9NO,"[[0,1,2,3,4,5,6,7,8,9,10,11,12,13,14]]","[[0,1,2,3,4,5,6,7,8,9,10,11,12,13,14]]",H transfer (C-H -> O-H),hydrogen transfer,"[""H transfer"",""O chemistry""]","[""O5-H14@0.957A""]","[""C4-H14@1.105A""]","{""H-O"":1}","{""C-H"":1}","[""O5-H14@1.212A""]",[],84,166,False,False
rxn001662,12,5.36974642298992,16.84022701603037,11.470480593040449,-0.26102266197267454,-7.121240579261006,-6.860217917288331,True,"{""C"":4,""H"":6,""O"":2}",C4H6O2,C4H6O2,C4H6O2,"[[0,1,2,3,4,5,6,7,8,9,10,11]]","[[0,1,2,3,4,5,6,7,8,9,10,11]]",H transfer (C-H -> O-H),hydrogen transfer,"[""H transfer"",""O chemistry""]","[""O1-H11@0.960A""]","[""O1-C2@1.429A"",""C5-H11@1.089A""]","{""H-O"":1}","{""C-O"":1,""C-H"":1}","[""O1-H11@1.220A""]","[""C5-H11@1.089A""]",12,33,True,True
rxn001671,8,2.62122820768127,4.164716853089843,1.5434886454085728,0.73363619527845,2.412546535708934,1.678910340430484,True,"{""C"":2,""H"":4,""O"":2}",C2H4O2,C2H4O2,C2H4O2,"[[0,1,2,3,4,5,6,7]]","[[0,1,2,3,4,5,6,7]]",H transfer (O-H -> O-H),hydrogen transfer,"[""H transfer"",""O chemistry""]","[""O0-C2@1.400A"",""O3-H4@0.961A""]","[""O0-H4@0.966A""]","{""C-O"":1,""H-O"":1}","{""H-O"":1}","[""O3-H4@1.029A""]","[""O0-H4@0.966A""]",150,144,False,False
rxn001727,14,3.8133630147021904,4.091028166943865,0.2776651522416742,2.681795545204295,3.534497514543837,0.8527019693395417,True,"{""C"":4,""H"":8,""O"":2}",C4H8O2,C4H8O2,C4H8O2,"[[0,1,2,3,4,5,6,7,8,9,10,11,12,13]]","[[0,1,2,3,4,5,6,7,8,9,10,11,12,13]]",H transfer (C-H -> C-H),hydrogen transfer,"[""H transfer""]","[""C2-H11@1.092A""]","[""C2-C3@1.542A"",""C3-H11@1.096A""]","{""C-H"":1}","{""C-C"":1,""C-H"":1}","[""C2-H11@1.365A""]","[""C2-C3@1.542A""]",191,171,False,False
rxn001853,14,2.899780553520941,2.744945091581954,-0.1548354619389869,-0.2246941932835398,-0.10352467498984197,0.12116951829369782,True,"{""C"":5,""H"":8,""O"":1}",C5H8O,C5H8O,C5H8O,"[[0,1,2,3,4,5,6,7,8,9,10,11,12,13]]","[[0,1,2,3,4,5,6,7,8,9,10,11,12,13]]",H transfer (C-H -> O-H),hydrogen transfer,"[""H transfer"",""O chemistry""]","[""O3-H13@0.960A""]","[""O3-C4@1.424A"",""C5-H13@1.091A""]","{""H-O"":1}","{""C-O"":1,""C-H"":1}",[],"[""O3-C4@1.424A""]",197,192,False,False
rxn001855,14,4.475716703394937,4.1526544459675705,-0.3230622574273667,0.909090658607056,7.375464172026966,6.46637351341991,True,"{""C"":5,""H"":8,""O"":1}",C5H8O,C5H8O,C5H8O,"[[0,1,2,3,4,5,6,7,8,9,10,11,12,13]]","[[0,1,2,3,4,5,6,7,8,9,10,11,12,13]]",H transfer (C-H -> O-H),hydrogen transfer,"[""H transfer"",""O chemistry""]","[""C0-C2@1.522A"",""O3-H7@0.961A""]","[""C0-H7@1.089A"",""C2-O3@1.424A""]","{""C-C"":1,""H-O"":1}","{""C-H"":1,""C-O"":1}","[""O3-H7@1.071A""]","[""C0-H7@1.089A"",""C2-O3@1.424A""]",187,39,False,True
rxn001872,16,5.5998162446740025,7.065351409152271,1.4655351644782684,4.094641974095794,5.652821048020051,1.5581790739242578,True,"{""C"":5,""H"":10,""O"":1}",C5H10O,C5H10O,C5H8O + H2,"[[0,1,2,3,4,5,6,7,8,9,10,11,12,13,14,15]]","[[0,1,2,3,4,5,6,7,8,10,11,12,13,15],[9,14]]",H transfer (C-H -> H-H),hydrogen transfer,"[""H transfer"",""fragmentation""]","[""H9-H14@0.752A""]","[""C1-H9@1.085A"",""C4-H14@1.098A""]","{""H-H"":1}","{""C-H"":2}",[],"[""C4-H14@1.098A""]",154,148,False,False
rxn001996,15,4.085132840885308,6.529864154364191,2.444731313478883,3.524925724640525,7.357843858346257,3.832918133705732,True,"{""C"":4,""H"":9,""N"":1,""O"":1}",C4H9NO,C4H9NO,C4H7NO + H2,"[[0,1,2,3,4,5,6,7,8,9,10,11,12,13,14]]","[[0,1,2,3,4,5,6,8,10,11,12,13,14],[7,9]]",H transfer (C-H -> H-H),hydrogen transfer,"[""H transfer"",""fragmentation""]","[""H7-H9@0.749A""]","[""C0-H7@1.100A"",""C2-H9@1.086A""]","{""H-H"":1}","{""C-H"":2}","[""H7-H9@0.859A""]","[""C0-H7@1.100A"",""C2-H9@1.086A""]",127,87,False,False
rxn002059,9,3.957425124872316,3.1734823671536816,-0.7839427577186342,1.5635805750462168,-5.124528247731689,-6.688108822777906,True,"{""C"":4,""H"":4,""O"":1}",C4H4O,C4H4O,C4H4O,"[[0,1,2,3,4,5,6,7,8]]","[[0,1,2,3,4,5,6,7,8]]",H transfer (C-H -> C-H),hydrogen transfer,"[""H transfer"",""O chemistry""]","[""C3-H6@1.096A""]","[""O0-C1@1.352A"",""C2-H6@1.077A""]","{""C-H"":1}","{""C-O"":1,""C-H"":1}","[""C3-H6@1.168A""]","[""C2-H6@1.077A""]",175,35,False,True
rxn002133,10,3.6965829233722616,9.139723903875158,5.443140980502896,1.7329449505386947,5.402913167263343,3.669968216724648,True,"{""C"":3,""H"":6,""O"":1}",C3H6O,C3H6O,C3H4 + H2O,"[[0,1,2,3,4,5,6,7,8,9]]","[[1,2,3,5,6,8,9],[0,4,7]]",H transfer (C-H -> O-H),hydrogen transfer,"[""H transfer"",""O chemistry"",""fragmentation""]","[""O0-H7@0.962A""]","[""O0-C1@1.396A"",""C2-H7@1.082A""]","{""H-O"":1}","{""C-O"":1,""C-H"":1}","[""O0-H7@1.083A""]","[""C2-H7@1.082A""]",59,93,False,False
rxn002199,13,4.26342033061519,4.462070182785553,0.19864985217036235,0.490099959230065,0.20273464598118807,-0.28736531324887693,True,"{""C"":4,""H"":7,""N"":1,""O"":1}",C4H7NO,C4H7NO,C4H7NO,"[[0,1,2,3,4,5,6,7,8,9,10,11,12]]","[[0,1,2,3,4,5,6,7,8,9,10,11,12]]",H transfer (C-H -> C-H),hydrogen transfer,"[""H transfer""]","[""C0-C3@1.511A"",""C1-H6@1.111A""]","[""C0-H6@1.093A"",""C1-C3@1.496A""]","{""C-C"":1,""C-H"":1}","{""C-H"":1,""C-C"":1}","[""C1-H6@1.147A""]","[""C0-H6@1.093A""]",195,186,False,False
rxn002209,9,3.521428642450701,-1.4964115997991527,-5.017840242249854,2.5667866130734183,-2.031315101539697,-4.598101714613115,False,"{""C"":2,""H"":3,""N"":3,""O"":1}",C2H3N3O,C2H3N3O,CH2N2 + CHNO,"[[0,1,2,3,4,5,6,7,8]]","[[0,1,2,6,7],[3,4,5,8]]",multi-bond dissociation,bond formation/dissociation,"[""N chemistry"",""O chemistry"",""fragmentation""]",[],"[""C1-O5@1.327A"",""N2-C3@1.365A""]",{},"{""C-O"":1,""C-N"":1}",[],"[""C1-O5@1.327A"",""N2-C3@1.365A""]",65,61,False,False
rxn002226,18,4.46369616875927,5.050984989696005,0.5872888209367346,1.2366551247605457,5.030097708587647,3.793442583827101,True,"{""C"":5,""H"":12,""O"":1}",C5H12O,C5H12O,C3H6 + CH4 + CH2O,"[[0,1,2,3,4,5,6,7,8,9,10,11,12,13,14,15,16,17]]","[[3,4,5,11,12,13,14,15,17],[0,6,7,8,16],[1,2,9,10]]",H transfer (C-H -> C-H),hydrogen transfer,"[""H transfer"",""O chemistry"",""fragmentation""]","[""C0-H16@1.090A""]","[""C0-O1@1.401A"",""C2-C3@1.519A"",""C5-H16@1.094A""]","{""C-H"":1}","{""C-O"":1,""C-C"":1,""C-H"":1}","[""C0-H16@1.334A""]","[""C0-O1@1.401A""]",180,90,False,False
rxn002323,13,3.3048409932425784,0.9691019450934917,-2.3357390481490867,1.9591058484247696,-0.635753264669475,-2.5948591130942447,True,"{""C"":4,""H"":7,""N"":1,""O"":1}",C4H7NO,C4H7NO,C4H7NO,"[[0,1,2,3,4,5,6,7,8,9,10,11,12]]","[[0,1,2,3,4,5,6,7,8,9,10,11,12]]",bond rearrangement,bond rearrangement,"[""O chemistry"",""rearrangement""]","[""O0-C5@1.430A""]","[""C3-C5@1.500A""]","{""C-O"":1}","{""C-C"":1}",[],"[""C3-C5@1.500A""]",130,118,False,False
rxn002361,10,2.4742278093017376,0.39230861202358724,-2.0819191972781503,2.4195813564929267,0.6238440491936501,-1.7957373072992766,True,"{""C"":3,""H"":4,""O"":3}",C3H4O3,C3H4O3,C3H4O3,"[[0,1,2,3,4,5,6,7,8,9]]","[[0,1,2,3,4,5,6,7,8,9]]",H transfer (O-H -> O-H),hydrogen transfer,"[""H transfer"",""O chemistry""]","[""O5-H6@0.974A""]","[""O0-H6@0.960A""]","{""H-O"":1}","{""H-O"":1}","[""O5-H6@1.033A""]","[""O0-H6@0.960A""]",135,137,False,False
rxn002365,13,2.756777924114431,8.394134732379364,5.637356808264933,1.7114178133515452,-7.238842520854561,-8.950260334206106,True,"{""C"":5,""H"":8}",C5H8,C5H8,C5H8,"[[0,1,2,3,4,5,6,7,8,9,10,11,12]]","[[0,1,2,3,4,5,6,7,8,9,10,11,12]]",H transfer (C-H -> C-H),hydrogen transfer,"[""H transfer""]","[""C1-H12@1.094A""]","[""C1-C4@1.520A"",""C4-H12@1.082A""]","{""C-H"":1}","{""C-C"":1,""C-H"":1}","[""C1-H12@1.217A""]","[""C4-H12@1.082A""]",54,16,False,True
rxn002372,14,3.9405329575292853,9.36393207932214,5.423399121792855,3.7844547917175078,7.890638721890973,4.106183930173465,True,"{""C"":4,""H"":8,""O"":2}",C4H8O2,C4H8O2,C4H8O2,"[[0,1,2,3,4,5,6,7,8,9,10,11,12,13]]","[[0,1,2,3,4,5,6,7,8,9,10,11,12,13]]",H transfer (C-H -> O-H),hydrogen transfer,"[""H transfer"",""O chemistry"",""geometrically high coordination""]","[""O1-H8@0.962A""]","[""C0-H8@1.089A""]","{""H-O"":1}","{""C-H"":1}","[""O1-H8@1.021A""]","[""C0-H8@1.089A""]",60,73,False,False
rxn002383,14,3.0731538791433195,6.1984532400249535,3.125299360881634,1.9964871746287827,4.480117488195219,2.4836303135664366,True,"{""C"":5,""H"":8,""O"":1}",C5H8O,C5H8O,C5H8O,"[[0,1,2,3,4,5,6,7,8,9,10,11,12,13]]","[[0,1,2,3,4,5,6,7,8,9,10,11,12,13]]",H transfer (C-H -> C-H),hydrogen transfer,"[""H transfer""]","[""C4-H12@1.093A""]","[""C3-H12@1.100A""]","{""C-H"":1}","{""C-H"":1}","[""C4-H12@1.204A""]","[""C3-H12@1.100A""]",104,123,False,False
rxn002413,11,3.3419907859242812,-0.08866700736950861,-3.43065779329379,2.5328578866055977,-7.935451194590939,-10.468309081196537,False,"{""C"":4,""H"":6,""O"":1}",C4H6O,C4H6O,C4H6O,"[[0,1,2,3,4,5,6,7,8,9,10]]","[[0,1,2,3,4,5,6,7,8,9,10]]",H transfer (C-H -> O-H),hydrogen transfer,"[""H transfer"",""O chemistry""]","[""O3-H10@0.960A""]","[""O3-C4@1.422A"",""C4-H10@1.082A""]","{""H-O"":1}","{""C-O"":1,""C-H"":1}","[""O3-H10@1.224A""]","[""O3-C4@1.422A""]",91,12,False,True
rxn002617,14,3.06668963746597,8.5335962843183,5.46690664685233,2.7207153079471027,7.150295906972971,4.4295805990258685,True,"{""C"":4,""H"":8,""O"":2}",C4H8O2,C4H8O2,C4H8O2,"[[0,1,2,3,4,5,6,7,8,9,10,11,12,13]]","[[0,1,2,3,4,5,6,7,8,9,10,11,12,13]]",H transfer (C/O-H -> O-H),hydrogen transfer,"[""H transfer"",""O chemistry"",""geometrically high coordination""]","[""O2-H12@0.977A"",""O5-H10@0.973A""]","[""O2-H10@0.961A"",""C4-H12@1.087A""]","{""H-O"":2}","{""H-O"":1,""C-H"":1}","[""O2-H12@1.230A"",""O5-H10@1.005A""]","[""O2-H10@0.961A""]",58,67,False,False
rxn002769,16,4.782687208758034,5.061430307508246,0.27874309875021197,1.1946288829540208,3.9972770863270597,2.802648203373039,True,"{""C"":5,""H"":10,""O"":1}",C5H10O,C5H10O,C5H8 + H2O,"[[0,1,2,3,4,5,6,7,8,9,10,11,12,13,14,15]]","[[0,1,2,3,4,6,7,9,10,11,12,13,14],[5,8,15]]",H transfer (C-H -> O-H),hydrogen transfer,"[""H transfer"",""O chemistry"",""fragmentation""]","[""C0-C4@1.501A"",""O5-H8@0.963A""]","[""C0-H8@1.092A"",""C4-O5@1.396A""]","{""C-C"":1,""H-O"":1}","{""C-H"":1,""C-O"":1}","[""O5-H8@1.078A""]","[""C0-H8@1.092A"",""C4-O5@1.396A""]",190,110,False,False
rxn002775,7,5.348574021597415,2.160697417064327,-3.1878766045330877,4.970569381576752,-2.1566838215153226,-7.127253203092074,True,"{""C"":2,""H"":2,""N"":2,""O"":1}",C2H2N2O,C2H2N2O,C2H2O + N2,"[[0,1,2,3,4,5,6]]","[[0,1,4,5,6],[2,3]]",C-N dissociation,bond formation/dissociation,"[""N chemistry"",""fragmentation""]",[],"[""C1-N2@1.280A"",""N3-C4@1.280A""]",{},"{""C-N"":2}",[],"[""C1-N2@1.280A""]",100,28,False,True
rxn002799,12,2.418677821462552,3.272629526881097,0.8539517054185453,-0.027142272045239224,5.65316048989925,5.680302761944489,True,"{""C"":4,""H"":6,""O"":2}",C4H6O2,C4H6O2,C4H6O2,"[[0,1,2,3,4,5,6,7,8,9,10,11]]","[[0,1,2,3,4,5,6,7,8,9,10,11]]",bond rearrangement,bond rearrangement,"[""O chemistry"",""rearrangement""]","[""O2-C4@1.415A""]","[""C3-C4@1.466A""]","{""C-O"":1}","{""C-C"":1}",[],"[""C3-C4@1.466A""]",173,45,False,True
rxn002837,11,6.589711631752834,4.969019350852577,-1.6206922809002577,4.290874371676182,-0.7927403571730025,-5.083614728849184,True,"{""C"":4,""H"":5,""N"":1,""O"":1}",C4H5NO,C4H5NO,C4H5NO,"[[0,1,2,3,4,5,6,7,8,9,10]]","[[0,1,2,3,4,5,6,7,8,9,10]]",H transfer (C-H -> C-H),hydrogen transfer,"[""H transfer""]","[""C4-H7@1.099A""]","[""C0-H7@1.091A""]","{""C-H"":1}","{""C-H"":1}",[],"[""C0-H7@1.091A""]",148,55,False,False
rxn003064,11,4.252433923898934,5.748797057152544,1.4963631332536096,0.37076095811789855,0.21860159321870754,-0.15215936489919102,True,"{""C"":4,""H"":5,""N"":1,""O"":1}",C4H5NO,C4H5NO,C4H5NO,"[[0,1,2,3,4,5,6,7,8,9,10]]","[[0,1,2,3,4,5,6,7,8,9,10]]",H transfer (O-H -> C-H),hydrogen transfer,"[""H transfer"",""O chemistry""]","[""C5-H9@1.084A""]","[""O3-H9@0.960A""]","{""C-H"":1}","{""H-O"":1}",[],[],153,190,False,False
rxn003071,10,2.712759501346227,12.669116970431642,9.956357469085415,0.9331488193474797,4.7521271020011255,3.818978282653646,True,"{""C"":3,""H"":4,""N"":2,""O"":1}",C3H4N2O,C3H4N2O,C3H4N2O,"[[0,1,2,3,4,5,6,7,8,9]]","[[0,1,2,3,4,5,6,7,8,9]]",bond rearrangement,bond rearrangement,"[""N chemistry"",""rearrangement""]","[""C3-N5@1.418A""]","[""C3-C4@1.456A""]","{""C-N"":1}","{""C-C"":1}","[""C3-N5@1.842A""]",[],18,88,True,False
rxn003095,7,1.9395464781446208,-5.093139753735613,-7.032686231880234,-0.22609783277948736,-5.578460636242774,-5.352362803463286,False,"{""C"":1,""H"":1,""N"":3,""O"":2}",CHN3O2,CHN3O2,CHNO + N2O,"[[0,1,2,3,4,5,6]]","[[0,1,2,6],[3,4,5]]",multi-bond dissociation,bond formation/dissociation,"[""N chemistry"",""O chemistry"",""fragmentation""]",[],"[""C1-O5@1.364A"",""N2-N3@1.338A""]",{},"{""C-O"":1,""N-N"":1}",[],"[""C1-O5@1.364A""]",39,49,True,True
rxn003264,14,3.715399635056201,6.819210891844861,3.10381125678866,1.0488043838131489,4.948081423367114,3.899277039553965,True,"{""C"":5,""H"":8,""O"":1}",C5H8O,C5H8O,C5H6O + H2,"[[0,1,2,3,4,5,6,7,8,9,10,11,12,13]]","[[0,1,2,3,4,5,6,7,8,9,11,13],[10,12]]",H transfer (C-H -> H-H),hydrogen transfer,"[""H transfer"",""fragmentation""]","[""H10-H12@0.746A""]","[""C1-C5@1.500A"",""C2-H10@1.099A"",""C4-H12@1.099A""]","{""H-H"":1}","{""C-C"":1,""C-H"":2}","[""H10-H12@0.843A""]","[""C2-H10@1.099A"",""C4-H12@1.099A""]",105,85,False,False
rxn003319,8,3.6676365282537517,6.976363636437448,3.308727108183696,2.2008349463803825,2.3752222202731303,0.17438727389274788,True,"{""C"":3,""H"":3,""N"":1,""O"":1}",C3H3NO,C3H3NO,C3H3NO,"[[0,1,2,3,4,5,6,7]]","[[0,1,2,3,4,5,6,7]]",H transfer (C-H -> O-H),hydrogen transfer,"[""H transfer"",""O chemistry""]","[""O0-H5@0.964A""]","[""C1-H5@1.107A""]","{""H-O"":1}","{""C-H"":1}","[""O0-H5@1.175A""]",[],96,188,False,False
rxn003394,11,3.3546174596294804,6.122955594419189,2.7683381347897082,2.314316745585529,4.563793392848247,2.2494766472627177,True,"{""C"":4,""H"":5,""N"":1,""O"":1}",C4H5NO,C4H5NO,C4H5NO,"[[0,1,2,3,4,5,6,7,8,9,10]]","[[0,1,2,3,4,5,6,7,8,9,10]]",H transfer (C-H -> C-H),hydrogen transfer,"[""H transfer""]","[""C4-H9@1.092A""]","[""C3-H9@1.093A""]","{""C-H"":1}","{""C-H"":1}","[""C4-H9@1.190A""]","[""C3-H9@1.093A""]",114,127,False,False
rxn003494,12,5.435476032596853,1.671351674742155,-3.7641243578546977,4.0652246233530605,-1.6010495724724692,-5.66627419582553,True,"{""C"":4,""H"":6,""O"":2}",C4H6O2,C4H6O2,C3H4O + CH2O,"[[0,1,2,3,4,5,6,7,8,9,10,11]]","[[2,3,4,5,8,9,10,11],[0,1,6,7]]",bond rearrangement,bond rearrangement,"[""fragmentation"",""rearrangement""]","[""C2-C5@1.562A""]","[""C1-C2@1.540A"",""C1-C5@1.553A""]","{""C-C"":1}","{""C-C"":2}","[""C2-C5@1.870A""]","[""C1-C2@1.540A"",""C1-C5@1.553A""]",87,46,False,True
rxn003547,13,2.708016428829069,12.832929782515421,10.124913353686352,0.9329492428760204,4.7859537353607635,3.853004492484743,True,"{""C"":4,""H"":7,""N"":1,""O"":1}",C4H7NO,C4H7NO,C4H7NO,"[[0,1,2,3,4,5,6,7,8,9,10,11,12]]","[[0,1,2,3,4,5,6,7,8,9,10,11,12]]",bond rearrangement,bond rearrangement,"[""N chemistry"",""rearrangement""]","[""C3-N5@1.420A""]","[""C3-C4@1.458A""]","{""C-N"":1}","{""C-C"":1}","[""C3-N5@1.834A""]",[],17,86,True,False
rxn003577,14,2.975343389392947,-1.990790342535071,-4.966133731928018,0.41262633165024454,-3.884568150410999,-4.2971944820612435,False,"{""C"":4,""H"":8,""O"":2}",C4H8O2,C4H8O2,C3H6O + CH2O,"[[0,1,2,3,4,5,6,7,8,9,10,11,12,13]]","[[0,1,4,5,6,7,8,9,12,13],[2,3,10,11]]",multi-bond dissociation,bond formation/dissociation,"[""O chemistry"",""fragmentation""]",[],"[""C1-O2@1.442A"",""C3-C4@1.533A""]",{},"{""C-O"":1,""C-C"":1}",[],"[""C1-O2@1.442A""]",67,68,False,False
rxn003598,16,4.713391274866808,9.701373541222864,4.987982266356056,3.366377317347542,8.505654610840779,5.139277293493237,True,"{""C"":5,""H"":10,""O"":1}",C5H10O,C5H10O,C4H6 + CH2O + H2,"[[0,1,2,3,4,5,6,7,8,9,10,11,12,13,14,15]]","[[0,1,4,5,6,7,8,12,13,14],[2,3,9,10],[11,15]]",H transfer (C/O-H -> H-H),hydrogen transfer,"[""H transfer"",""O chemistry"",""fragmentation""]","[""H11-H15@0.747A""]","[""C1-C2@1.509A"",""O3-H11@0.960A"",""C5-H15@1.083A""]","{""H-H"":1}","{""C-C"":1,""H-O"":1,""C-H"":1}","[""H11-H15@0.817A""]","[""C1-C2@1.509A"",""O3-H11@0.960A"",""C5-H15@1.083A""]",66,54,False,False
rxn003733,13,2.3348060622693083,2.2207444286977562,-0.11406163357155208,1.3008694819327502,1.306855301262864,0.005985819330113884,True,"{""C"":4,""H"":7,""N"":1,""O"":1}",C4H7NO,C4H7NO,C4H7NO,"[[0,1,2,3,4,5,6,7,8,9,10,11,12]]","[[0,1,2,3,4,5,6,7,8,9,10,11,12]]",C-C dissociation,bond formation/dissociation,[],[],"[""C0-C2@1.467A""]",{},"{""C-C"":1}",[],"[""C0-C2@1.467A""]",199,200,False,False
rxn003773,8,3.6994607233891657,-3.2573201029546333,-6.956780826343799,2.3663810582502265,-4.004968977297452,-6.371350035547678,False,"{""C"":2,""H"":3,""N"":3}",C2H3N3,C2H3N3,C2H3N3,"[[0,1,2,3,4,5,6,7]]","[[0,1,2,3,4,5,6,7]]",H transfer (C-H -> N-H),hydrogen transfer,"[""H transfer"",""N chemistry""]","[""N4-H7@1.004A""]","[""C3-H7@1.079A""]","{""H-N"":1}","{""C-H"":1}","[""N4-H7@1.208A""]",[],41,42,True,True
rxn003901,12,4.681187222386143,13.131157022124341,8.449969799738199,1.5411318997748822,2.815810933505169,1.274679033730287,True,"{""C"":3,""H"":7,""N"":1,""O"":1}",C3H7NO,C3H7NO,C2H4O + CH3N,"[[0,1,2,3,4,5,6,7,8,9,10,11]]","[[0,3,4,5,6,7,11],[1,2,8,9,10]]",bond rearrangement,bond rearrangement,"[""N chemistry"",""fragmentation"",""rearrangement""]","[""C0-C3@1.497A""]","[""C0-C1@1.522A"",""N2-C3@1.351A""]","{""C-C"":1}","{""C-C"":1,""C-N"":1}","[""C0-C3@1.871A""]","[""C0-C1@1.522A""]",26,159,True,False
rxn003917,8,2.6873013066187923,2.7799832502630366,0.09268194364424431,-0.08636497252518893,-4.125414512851272,-4.039049540326083,True,"{""C"":3,""H"":3,""N"":1,""O"":1}",C3H3NO,C3H3NO,C3H3NO,"[[0,1,2,3,4,5,6,7]]","[[0,1,2,3,4,5,6,7]]",H transfer (C-H -> N-H),hydrogen transfer,"[""H transfer"",""N chemistry"",""O chemistry""]","[""N4-H7@1.013A""]","[""O0-N4@1.372A"",""C3-H7@1.080A""]","{""H-N"":1}","{""N-O"":1,""C-H"":1}",[],"[""O0-N4@1.372A""]",200,78,False,False
rxn003957,15,3.923860124841667,4.969085280931807,1.0452251560901402,3.2290839741972377,3.808574498230115,0.5794905240328774,True,"{""C"":4,""H"":9,""N"":1,""O"":1}",C4H9NO,C4H9NO,C2H6 + C2H3NO,"[[0,1,2,3,4,5,6,7,8,9,10,11,12,13,14]]","[[0,1,6,7,8,9,10,11],[2,3,4,5,12,13,14]]",H transfer (C-H -> C-H),hydrogen transfer,"[""H transfer"",""fragmentation""]","[""C1-H11@1.092A""]","[""C1-C2@1.526A"",""C2-H11@1.091A""]","{""C-H"":1}","{""C-C"":1,""C-H"":1}","[""C1-H11@1.315A""]","[""C1-C2@1.526A""]",167,177,False,False
rxn004021,14,5.298427096677187,6.214881201207163,0.9164541045299757,1.570581610298177,4.660824388389628,3.0902427780914508,True,"{""C"":4,""H"":10}",C4H10,C4H10,C4H8 + H2,"[[0,1,2,3,4,5,6,7,8,9,10,11,12,13]]","[[0,1,2,3,5,6,7,8,9,11,12,13],[4,10]]",H transfer (C-H -> C/H-H),hydrogen transfer,"[""H transfer"",""fragmentation""]","[""C2-H7@1.094A"",""H4-H10@0.747A""]","[""C0-H4@1.094A"",""C1-H7@1.096A"",""C2-H10@1.094A""]","{""C-H"":1,""H-H"":1}","{""C-H"":3}","[""H4-H10@0.834A""]","[""C0-H4@1.094A"",""C2-H10@1.094A""]",170,99,False,False
rxn004031,14,3.3044556664071933,10.664869111806858,7.360413445399665,1.7396461271964654,4.0113154606322965,2.271669333435831,True,"{""C"":5,""H"":8,""O"":1}",C5H8O,C5H8O,C5H8O,"[[0,1,2,3,4,5,6,7,8,9,10,11,12,13]]","[[0,1,2,3,4,5,6,7,8,9,10,11,12,13]]",bond rearrangement,bond rearrangement,"[""rearrangement""]","[""C0-C4@1.515A""]","[""C0-C1@1.530A""]","{""C-C"":1}","{""C-C"":1}","[""C0-C4@1.742A""]","[""C0-C1@1.530A""]",35,125,True,False
rxn004068,10,4.504384366840895,4.19919031611019,-0.30519405073070516,0.3658622881721385,1.659443594473423,1.2935813063012844,True,"{""C"":3,""H"":4,""N"":2,""O"":1}",C3H4N2O,C3H4N2O,C3H4N2O,"[[0,1,2,3,4,5,6,7,8,9]]","[[0,1,2,3,4,5,6,7,8,9]]",H transfer (N-H -> C-H),hydrogen transfer,"[""H transfer"",""N chemistry""]","[""C4-H6@1.093A""]","[""N0-H6@1.008A""]","{""C-H"":1}","{""H-N"":1}",[],[],188,158,False,False
rxn004311,16,4.819815226886931,3.4462800442600496,-1.3735351826268811,0.7324273675412769,7.092489694037916,6.360062326496639,True,"{""C"":5,""H"":10,""O"":1}",C5H10O,C5H10O,C5H8 + H2O,"[[0,1,2,3,4,5,6,7,8,9,10,11,12,13,14,15]]","[[1,2,3,4,5,7,8,9,10,11,12,13,15],[0,6,14]]",H transfer (C-H -> O-H),hydrogen transfer,"[""H transfer"",""O chemistry"",""fragmentation""]","[""O0-H14@0.962A"",""C1-C5@1.528A""]","[""O0-C1@1.414A"",""C5-H14@1.083A""]","{""H-O"":1,""C-C"":1}","{""C-O"":1,""C-H"":1}","[""O0-H14@1.053A""]","[""O0-C1@1.414A"",""C5-H14@1.083A""]",158,43,False,True
rxn004353,12,4.153613752938327,26.918660597879242,22.765046844940915,0.053144343470194144,0.22229900568036953,0.1691546622101754,True,"{""C"":4,""H"":6,""O"":2}",C4H6O2,C4H6O2,C4H6O2,"[[0,1,2,3,4,5,6,7,8,9,10,11]]","[[0,1,2,3,4,5,6,7,8,9,10,11]]",H transfer (C-H -> C-H),hydrogen transfer,"[""H transfer""]","[""C1-C3@1.498A"",""C2-H9@1.093A""]","[""C1-C2@1.509A"",""C3-H9@1.087A""]","{""C-C"":1,""C-H"":1}","{""C-C"":1,""C-H"":1}","[""C1-C3@1.551A"",""C2-H9@1.274A""]",[],3,189,True,False
rxn004360,12,4.648023386214845,6.909699951565337,2.2616765653504913,2.5670942241886223,5.244098483458316,2.677004259269694,True,"{""C"":4,""H"":6,""O"":2}",C4H6O2,C4H6O2,C4H6O2,"[[0,1,2,3,4,5,6,7,8,9,10,11]]","[[0,1,2,3,4,5,6,7,8,9,10,11]]",bond rearrangement,bond rearrangement,"[""O chemistry"",""rearrangement""]","[""O0-C2@1.461A""]","[""C1-C2@1.509A""]","{""C-O"":1}","{""C-C"":1}",[],"[""C1-C2@1.509A""]",132,114,False,False
rxn004419,14,2.5821135923670226,9.593333796357207,7.0112202039901845,1.5420663959230296,0.07088133864635893,-1.4711850572766707,True,"{""C"":4,""H"":8,""O"":2}",C4H8O2,C4H8O2,C4H8O2,"[[0,1,2,3,4,5,6,7,8,9,10,11,12,13]]","[[0,1,2,3,4,5,6,7,8,9,10,11,12,13]]",H transfer (C-H -> C-H),hydrogen transfer,"[""H transfer""]","[""C3-H12@1.091A""]","[""C3-C4@1.496A"",""C4-H12@1.087A""]","{""C-H"":1}","{""C-C"":1,""C-H"":1}","[""C3-H12@1.340A""]",[],40,152,True,False
rxn004483,16,4.322018739307168,7.8983315371238945,3.576312797816726,0.7015896096472716,3.7391370627085507,3.037547453061279,True,"{""C"":6,""H"":10}",C6H10,C6H10,C6H10,"[[0,1,2,3,4,5,6,7,8,9,10,11,12,13,14,15]]","[[0,1,2,3,4,5,6,7,8,9,10,11,12,13,14,15]]",H transfer (C-H -> C-H),hydrogen transfer,"[""H transfer""]","[""C3-H10@1.093A""]","[""C1-C5@1.504A"",""C2-H10@1.093A"",""C3-C4@1.538A""]","{""C-H"":1}","{""C-C"":2,""C-H"":1}",[],"[""C1-C5@1.504A"",""C3-C4@1.538A""]",90,102,False,False
rxn004738,16,3.2239665845718264,9.629512697068627,6.4055461124968005,0.6425009415706882,3.3252602103977296,2.6827592688270414,True,"{""C"":4,""H"":10,""O"":2}",C4H10O2,C4H10O2,C4H8O + H2O,"[[0,1,2,3,4,5,6,7,8,9,10,11,12,13,14,15]]","[[0,1,2,3,4,6,7,8,9,10,12,13,14],[5,11,15]]",H transfer (C-H -> O-H),hydrogen transfer,"[""H transfer"",""O chemistry"",""fragmentation""]","[""O5-H11@0.963A""]","[""C3-H11@1.094A"",""C4-O5@1.425A""]","{""H-O"":1}","{""C-H"":1,""C-O"":1}","[""O5-H11@1.230A""]","[""C3-H11@1.094A""]",48,112,True,False
rxn004864,14,4.218727381119606,8.692313310005275,4.473585928885669,1.0458497497256758,5.779152646114568,4.733302896388892,True,"{""C"":4,""H"":8,""O"":2}",C4H8O2,C4H8O2,C3H4O + CH4O,"[[0,1,2,3,4,5,6,7,8,9,10,11,12,13]]","[[1,2,4,5,9,10,11,13],[0,3,6,7,8,12]]",bond rearrangement,bond rearrangement,"[""O chemistry"",""fragmentation"",""rearrangement""]","[""C0-O3@1.411A""]","[""C0-C1@1.519A"",""C2-O3@1.415A""]","{""C-O"":1}","{""C-C"":1,""C-O"":1}",[],"[""C0-C1@1.519A""]",73,58,False,False
rxn004948,11,3.491546817835115,2.714242355787512,-0.7773044620476028,0.022633873246377334,6.41512146822933,6.392487594982953,True,"{""C"":3,""H"":6,""O"":2}",C3H6O2,C3H6O2,C3H6O2,"[[0,1,2,3,4,5,6,7,8,9,10]]","[[0,1,2,3,4,5,6,7,8,9,10]]",H transfer (O-H -> O-H),hydrogen transfer,"[""H transfer"",""O chemistry""]","[""O0-C3@1.434A"",""O4-H5@0.960A""]","[""O0-H5@0.962A"",""C3-O4@1.426A""]","{""C-O"":1,""H-O"":1}","{""H-O"":1,""C-O"":1}","[""O4-H5@1.027A""]","[""O0-H5@0.962A"",""C3-O4@1.426A""]",176,41,False,True
rxn004984,13,4.269004202313226,5.2260174608931464,0.95701325857992,3.781296374279009,5.210454528630706,1.429158154351697,True,"{""C"":4,""H"":7,""N"":1,""O"":1}",C4H7NO,C4H7NO,C4H5NO + H2,"[[0,1,2,3,4,5,6,7,8,9,10,11,12]]","[[0,1,2,3,4,5,6,7,10,11,12],[8,9]]",H transfer (C-H -> H-H),hydrogen transfer,"[""H transfer"",""fragmentation""]","[""H8-H9@0.747A""]","[""C1-H8@1.095A"",""C1-H9@1.089A""]","{""H-H"":1}","{""C-H"":2}","[""H8-H9@0.858A""]","[""C1-H8@1.095A""]",169,154,False,False
rxn005065,14,4.5530656701703265,4.2681267386085935,-0.284938931561733,3.68282782613187,10.64878832346158,6.965960497329711,True,"{""C"":4,""H"":8,""N"":2}",C4H8N2,C4H8N2,C3H4N2 + CH4,"[[0,1,2,3,4,5,6,7,8,9,10,11,12,13]]","[[1,2,3,4,5,10,11,12,13],[0,6,7,8,9]]",H transfer (C-H -> C-H),hydrogen transfer,"[""H transfer"",""N chemistry"",""fragmentation"",""geometrically high coordination""]","[""C0-H9@1.090A"",""C1-N3@1.546A""]","[""C0-C1@1.521A"",""C1-H9@1.092A""]","{""C-H"":1,""C-N"":1}","{""C-C"":1,""C-H"":1}","[""C0-H9@1.168A""]","[""C0-C1@1.521A"",""C1-H9@1.092A""]",189,32,False,True
rxn005094,11,5.211192257767834,14.033637344196478,8.822445086428644,3.8842564773767663,7.838553883005687,3.954297405628921,True,"{""C"":4,""H"":5,""N"":1,""O"":1}",C4H5NO,C4H5NO,C4H5NO,"[[0,1,2,3,4,5,6,7,8,9,10]]","[[0,1,2,3,4,5,6,7,8,9,10]]",bond rearrangement,bond rearrangement,"[""O chemistry"",""geometrically high coordination"",""rearrangement""]","[""C2-O5@1.424A""]","[""C2-C3@1.513A""]","{""C-O"":1}","{""C-C"":1}","[""C2-O5@1.723A""]","[""C2-C3@1.513A""]",23,81,True,False
rxn005120,13,2.4815667065668094,14.862321132204094,12.380754425637285,1.0351612451013352,-1.1971558017861668,-2.232317046887502,True,"{""C"":3,""H"":7,""N"":1,""O"":2}",C3H7NO2,C3H7NO2,C2H3NO + CH4O,"[[0,1,2,3,4,5,6,7,8,9,10,11,12]]","[[0,1,2,3,6,7,8],[4,5,9,10,11,12]]",H transfer (N-H -> O-H),hydrogen transfer,"[""H transfer"",""N chemistry"",""O chemistry"",""fragmentation""]","[""O4-H9@0.963A""]","[""N1-H9@1.003A"",""C2-O4@1.350A""]","{""H-O"":1}","{""H-N"":1,""C-O"":1}","[""O4-H9@1.160A""]",[],9,128,True,False
rxn005141,11,2.1880397117438406,1.7487157369674762,-0.4393239747763644,-0.021682457057977444,-1.2069193975502088,-1.1852369404922314,True,"{""C"":4,""H"":5,""N"":1,""O"":1}",C4H5NO,C4H5NO,C4H5NO,"[[0,1,2,3,4,5,6,7,8,9,10]]","[[0,1,2,3,4,5,6,7,8,9,10]]",multi-bond dissociation,bond formation/dissociation,"[""O chemistry""]",[],"[""C0-C5@1.506A"",""C1-O2@1.414A""]",{},"{""C-C"":1,""C-O"":1}",[],"[""C0-C5@1.506A""]",184,162,False,False
rxn005187,18,4.326483360428938,8.12236528048367,3.7958819200547325,3.9413730709829906,7.6715677705709595,3.730194699587969,True,"{""C"":6,""H"":12}",C6H12,C6H12,C5H8 + CH4,"[[0,1,2,3,4,5,6,7,8,9,10,11,12,13,14,15,16,17]]","[[1,2,3,4,5,10,11,12,13,14,15,16,17],[0,6,7,8,9]]",H transfer (C-H -> C-H),hydrogen transfer,"[""H transfer"",""fragmentation"",""geometrically high coordination""]","[""C0-H9@1.091A"",""C1-C3@1.867A""]","[""C0-C1@1.513A"",""C1-H9@1.094A""]","{""C-H"":1,""C-C"":1}","{""C-C"":1,""C-H"":1}","[""C0-H9@1.234A""]","[""C0-C1@1.513A""]",86,91,False,False
rxn005228,14,3.1572147438646425,6.190830991920578,3.033616248055935,2.344929095239422,6.438237433190842,4.09330833795142,True,"{""C"":4,""H"":8,""N"":2}",C4H8N2,C4H8N2,C4H6N2 + H2,"[[0,1,2,3,4,5,6,7,8,9,10,11,12,13]]","[[0,1,2,3,4,5,6,7,9,11,12,13],[8,10]]",H transfer (C-H -> H-H),hydrogen transfer,"[""H transfer"",""fragmentation""]","[""H8-H10@0.747A""]","[""C0-H8@1.099A"",""C2-H10@1.095A""]","{""H-H"":1}","{""C-H"":2}","[""H8-H10@0.901A""]","[""C0-H8@1.099A"",""C2-H10@1.095A""]",107,75,False,False
rxn005283,10,4.5727037602700875,4.111470767099881,-0.4612329931702064,2.276716879297055,6.194292565655132,3.9175756863580773,True,"{""C"":4,""H"":4,""N"":2}",C4H4N2,C4H4N2,C4H4N2,"[[0,1,2,3,4,5,6,7,8,9]]","[[0,1,2,3,4,5,6,7,8,9]]",H transfer (C-H -> C-H),hydrogen transfer,"[""H transfer""]","[""C5-H8@1.079A""]","[""C4-C5@1.390A"",""C4-H8@1.084A""]","{""C-H"":1}","{""C-C"":1,""C-H"":1}","[""C5-H8@1.225A""]",[],183,83,False,False
rxn005403,16,5.135418076500173,14.367987666157774,9.2325695896576,3.5725524262034014,6.52730401123781,2.9547515850344084,True,"{""C"":5,""H"":10,""O"":1}",C5H10O,C5H10O,C5H10O,"[[0,1,2,3,4,5,6,7,8,9,10,11,12,13,14,15]]","[[0,1,2,3,4,5,6,7,8,9,10,11,12,13,14,15]]",bond rearrangement,bond rearrangement,"[""O chemistry"",""rearrangement""]","[""O2-C4@1.421A""]","[""O2-C3@1.428A"",""C3-C4@1.508A""]","{""C-O"":1}","{""C-O"":1,""C-C"":1}","[""O2-C4@1.747A""]","[""C3-C4@1.508A""]",21,104,True,False
rxn005576,14,6.851453928769843,-1.0537406731160814,-7.905194601885924,0.8837382753554266,-9.907158961971106,-10.790897237326533,False,"{""C"":5,""H"":8,""O"":1}",C5H8O,C5H8O,C5H6O + H2,"[[0,1,2,3,4,5,6,7,8,9,10,11,12,13]]","[[0,1,2,3,4,5,6,7,9,10,12,13],[8,11]]",H transfer (C-H -> H-H),hydrogen transfer,"[""H transfer"",""fragmentation""]","[""H8-H11@0.746A""]","[""C0-C4@1.535A"",""C1-H8@1.088A"",""C3-H11@1.089A""]","{""H-H"":1}","{""C-C"":1,""C-H"":2}","[""H8-H11@0.824A""]","[""C1-H8@1.088A"",""C3-H11@1.089A""]",31,11,True,True
rxn005587,17,5.000510078026309,8.346513799087646,3.3460037210613365,0.8700960808791933,3.6857010763038147,2.8156049954246214,True,"{""C"":5,""H"":12}",C5H12,C5H12,C4H8 + CH4,"[[0,1,2,3,4,5,6,7,8,9,10,11,12,13,14,15,16]]","[[0,1,3,4,5,6,7,12,13,14,15,16],[2,8,9,10,11]]",H transfer (C-H -> C-H),hydrogen transfer,"[""H transfer"",""fragmentation""]","[""C2-H11@1.090A""]","[""C1-C2@1.530A"",""C3-H11@1.093A""]","{""C-H"":1}","{""C-C"":1,""C-H"":1}","[""C1-H11@1.324A""]","[""C1-C2@1.530A""]",94,109,False,False
rxn005619,9,4.060269642166531,12.215474347629353,8.155204705462822,1.8572729361858364,2.996143998349339,1.1388710621635028,True,"{""C"":2,""H"":5,""N"":1,""O"":1}",C2H5NO,C2H5NO,CH3N + CH2O,"[[0,1,2,3,4,5,6,7,8]]","[[0,1,4,5,7],[2,3,6,8]]",H transfer (C-H -> C-H),hydrogen transfer,"[""H transfer"",""N chemistry"",""fragmentation""]","[""C2-H6@1.104A""]","[""C0-H6@1.091A"",""N1-C2@1.352A""]","{""C-H"":1}","{""C-H"":1,""C-N"":1}","[""C2-H6@1.271A""]","[""C0-H6@1.091A""]",29,163,True,False
rxn005625,12,2.690078731995527,5.0098945331289695,2.3198158011334424,1.8875866463176862,-14.554356773278053,-16.441943419595738,True,"{""C"":5,""H"":6,""O"":1}",C5H6O,C5H6O,C5H6O,"[[0,1,2,3,4,5,6,7,8,9,10,11]]","[[0,1,2,3,4,5,6,7,8,9,10,11]]",H transfer (C-H -> C-H),hydrogen transfer,"[""H transfer""]","[""C5-H8@1.090A""]","[""C1-C5@1.519A"",""C1-H8@1.081A""]","{""C-H"":1}","{""C-C"":1,""C-H"":1}","[""C5-H8@1.275A""]",[],131,7,False,True
rxn005670,12,3.290532332051953,12.151996717397402,8.86146438534545,2.809180934183132,10.369403612032173,7.5602226778490405,True,"{""C"":4,""H"":6,""N"":2}",C4H6N2,C4H6N2,C4H6N2,"[[0,1,2,3,4,5,6,7,8,9,10,11]]","[[0,1,2,3,4,5,6,7,8,9,10,11]]",H transfer (C-H -> N-H),hydrogen transfer,"[""H transfer"",""N chemistry"",""geometrically high coordination""]","[""N0-H8@1.028A""]","[""C2-H8@1.078A""]","{""H-N"":1}","{""C-H"":1}","[""N0-H8@1.269A""]","[""C2-H8@1.078A""]",22,24,True,True
rxn005682,14,2.8706395425670053,5.873179624382097,3.0025400818150914,1.6568907504997696,5.7619317675149375,4.105041017015168,True,"{""C"":5,""H"":8,""O"":1}",C5H8O,C5H8O,C5H6O + H2,"[[0,1,2,3,4,5,6,7,8,9,10,11,12,13]]","[[0,1,2,3,4,5,6,7,9,10,11,12],[8,13]]",H transfer (C-H -> H-H),hydrogen transfer,"[""H transfer"",""fragmentation""]","[""H8-H13@0.747A""]","[""C2-H8@1.092A"",""C5-H13@1.092A""]","{""H-H"":1}","{""C-H"":2}",[],"[""C2-H8@1.092A"",""C5-H13@1.092A""]",109,74,False,False
rxn005710,10,3.419033861342541,6.066706728289738,2.6476728669471967,2.3867550122613466,4.602120088893102,2.2153650766317554,True,"{""C"":4,""H"":4,""O"":2}",C4H4O2,C4H4O2,C4H4O2,"[[0,1,2,3,4,5,6,7,8,9]]","[[0,1,2,3,4,5,6,7,8,9]]",H transfer (C-H -> C-H),hydrogen transfer,"[""H transfer""]","[""C4-H7@1.091A""]","[""C3-H7@1.092A""]","{""C-H"":1}","{""C-H"":1}","[""C4-H7@1.189A""]","[""C3-H7@1.092A""]",119,130,False,False
rxn005856,16,4.863495719612729,10.004219772431775,5.140724052819046,0.8197701567387412,3.872804017635339,3.0530338608965977,True,"{""C"":5,""H"":10,""O"":1}",C5H10O,C5H10O,C5H10O,"[[0,1,2,3,4,5,6,7,8,9,10,11,12,13,14,15]]","[[0,1,2,3,4,5,6,7,8,9,10,11,12,13,14,15]]",H transfer (C-H -> C-H),hydrogen transfer,"[""H transfer""]","[""C2-H7@1.091A""]","[""C0-H7@1.092A"",""C1-C2@1.523A""]","{""C-H"":1}","{""C-H"":1,""C-C"":1}","[""C1-H7@1.345A""]","[""C0-H7@1.092A"",""C1-C2@1.523A""]",64,100,False,False
rxn005911,11,4.622570492267187,7.724136793524323,3.1015663012571366,2.9208264518983924,5.499368897400075,2.5785424455016823,True,"{""C"":3,""H"":5,""N"":1,""O"":2}",C3H5NO2,C3H5NO2,C2H4 + CHNO2,"[[0,1,2,3,4,5,6,7,8,9,10]]","[[3,4,7,8,9,10],[0,1,2,5,6]]",bond rearrangement,bond rearrangement,"[""N chemistry"",""O chemistry"",""fragmentation"",""rearrangement""]","[""N0-O2@1.558A""]","[""O2-C3@1.421A"",""C4-O5@1.424A""]","{""N-O"":1}","{""C-O"":2}",[],"[""O2-C3@1.421A"",""C4-O5@1.424A""]",106,121,False,False
rxn005999,13,3.06251940000584,9.849836480051692,6.787317080045852,2.254865170136327,7.202421888765151,4.9475567186288245,True,"{""C"":4,""H"":7,""N"":1,""O"":1}",C4H7NO,C4H7NO,C4H7NO,"[[0,1,2,3,4,5,6,7,8,9,10,11,12]]","[[0,1,2,3,4,5,6,7,8,9,10,11,12]]",H transfer (C-H -> N-H),hydrogen transfer,"[""H transfer"",""N chemistry"",""geometrically high coordination""]","[""N1-H10@1.011A""]","[""C2-H10@1.084A""]","{""H-N"":1}","{""C-H"":1}","[""N1-H10@1.128A""]",[],43,56,True,False
rxn006048,14,3.3540698304796024,15.877446100334879,12.523376269855277,-0.09947343470776104,1.5189156632963687,1.6183890980041298,True,"{""C"":5,""H"":8,""O"":1}",C5H8O,C5H8O,C5H8O,"[[0,1,2,3,4,5,6,7,8,9,10,11,12,13]]","[[0,1,2,3,4,5,6,7,8,9,10,11,12,13]]",H transfer (C-H -> C-H),hydrogen transfer,"[""H transfer""]","[""C4-H9@1.089A""]","[""C2-H9@1.091A""]","{""C-H"":1}","{""C-H"":1}","[""C2-C4@1.688A"",""C4-H9@1.335A""]",[],8,146,True,False
rxn006144,10,3.545775121434417,1.967919980809178,-1.577855140625239,0.4810987755226961,-2.7241572725958605,-3.2052560481185566,True,"{""C"":3,""H"":4,""N"":2,""O"":1}",C3H4N2O,C3H4N2O,C3H4N2O,"[[0,1,2,3,4,5,6,7,8,9]]","[[0,1,2,3,4,5,6,7,8,9]]",H transfer (N-H -> C-H),hydrogen transfer,"[""H transfer"",""N chemistry""]","[""C2-H7@1.091A""]","[""N0-H7@1.004A""]","{""C-H"":1}","{""H-N"":1}",[],[],149,98,False,False
rxn006264,14,2.4667905836940918,2.1966541587248045,-0.27013642496928725,-0.10432074860182183,0.3525389591971262,0.456859707798948,True,"{""C"":5,""H"":8,""O"":1}",C5H8O,C5H8O,C5H8O,"[[0,1,2,3,4,5,6,7,8,9,10,11,12,13]]","[[0,1,2,3,4,5,6,7,8,9,10,11,12,13]]",bond rearrangement,bond rearrangement,"[""O chemistry"",""rearrangement""]","[""C2-O5@1.439A""]","[""C2-C3@1.515A""]","{""C-O"":1}","{""C-C"":1}",[],"[""C2-C3@1.515A""]",192,182,False,False
rxn006268,12,3.485052099404129,6.816116511122722,3.331064411718593,1.9456198255356867,3.3587945082533253,1.4131746827176386,True,"{""C"":4,""H"":6,""O"":2}",C4H6O2,C4H6O2,C4H6O2,"[[0,1,2,3,4,5,6,7,8,9,10,11]]","[[0,1,2,3,4,5,6,7,8,9,10,11]]",H transfer (C-H -> O-H),hydrogen transfer,"[""H transfer"",""O chemistry""]","[""O0-H6@0.960A""]","[""C1-H6@1.099A""]","{""H-O"":1}","{""C-H"":1}","[""O0-H6@1.214A""]",[],95,155,False,False
rxn006292,14,3.9450358705125836,5.3247639967202645,1.3797281262076808,3.685770223260988,5.359414445258793,1.6736442219978045,True,"{""C"":4,""H"":8,""O"":2}",C4H8O2,C4H8O2,C4H6O2 + H2,"[[0,1,2,3,4,5,6,7,8,9,10,11,12,13]]","[[0,1,2,3,4,5,6,7,8,9,11,13],[10,12]]",H transfer (C-H -> H-H),hydrogen transfer,"[""H transfer"",""fragmentation""]","[""H10-H12@0.754A""]","[""C2-H10@1.093A"",""C4-H12@1.102A""]","{""H-H"":1}","{""C-H"":2}","[""H10-H12@0.844A""]","[""C2-H10@1.093A"",""C4-H12@1.102A""]",157,145,False,False
rxn006364,19,4.572313121772822,3.712645438025845,-0.8596676837469772,0.03165086949047691,-0.4515328586894327,-0.4831837281799096,True,"{""C"":5,""H"":12,""O"":2}",C5H12O2,C5H12O2,C5H10O + H2O,"[[0,1,2,3,4,5,6,7,8,9,10,11,12,13,14,15,16,17,18]]","[[0,1,2,3,4,5,8,9,10,11,12,13,14,15,16,17],[6,7,18]]",H transfer (C-H -> O-H),hydrogen transfer,"[""H transfer"",""O chemistry"",""fragmentation""]","[""C0-C5@1.551A"",""O6-H7@0.959A""]","[""C0-H7@1.092A"",""C5-O6@1.425A""]","{""C-C"":1,""H-O"":1}","{""C-H"":1,""C-O"":1}","[""O6-H7@1.094A""]","[""C0-H7@1.092A"",""C5-O6@1.425A""]",172,181,False,False
rxn006559,14,2.283749060701666,-33.21838541121478,-35.50213447191645,-1.743471174617298,-51.11807030105638,-49.37459912643908,False,"{""C"":5,""H"":7,""N"":1,""O"":1}",C5H7NO,C5H7NO,C5H7NO,"[[0,1,2,3,4,5,6,7,8,9,10,11,12,13]]","[[0,1,2,3,4,5,6,7,8,9,10,11,12,13]]",multi-bond dissociation,bond formation/dissociation,"[""N chemistry"",""geometrically high coordination""]",[],"[""C1-C6@1.516A"",""C2-N5@1.535A"",""C2-C6@1.836A""]",{},"{""C-C"":2,""C-N"":1}",[],"[""C2-N5@1.535A"",""C2-C6@1.836A""]",1,1,True,True
rxn006753,12,4.150777556409594,2.7416680216431786,-1.409109534766415,1.9866180157296185,5.890318116518095,3.903700100788477,True,"{""C"":4,""H"":5,""N"":1,""O"":2}",C4H5NO2,C4H5NO2,C4H5NO2,"[[0,1,2,3,4,5,6,7,8,9,10,11]]","[[0,1,2,3,4,5,6,7,8,9,10,11]]",bond rearrangement,bond rearrangement,"[""N chemistry"",""O chemistry"",""rearrangement""]","[""C2-C6@1.512A"",""O3-N4@1.455A""]","[""N4-C6@1.440A""]","{""C-C"":1,""N-O"":1}","{""C-N"":1}","[""C2-C6@1.610A""]","[""N4-C6@1.440A""]",155,84,False,False
rxn006766,16,4.370859819733596,6.492917793253589,2.1220579735199934,1.2455196420014545,2.5664057733015184,1.320886131300064,True,"{""C"":4,""H"":9,""N"":1,""O"":2}",C4H9NO2,C4H9NO2,C4H7NO2 + H2,"[[0,1,2,3,4,5,6,7,8,9,10,11,12,13,14,15]]","[[0,1,2,3,4,5,6,7,8,9,10,12,13,14],[11,15]]",H transfer (C/O-H -> C/H-H),hydrogen transfer,"[""H transfer"",""O chemistry"",""fragmentation""]","[""C4-H13@1.094A"",""H11-H15@0.746A""]","[""C4-H11@1.089A"",""C5-H13@1.100A"",""O6-H15@0.972A""]","{""C-H"":1,""H-H"":1}","{""C-H"":2,""H-O"":1}","[""H11-H15@0.819A""]","[""C4-H11@1.089A"",""O6-H15@0.972A""]",134,157,False,False
rxn006920,14,3.0375683547699737,2.7108570122055013,-0.3267113425644723,0.09173848660066142,-0.8827691061790048,-0.9745075927796663,True,"{""C"":4,""H"":7,""N"":3}",C4H7N3,C4H7N3,C4H7N3,"[[0,1,2,3,4,5,6,7,8,9,10,11,12,13]]","[[0,1,2,3,4,5,6,7,8,9,10,11,12,13]]",H transfer (N-H -> C-H),hydrogen transfer,"[""H transfer"",""N chemistry""]","[""C5-H10@1.090A""]","[""N4-H10@1.008A""]","{""C-H"":1}","{""H-N"":1}",[],[],186,167,False,False
rxn007038,17,5.71662409433884,12.041323313622655,6.324699219283815,3.138259983374155,9.778561627408095,6.64030164403394,True,"{""C"":6,""H"":10,""O"":1}",C6H10O,C6H10O,C6H8O + H2,"[[0,1,2,3,4,5,6,7,8,9,10,11,12,13,14,15,16]]","[[0,1,2,3,4,5,6,7,8,9,10,11,13,15,16],[12,14]]",H transfer (C-H -> H-H),hydrogen transfer,"[""H transfer"",""fragmentation""]","[""H12-H14@0.747A""]","[""C3-H12@1.091A"",""C4-H14@1.088A""]","{""H-H"":1}","{""C-H"":2}",[],"[""C3-H12@1.091A""]",49,37,True,True
rxn007050,17,3.73251813038587,6.28155826349451,2.5490401331086403,2.6099256454726856,3.521639084834433,0.9117134393617476,True,"{""C"":5,""H"":10,""O"":2}",C5H10O2,C5H10O2,C4H6O2 + CH4,"[[0,1,2,3,4,5,6,7,8,9,10,11,12,13,14,15,16]]","[[1,2,3,4,5,6,11,12,13,14,15,16],[0,7,8,9,10]]",H transfer (C-H -> C-H),hydrogen transfer,"[""H transfer"",""fragmentation""]","[""C0-H10@1.090A""]","[""C0-C1@1.521A"",""C1-H10@1.095A""]","{""C-H"":1}","{""C-C"":1,""C-H"":1}","[""C0-H10@1.337A""]","[""C0-C1@1.521A""]",123,169,False,False
rxn007125,14,2.937052084502284,9.710430364249284,6.773378279747,2.631108716450399,1.6701793281047586,-0.9609293883456402,True,"{""C"":5,""H"":7,""N"":1,""O"":1}",C5H7NO,C5H7NO,C5H7NO,"[[0,1,2,3,4,5,6,7,8,9,10,11,12,13]]","[[0,1,2,3,4,5,6,7,8,9,10,11,12,13]]",H transfer (C-H -> C-H),hydrogen transfer,"[""H transfer""]","[""C5-H10@1.090A""]","[""C4-C5@1.490A"",""C4-H10@1.081A""]","{""C-H"":1}","{""C-C"":1,""C-H"":1}","[""C5-H10@1.186A""]","[""C4-H10@1.081A""]",44,168,True,False
rxn007149,15,3.4078333581601328,8.153718916903571,4.7458855587434385,2.4717113139067806,8.313802169237768,5.842090855330987,True,"{""C"":5,""H"":8,""O"":2}",C5H8O2,C5H8O2,C3H4O + C2H4O,"[[0,1,2,3,4,5,6,7,8,9,10,11,12,13,14]]","[[0,1,5,6,7,12,13,14],[2,3,4,8,9,10,11]]",H transfer (C-H -> O-H),hydrogen transfer,"[""H transfer"",""O chemistry"",""fragmentation""]","[""O4-H11@0.968A""]","[""C1-C2@1.508A"",""C5-H11@1.083A""]","{""H-O"":1}","{""C-C"":1,""C-H"":1}","[""O4-H11@1.158A""]","[""C1-C2@1.508A""]",70,44,False,True
rxn007206,10,6.577949363107109,4.067440453841186,-2.5105089092659227,5.365855249177912,1.1488426758859163,-4.217012573291996,True,"{""C"":3,""H"":3,""N"":1,""O"":3}",C3H3NO3,C3H3NO3,C3H3NO3,"[[0,1,2,3,4,5,6,7,8,9]]","[[0,1,2,3,4,5,6,7,8,9]]",bond rearrangement,bond rearrangement,"[""N chemistry"",""O chemistry"",""rearrangement""]","[""N0-O2@1.480A"",""C1-O4@1.402A""]","[""O2-C3@1.359A""]","{""N-O"":1,""C-O"":1}","{""C-O"":1}","[""C1-O4@1.591A""]","[""O2-C3@1.359A""]",125,69,False,False
rxn007261,16,3.700353640539106,1.881843742065115,-1.818509898473991,2.715593896480641,-0.15496358310242897,-2.87055747958307,True,"{""C"":5,""H"":9,""N"":1,""O"":1}",C5H9NO,C5H9NO,C5H9NO,"[[0,1,2,3,4,5,6,7,8,9,10,11,12,13,14,15]]","[[0,1,2,3,4,5,6,7,8,9,10,11,12,13,14,15]]",H transfer (C-H -> N-H),hydrogen transfer,"[""H transfer"",""N chemistry""]","[""N6-H13@1.006A""]","[""C3-H13@1.093A""]","{""H-N"":1}","{""C-H"":1}","[""N6-H13@1.239A""]","[""C3-H13@1.093A""]",143,107,False,False
rxn007313,12,4.87414825894848,-3.9201801797015037,-8.794328438649984,1.061327803912718,-11.495249429799728,-12.556577233712446,False,"{""C"":3,""H"":5,""N"":3,""O"":1}",C3H5N3O,C3H5N3O,C2H3NO + CH2N2,"[[0,1,2,3,4,5,6,7,8,9,10,11]]","[[0,1,2,3,7,8,9],[4,5,6,10,11]]",H transfer (C-H -> N-H),hydrogen transfer,"[""H transfer"",""N chemistry"",""fragmentation""]","[""N6-H11@1.010A""]","[""C2-N6@1.358A"",""N3-N4@1.344A"",""C5-H11@1.079A""]","{""H-N"":1}","{""C-N"":1,""N-N"":1,""C-H"":1}",[],"[""N3-N4@1.344A""]",24,10,True,True
rxn007361,15,3.525592104277166,4.512082342814878,0.9864902385377121,3.159955052911755,3.257239005922429,0.09728395301067394,True,"{""C"":6,""H"":8,""O"":1}",C6H8O,C6H8O,C4H4O + C2H4,"[[0,1,2,3,4,5,6,7,8,9,10,11,12,13,14]]","[[2,3,4,5,6,11,12,13,14],[0,1,7,8,9,10]]",bond rearrangement,bond rearrangement,"[""fragmentation"",""geometrically high coordination"",""rearrangement""]","[""C2-C4@1.769A""]","[""C0-C2@1.488A"",""C1-C2@1.490A""]","{""C-C"":1}","{""C-C"":2}",[],"[""C0-C2@1.488A"",""C1-C2@1.490A""]",168,193,False,False
rxn007409,17,4.406685394793385,6.802470077732153,2.3957846829387677,3.1598881890913617,4.727088798096489,1.567200609005127,True,"{""C"":5,""H"":10,""O"":2}",C5H10O2,C5H10O2,C4H6O2 + CH4,"[[0,1,2,3,4,5,6,7,8,9,10,11,12,13,14,15,16]]","[[1,2,3,4,5,6,10,12,13,14,15,16],[0,7,8,9,11]]",H transfer (C-H -> C-H),hydrogen transfer,"[""H transfer"",""fragmentation""]","[""C0-H11@1.091A""]","[""C0-C1@1.508A"",""C3-H11@1.090A""]","{""C-H"":1}","{""C-C"":1,""C-H"":1}","[""C0-H11@1.356A""]","[""C0-C1@1.508A""]",129,147,False,False
rxn007485,13,4.0423691677879106,7.1718628921282175,3.129493724340307,3.460153019754216,8.938530523257654,5.478377503503438,True,"{""C"":4,""H"":6,""N"":2,""O"":1}",C4H6N2O,C4H6N2O,C4H4N2O + H2,"[[0,1,2,3,4,5,6,7,8,9,10,11,12]]","[[0,1,2,3,4,5,6,7,9,10,11],[8,12]]",H transfer (C/N-H -> H-H),hydrogen transfer,"[""H transfer"",""N chemistry"",""fragmentation""]","[""H8-H12@0.748A""]","[""C0-H8@1.087A"",""N6-H12@1.004A""]","{""H-H"":1}","{""C-H"":1,""H-N"":1}","[""H8-H12@0.836A""]","[""C0-H8@1.087A"",""N6-H12@1.004A""]",103,48,False,True
rxn007508,15,3.4332297449436737,5.839635074829097,2.4064053298854233,0.8400162662164803,3.099993849409664,2.2599775831931836,True,"{""C"":4,""H"":8,""O"":3}",C4H8O3,C4H8O3,C4H8O3,"[[0,1,2,3,4,5,6,7,8,9,10,11,12,13,14]]","[[0,1,2,3,4,5,6,7,8,9,10,11,12,13,14]]",bond rearrangement,bond rearrangement,"[""O chemistry"",""rearrangement""]","[""C1-O4@1.416A""]","[""C1-C2@1.517A""]","{""C-O"":1}","{""C-C"":1}",[],"[""C1-C2@1.517A""]",128,126,False,False
rxn007558,16,2.4152770294858783,3.1149856916150114,0.6997086621291331,1.212278762232927,1.3017991696530657,0.08952040742013878,True,"{""C"":6,""H"":9,""N"":1}",C6H9N,C6H9N,C6H9N,"[[0,1,2,3,4,5,6,7,8,9,10,11,12,13,14,15]]","[[0,1,2,3,4,5,6,7,8,9,10,11,12,13,14,15]]",C-C dissociation,bond formation/dissociation,[],[],"[""C1-C5@1.475A""]",{},"{""C-C"":1}",[],"[""C1-C5@1.475A""]",179,195,False,False
rxn007636,16,2.6303358423310783,16.76749533549802,14.13715949316694,2.264527266712321,6.3250963663718025,4.060569099659482,True,"{""C"":6,""H"":9,""N"":1}",C6H9N,C6H9N,C6H9N,"[[0,1,2,3,4,5,6,7,8,9,10,11,12,13,14,15]]","[[0,1,2,3,4,5,6,7,8,9,10,11,12,13,14,15]]",H transfer (C-H -> C-H),hydrogen transfer,"[""H transfer""]","[""C1-H11@1.093A""]","[""C1-C2@1.493A"",""C2-H11@1.085A""]","{""C-H"":1}","{""C-C"":1,""C-H"":1}","[""C1-H11@1.246A""]",[],7,77,True,False
rxn007684,15,5.11758660475607,1.5128969068241744,-3.604689697931896,3.219689047173233,0.2546180787367973,-2.965070968436436,True,"{""C"":5,""H"":8,""O"":2}",C5H8O2,C5H8O2,C5H6O2 + H2,"[[0,1,2,3,4,5,6,7,8,9,10,11,12,13,14]]","[[0,1,2,3,4,5,6,7,8,10,12,13,14],[9,11]]",H transfer (C-H -> H-H),hydrogen transfer,"[""H transfer"",""fragmentation""]","[""H9-H11@0.746A""]","[""C0-H9@1.091A"",""C1-C2@1.525A"",""C2-H11@1.082A""]","{""H-H"":1}","{""C-H"":2,""C-C"":1}","[""H9-H11@0.829A""]","[""C0-H9@1.091A"",""C2-H11@1.082A""]",89,103,False,False
rxn007783,21,5.792338816007032,7.311804755975658,1.519465939968626,-0.07903389853254339,-0.016218625873406722,0.06281527265913667,True,"{""C"":7,""H"":14}",C7H14,C7H14,C7H14,"[[0,1,2,3,4,5,6,7,8,9,10,11,12,13,14,15,16,17,18,19,20]]","[[0,1,2,3,4,5,6,7,8,9,10,11,12,13,14,15,16,17,18,19,20]]",bond rearrangement,bond rearrangement,"[""rearrangement""]","[""C1-C5@1.504A"",""C3-C6@1.525A""]","[""C1-C3@1.532A"",""C5-C6@1.503A""]","{""C-C"":2}","{""C-C"":2}","[""C3-C6@1.923A""]","[""C1-C3@1.532A"",""C5-C6@1.503A""]",152,196,False,False
rxn007795,14,3.9096224853674357,0.5548694549746713,-3.3547530303927644,0.1948353214720555,-1.4878751249708415,-1.682710446442897,True,"{""C"":5,""H"":7,""N"":1,""O"":1}",C5H7NO,C5H7NO,C5H7NO,"[[0,1,2,3,4,5,6,7,8,9,10,11,12,13]]","[[0,1,2,3,4,5,6,7,8,9,10,11,12,13]]",H transfer (C-H -> C-H),hydrogen transfer,"[""H transfer""]","[""C2-H9@1.095A""]","[""C0-H9@1.094A""]","{""C-H"":1}","{""C-H"":1}","[""C1-H9@1.167A""]","[""C0-H9@1.094A""]",93,143,False,False
rxn007809,15,3.7404219931722764,7.948056114028056,4.207634120855779,0.9765562458123895,-12.808969350421087,-13.785525596233477,True,"{""C"":5,""H"":8,""O"":2}",C5H8O2,C5H8O2,C5H8O2,"[[0,1,2,3,4,5,6,7,8,9,10,11,12,13,14]]","[[0,1,2,3,4,5,6,7,8,9,10,11,12,13,14]]",H transfer (C-H -> O-H),hydrogen transfer,"[""H transfer"",""O chemistry""]","[""O6-H14@0.961A""]","[""C3-H14@1.089A"",""C4-O6@1.358A""]","{""H-O"":1}","{""C-H"":1,""C-O"":1}","[""O6-H14@1.308A""]",[],79,9,False,True
rxn008083,19,3.11783048003781,4.214285536263972,1.0964550562261621,0.7265204885243293,3.3690585445889667,2.6425380560646374,True,"{""C"":5,""H"":12,""O"":2}",C5H12O2,C5H12O2,C5H10O + H2O,"[[0,1,2,3,4,5,6,7,8,9,10,11,12,13,14,15,16,17,18]]","[[0,1,2,3,4,5,7,8,9,10,11,12,14,15,16,17],[6,13,18]]",H transfer (O-H -> O-H),hydrogen transfer,"[""H transfer"",""O chemistry"",""fragmentation""]","[""O3-C4@1.432A"",""O6-H13@0.969A""]","[""O3-H13@0.963A"",""C4-O6@1.426A""]","{""C-O"":1,""H-O"":1}","{""H-O"":1,""C-O"":1}","[""O6-H13@1.041A""]","[""O3-H13@0.963A"",""C4-O6@1.426A""]",166,116,False,False
rxn008098,18,4.9757428157718095,3.119822046799001,-1.8559207689728083,2.4958947477061884,3.1007045575431675,0.6048098098369792,True,"{""C"":5,""H"":11,""N"":1,""O"":1}",C5H11NO,C5H11NO,C5H11NO,"[[0,1,2,3,4,5,6,7,8,9,10,11,12,13,14,15,16,17]]","[[0,1,2,3,4,5,6,7,8,9,10,11,12,13,14,15,16,17]]",bond rearrangement,bond rearrangement,"[""N chemistry"",""O chemistry"",""rearrangement""]","[""N2-O5@1.469A"",""C3-C4@1.508A""]","[""N2-C3@1.444A""]","{""N-O"":1,""C-C"":1}","{""C-N"":1}","[""C3-C4@1.559A""]","[""N2-C3@1.444A""]",140,175,False,False
rxn008120,18,3.3786634813714045,4.727627711136407,1.3489642297650022,0.8066952081007912,1.9262138434516203,1.119518635350829,True,"{""C"":5,""H"":11,""N"":1,""O"":1}",C5H11NO,C5H11NO,C5H11NO,"[[0,1,2,3,4,5,6,7,8,9,10,11,12,13,14,15,16,17]]","[[0,1,2,3,4,5,6,7,8,9,10,11,12,13,14,15,16,17]]",bond rearrangement,bond rearrangement,"[""N chemistry"",""O chemistry"",""rearrangement""]","[""C0-O3@1.420A""]","[""C0-N1@1.444A""]","{""C-O"":1}","{""C-N"":1}",[],"[""C0-N1@1.444A""]",159,164,False,False
rxn008195,12,4.083330040286455,14.77006462512383,10.686734584837374,3.97522163542817,13.987773834900885,10.012552199472715,True,"{""C"":5,""H"":5,""N"":1,""O"":1}",C5H5NO,C5H5NO,C5H5NO,"[[0,1,2,3,4,5,6,7,8,9,10,11]]","[[0,1,2,3,4,5,6,7,8,9,10,11]]",C-N formation,bond formation/dissociation,"[""N chemistry""]","[""C4-N6@1.438A""]",[],"{""C-N"":1}",{},"[""C4-C5@1.822A"",""C4-N6@1.653A""]",[],15,14,True,True
rxn008209,15,4.360911203584692,-0.25268938026070487,-4.613600583845397,3.8438036523439223,-1.3476029090230384,-5.191406561366961,False,"{""C"":6,""H"":8,""O"":1}",C6H8O,C6H8O,C6H8O,"[[0,1,2,3,4,5,6,7,8,9,10,11,12,13,14]]","[[0,1,2,3,4,5,6,7,8,9,10,11,12,13,14]]",H transfer (C-H -> C-H),hydrogen transfer,"[""H transfer""]","[""C3-H9@1.086A""]","[""C2-H9@1.093A""]","{""C-H"":1}","{""C-H"":1}","[""C3-H9@1.191A""]","[""C2-H9@1.093A""]",72,51,False,False
rxn008312,13,3.187755402401308,1.3410474752496242,-1.8467079271516837,1.2203650936935446,3.841396174860975,2.6210310811674304,True,"{""C"":4,""H"":6,""N"":2,""O"":1}",C4H6N2O,C4H6N2O,C4H6N2O,"[[0,1,2,3,4,5,6,7,8,9,10,11,12]]","[[0,1,2,3,4,5,6,7,8,9,10,11,12]]",H transfer (C-H -> N-H),hydrogen transfer,"[""H transfer"",""N chemistry""]","[""N6-H12@1.003A""]","[""C5-H12@1.079A""]","{""H-N"":1}","{""C-H"":1}","[""N6-H12@1.245A""]",[],141,117,False,False
rxn008341,13,2.532474195173563,13.934167209830704,11.401693014657141,0.4472195193538937,8.459245745764377,8.012026226410484,True,"{""C"":6,""H"":6,""O"":1}",C6H6O,C6H6O,C6H6O,"[[0,1,2,3,4,5,6,7,8,9,10,11,12]]","[[0,1,2,3,4,5,6,7,8,9,10,11,12]]",bond rearrangement,bond rearrangement,"[""rearrangement""]","[""C1-C6@1.524A"",""C3-C5@1.455A"",""C4-C5@1.418A""]","[""C1-C5@1.471A""]","{""C-C"":3}","{""C-C"":1}","[""C1-C6@1.783A""]",[],14,22,True,True
rxn008398,19,3.1616258020931127,-1.0814828332180042,-4.243108635311117,1.660454418952213,-5.3764161240140425,-7.0368705429662555,False,"{""C"":6,""H"":12,""O"":1}",C6H12O,C6H12O,C6H12O,"[[0,1,2,3,4,5,6,7,8,9,10,11,12,13,14,15,16,17,18]]","[[0,1,2,3,4,5,6,7,8,9,10,11,12,13,14,15,16,17,18]]",H transfer (C-H -> C-H),hydrogen transfer,"[""H transfer""]","[""C3-H10@1.093A""]","[""C2-C3@1.543A"",""C2-H10@1.100A""]","{""C-H"":1}","{""C-C"":1,""C-H"":1}",[],"[""C2-C3@1.543A""]",78,30,False,True
rxn008404,19,4.023372439178274,-0.3184924938161231,-4.3418649329943975,0.020816217951505678,-4.6656476395230015,-4.686463857474507,False,"{""C"":6,""H"":12,""O"":1}",C6H12O,C6H12O,C5H8O + CH4,"[[0,1,2,3,4,5,6,7,8,9,10,11,12,13,14,15,16,17,18]]","[[1,2,3,4,5,6,10,11,12,13,14,15,16,17],[0,7,8,9,18]]",H transfer (C-H -> C-H),hydrogen transfer,"[""H transfer"",""O chemistry"",""fragmentation""]","[""C0-H18@1.090A""]","[""C0-O1@1.403A"",""C2-C5@1.541A"",""C6-H18@1.091A""]","{""C-H"":1}","{""C-O"":1,""C-C"":1,""C-H"":1}",[],"[""C0-O1@1.403A""]",77,60,False,False
rxn008438,15,4.050504643009845,1.4441817568653903,-2.6063228861444543,2.6884923734833137,-1.33179625219843,-4.020288625681744,True,"{""C"":6,""H"":8,""O"":1}",C6H8O,C6H8O,C6H8O,"[[0,1,2,3,4,5,6,7,8,9,10,11,12,13,14]]","[[0,1,2,3,4,5,6,7,8,9,10,11,12,13,14]]",H transfer (C-H -> C-H),hydrogen transfer,"[""H transfer""]","[""C5-H12@1.090A""]","[""C4-C5@1.518A"",""C4-H12@1.098A""]","{""C-H"":1}","{""C-C"":1,""C-H"":1}",[],"[""C4-C5@1.518A""]",121,79,False,False
rxn008452,15,5.783114754720373,15.455364227046488,9.672249472326115,1.58069340768634,5.753989750918237,4.173296343231897,True,"{""C"":6,""H"":8,""O"":1}",C6H8O,C6H8O,C6H8O,"[[0,1,2,3,4,5,6,7,8,9,10,11,12,13,14]]","[[0,1,2,3,4,5,6,7,8,9,10,11,12,13,14]]",H transfer (C-H -> C-H),hydrogen transfer,"[""H transfer""]","[""C4-H7@1.094A""]","[""C0-H7@1.093A"",""C4-C5@1.518A""]","{""C-H"":1}","{""C-H"":1,""C-C"":1}","[""C5-H7@1.200A""]","[""C0-H7@1.093A"",""C4-C5@1.518A""]",19,72,True,False
rxn008525,13,3.1539967579810764,11.633528449770864,8.479531691789788,-0.16929602865275228,1.5767929796666778,1.74608900831943,True,"{""C"":5,""H"":6,""O"":2}",C5H6O2,C5H6O2,C5H6O2,"[[0,1,2,3,4,5,6,7,8,9,10,11,12]]","[[0,1,2,3,4,5,6,7,8,9,10,11,12]]",H transfer (C-H -> C-H),hydrogen transfer,"[""H transfer""]","[""C4-H12@1.099A""]","[""C4-C5@1.480A"",""C6-H12@1.080A""]","{""C-H"":1}","{""C-C"":1,""C-H"":1}","[""C4-H12@1.173A""]","[""C6-H12@1.080A""]",25,140,True,False
rxn008538,13,5.337553611530893,7.264859234856402,1.927305623325509,3.2410413131074165,5.106300113415642,1.8652588003082258,True,"{""C"":4,""H"":6,""O"":3}",C4H6O3,C4H6O3,C4H6O3,"[[0,1,2,3,4,5,6,7,8,9,10,11,12]]","[[0,1,2,3,4,5,6,7,8,9,10,11,12]]",O-O formation,O-O/peroxide chemistry,"[""O chemistry"",""O-O/peroxide topology""]","[""O0-O6@1.418A""]","[""O0-C1@1.381A""]","{""O-O"":1}","{""C-O"":1}",[],"[""O0-C1@1.381A""]",139,133,False,False
rxn008551,13,4.040214621927589,11.464441014706871,7.424226392779282,3.4764440930193814,10.629651750554778,7.153207657535397,True,"{""C"":4,""H"":6,""N"":2,""O"":1}",C4H6N2O,C4H6N2O,C4H6N2O,"[[0,1,2,3,4,5,6,7,8,9,10,11,12]]","[[0,1,2,3,4,5,6,7,8,9,10,11,12]]",H transfer (C-H -> N-H),hydrogen transfer,"[""H transfer"",""N chemistry"",""geometrically high coordination""]","[""N5-H12@1.022A""]","[""C6-H12@1.076A""]","{""H-N"":1}","{""C-H"":1}","[""N5-H12@1.246A""]","[""C6-H12@1.076A""]",34,27,True,True
rxn008554,13,4.919922191646037,6.037617492094391,1.1176953004483536,2.4046856967197527,2.8947280503799746,0.49004235366022186,True,"{""C"":4,""H"":6,""N"":2,""O"":1}",C4H6N2O,C4H6N2O,C4H6N2O,"[[0,1,2,3,4,5,6,7,8,9,10,11,12]]","[[0,1,2,3,4,5,6,7,8,9,10,11,12]]",bond rearrangement,bond rearrangement,"[""N chemistry"",""rearrangement""]","[""N0-C5@1.321A"",""C1-C5@1.460A"",""C4-N6@1.447A""]","[""N0-C1@1.259A"",""C4-C5@1.459A""]","{""C-N"":2,""C-C"":1}","{""C-N"":1,""C-C"":1}","[""N0-C5@1.461A"",""C1-C5@1.490A""]",[],164,180,False,False
rxn008577,16,2.678169173558672,5.298947573084575,2.6207783995259035,2.1950602058577715,0.40965464190716716,-1.7854055639506043,True,"{""C"":6,""H"":9,""N"":1}",C6H9N,C6H9N,C6H9N,"[[0,1,2,3,4,5,6,7,8,9,10,11,12,13,14,15]]","[[0,1,2,3,4,5,6,7,8,9,10,11,12,13,14,15]]",H transfer (C-H -> C-H),hydrogen transfer,"[""H transfer""]","[""C3-H14@1.100A""]","[""C5-H14@1.078A""]","{""C-H"":1}","{""C-H"":1}","[""C3-H14@1.271A""]",[],120,138,False,False
rxn008582,16,2.0938666931651824,5.077743063778449,2.9838763706132667,0.5970454174666884,0.002953115588141486,-0.5940923018785469,True,"{""C"":6,""H"":9,""N"":1}",C6H9N,C6H9N,C6H9N,"[[0,1,2,3,4,5,6,7,8,9,10,11,12,13,14,15]]","[[0,1,2,3,4,5,6,7,8,9,10,11,12,13,14,15]]",H transfer (N-H -> C-H),hydrogen transfer,"[""H transfer"",""N chemistry""]","[""C2-H15@1.095A""]","[""N6-H15@1.002A""]","{""C-H"":1}","{""H-N"":1}","[""C1-H15@1.278A""]",[],110,176,False,False
rxn008626,16,3.944706882131868,10.096644634549818,6.15193775241795,0.44292066183516,0.35086865144873514,-0.09205201038642485,True,"{""C"":4,""H"":9,""N"":1,""O"":2}",C4H9NO2,C4H9NO2,C4H6O2 + H3N,"[[0,1,2,3,4,5,6,7,8,9,10,11,12,13,14,15]]","[[0,1,2,3,4,5,7,8,10,11,12,13],[6,9,14,15]]",H transfer (C-H -> N-H),hydrogen transfer,"[""H transfer"",""N chemistry"",""fragmentation""]","[""C0-C4@1.513A"",""N6-H9@1.013A""]","[""C0-H9@1.092A"",""C4-N6@1.358A""]","{""C-C"":1,""H-N"":1}","{""C-H"":1,""C-N"":1}","[""N6-H9@1.187A""]","[""C0-H9@1.092A""]",51,194,False,False
rxn008659,21,3.8967720116179407,5.539272927703976,1.6425009160860355,3.8853436511708423,5.614967283813996,1.729623632643154,True,"{""C"":6,""H"":14,""O"":1}",C6H14O,C6H14O,C6H12O + H2,"[[0,1,2,3,4,5,6,7,8,9,10,11,12,13,14,15,16,17,18,19,20]]","[[0,1,2,3,4,5,6,8,9,11,12,13,14,15,16,17,18,19,20],[7,10]]",H transfer (C-H -> H-H),hydrogen transfer,"[""H transfer"",""fragmentation""]","[""H7-H10@0.767A""]","[""C0-H7@1.098A"",""C2-H10@1.102A""]","{""H-H"":1}","{""C-H"":2}","[""H7-H10@0.802A""]","[""C0-H7@1.098A"",""C2-H10@1.102A""]",146,141,False,False
rxn008800,15,3.053095498296898,3.798321007596421,0.745225509299523,0.642414349498722,0.6725990691099071,0.030184719611185074,True,"{""C"":6,""H"":8,""O"":1}",C6H8O,C6H8O,C6H8O,"[[0,1,2,3,4,5,6,7,8,9,10,11,12,13,14]]","[[0,1,2,3,4,5,6,7,8,9,10,11,12,13,14]]",H transfer (C-H -> O-H),hydrogen transfer,"[""H transfer"",""O chemistry""]","[""O0-H8@0.960A""]","[""C2-H8@1.090A""]","{""H-O"":1}","{""C-H"":1}","[""O0-H8@1.265A""]","[""C2-H8@1.090A""]",177,198,False,False
rxn008955,13,3.2914187021433463,9.773739191400566,6.482320489257219,2.992090239771642,6.557493565881394,3.5654033261097524,True,"{""C"":5,""H"":6,""O"":2}",C5H6O2,C5H6O2,C5H6O2,"[[0,1,2,3,4,5,6,7,8,9,10,11,12]]","[[0,1,2,3,4,5,6,7,8,9,10,11,12]]",H transfer (C-H -> O-H),hydrogen transfer,"[""H transfer"",""O chemistry"",""geometrically high coordination""]","[""O5-H9@0.963A""]","[""C4-H9@1.086A""]","{""H-O"":1}","{""C-H"":1}","[""O5-H9@1.103A""]",[],46,94,True,False
rxn009023,15,3.6959991602234368,18.38915606659173,14.693156906368294,1.2508191655979317,-15.8616370764057,-17.11245624200363,True,"{""C"":6,""H"":8,""O"":1}",C6H8O,C6H8O,C6H8O,"[[0,1,2,3,4,5,6,7,8,9,10,11,12,13,14]]","[[0,1,2,3,4,5,6,7,8,9,10,11,12,13,14]]",bond rearrangement,bond rearrangement,"[""rearrangement""]","[""C0-C5@1.516A""]","[""C0-C1@1.485A"",""C1-C5@1.530A""]","{""C-C"":1}","{""C-C"":2}",[],"[""C1-C5@1.530A""]",6,6,True,True
rxn009056,15,2.0813007362266944,3.6208654771873086,1.5395647409606141,0.7320170960283576,4.801676475542095,4.0696593795137375,True,"{""C"":5,""H"":8,""N"":2}",C5H8N2,C5H8N2,C5H8N2,"[[0,1,2,3,4,5,6,7,8,9,10,11,12,13,14]]","[[0,1,2,3,4,5,6,7,8,9,10,11,12,13,14]]",bond rearrangement,bond rearrangement,"[""N chemistry"",""rearrangement""]","[""C1-N3@1.452A""]","[""C1-C2@1.484A""]","{""C-N"":1}","{""C-C"":1}",[],"[""C1-C2@1.484A""]",151,76,False,False
rxn009060,13,4.1416114200019365,5.983512105286103,1.8419006852841662,4.027042623878515,8.463194114807216,4.436151490928701,True,"{""C"":5,""H"":6,""O"":2}",C5H6O2,C5H6O2,C5H6O2,"[[0,1,2,3,4,5,6,7,8,9,10,11,12]]","[[0,1,2,3,4,5,6,7,8,9,10,11,12]]",H transfer (C-H -> C-H),hydrogen transfer,"[""H transfer"",""O chemistry""]","[""C2-H9@1.094A"",""C3-O5@1.828A""]","[""C2-C3@1.527A"",""C3-H9@1.094A""]","{""C-H"":1,""C-O"":1}","{""C-C"":1,""C-H"":1}","[""C2-H9@1.132A""]","[""C2-C3@1.527A"",""C3-H9@1.094A""]",142,66,False,False
rxn009126,20,6.5226004075466335,8.98888563459542,2.466285227048786,0.14380473399614857,0.09601056486393134,-0.047794169132217235,True,"{""C"":6,""H"":13,""N"":1}",C6H13N,C6H13N,C6H13N,"[[0,1,2,3,4,5,6,7,8,9,10,11,12,13,14,15,16,17,18,19]]","[[0,1,2,3,4,5,6,7,8,9,10,11,12,13,14,15,16,17,18,19]]",H transfer (C-H -> C-H),hydrogen transfer,"[""H transfer""]","[""C4-H15@1.092A"",""C5-C6@1.523A""]","[""C4-C6@1.510A"",""C5-H15@1.089A""]","{""C-H"":1,""C-C"":1}","{""C-C"":1,""C-H"":1}",[],"[""C4-C6@1.510A"",""C5-H15@1.089A""]",126,197,False,False
rxn009204,14,5.543414581261459,8.384766543192747,2.841351961931288,2.6823136200691806,4.374073007828173,1.6917593877589923,True,"{""C"":5,""H"":7,""N"":1,""O"":1}",C5H7NO,C5H7NO,C5H7NO,"[[0,1,2,3,4,5,6,7,8,9,10,11,12,13]]","[[0,1,2,3,4,5,6,7,8,9,10,11,12,13]]",H transfer (C-H -> C-H),hydrogen transfer,"[""H transfer""]","[""C2-H12@1.090A""]","[""C5-H12@1.083A""]","{""C-H"":1}","{""C-H"":1}",[],"[""C5-H12@1.083A""]",113,142,False,False
rxn009261,14,4.8862610075284465,7.4564680842222515,2.570207076693805,1.489727289073926,1.1713610107250645,-0.31836627834886144,True,"{""C"":4,""H"":7,""N"":1,""O"":2}",C4H7NO2,C4H7NO2,C4H5NO2 + H2,"[[0,1,2,3,4,5,6,7,8,9,10,11,12,13]]","[[0,1,2,3,4,5,6,7,8,9,10,11],[12,13]]",H transfer (N-H -> H-H),hydrogen transfer,"[""H transfer"",""N chemistry"",""fragmentation""]","[""C1-N6@1.443A"",""H12-H13@0.746A""]","[""C1-C4@1.522A"",""N6-H12@1.002A"",""N6-H13@1.005A""]","{""C-N"":1,""H-H"":1}","{""C-C"":1,""H-N"":2}","[""H12-H13@0.793A""]","[""N6-H12@1.002A"",""N6-H13@1.005A""]",122,184,False,False
rxn009289,15,3.136433868061431,2.9173902518142185,-0.21904361624721247,0.4023883278532594,0.05548259727115834,-0.34690573058210106,True,"{""C"":6,""H"":8,""O"":1}",C6H8O,C6H8O,C6H8O,"[[0,1,2,3,4,5,6,7,8,9,10,11,12,13,14]]","[[0,1,2,3,4,5,6,7,8,9,10,11,12,13,14]]",H transfer (C-H -> O-H),hydrogen transfer,"[""H transfer"",""O chemistry""]","[""O4-H10@0.960A""]","[""C1-H10@1.097A""]","{""H-O"":1}","{""C-H"":1}","[""O4-H10@1.266A""]","[""C1-H10@1.097A""]",193,183,False,False
rxn009314,14,3.5967236883498117,7.536328498642526,3.939604810292714,2.9256397433982784,6.872779938703772,3.9471401953054936,True,"{""C"":5,""H"":7,""N"":1,""O"":1}",C5H7NO,C5H7NO,C3H3NO + C2H4,"[[0,1,2,3,4,5,6,7,8,9,10,11,12,13]]","[[2,3,4,5,6,7,12,13],[0,1,8,9,10,11]]",H transfer (C-H -> N-H),hydrogen transfer,"[""H transfer"",""N chemistry"",""fragmentation""]","[""N6-H7@1.023A""]","[""C0-H7@1.092A"",""C1-C2@1.510A""]","{""H-N"":1}","{""C-H"":1,""C-C"":1}","[""N6-H7@1.145A""]","[""C0-H7@1.092A"",""C1-C2@1.510A""]",83,82,False,False
rxn009321,14,4.655873185420205,8.647314421244012,3.9914412358238067,3.0764320729413157,11.23551522223999,8.159083149298674,True,"{""C"":5,""H"":7,""N"":1,""O"":1}",C5H7NO,C5H7NO,C3H3NO + C2H4,"[[0,1,2,3,4,5,6,7,8,9,10,11,12,13]]","[[2,3,4,5,6,7,12,13],[0,1,8,9,10,11]]",H transfer (C-H -> C-H),hydrogen transfer,"[""H transfer"",""N chemistry"",""fragmentation""]","[""C2-N6@1.453A"",""C5-H7@1.081A""]","[""C0-H7@1.092A"",""C1-C2@1.510A""]","{""C-N"":1,""C-H"":1}","{""C-H"":1,""C-C"":1}","[""C5-H7@1.133A""]","[""C0-H7@1.092A"",""C1-C2@1.510A""]",82,21,False,True
rxn009328,15,4.428748699690914,-2.892964438593964,-7.321713138284878,0.5600454180239467,-8.61055106730307,-9.170596485327017,False,"{""C"":5,""H"":8,""N"":2}",C5H8N2,C5H8N2,C5H8N2,"[[0,1,2,3,4,5,6,7,8,9,10,11,12,13,14]]","[[0,1,2,3,4,5,6,7,8,9,10,11,12,13,14]]",H transfer (C-H -> C-H),hydrogen transfer,"[""H transfer"",""N chemistry""]","[""C3-H14@1.096A""]","[""N1-N6@1.332A"",""C5-H14@1.080A""]","{""C-H"":1}","{""N-N"":1,""C-H"":1}",[],"[""N1-N6@1.332A""]",36,15,True,True
rxn009384,10,3.8842832343325426,9.384421003048061,5.500137768715518,2.5024923006858444,12.545777990005924,10.04328568932008,True,"{""C"":5,""H"":3,""N"":1,""O"":1}",C5H3NO,C5H3NO,C5H3NO,"[[0,1,2,3,4,5,6,7,8,9]]","[[0,1,2,3,4,5,6,7,8,9]]",H transfer (C-H -> N-H),hydrogen transfer,"[""H transfer"",""N chemistry""]","[""C3-C5@1.532A"",""N6-H9@1.017A""]","[""C4-H9@1.065A""]","{""C-C"":1,""H-N"":1}","{""C-H"":1}","[""N6-H9@1.210A""]","[""C4-H9@1.065A""]",56,13,False,True
rxn009555,17,3.7010011490801844,-1.7797675308515863,-5.480768679931771,2.7761499167881993,-2.8761877991811815,-5.652337715969381,False,"{""C"":6,""H"":10,""O"":1}",C6H10O,C6H10O,C6H10O,"[[0,1,2,3,4,5,6,7,8,9,10,11,12,13,14,15,16]]","[[0,1,2,3,4,5,6,7,8,9,10,11,12,13,14,15,16]]",H transfer (C-H -> C-H),hydrogen transfer,"[""H transfer""]","[""C4-H14@1.090A""]","[""C4-C5@1.550A"",""C5-H14@1.089A""]","{""C-H"":1}","{""C-C"":1,""C-H"":1}","[""C4-H14@1.177A""]","[""C4-C5@1.550A"",""C5-H14@1.089A""]",57,47,False,True
rxn009612,12,2.983947180735413,1.8074469209451678,-1.1765002597902452,-0.294658980326858,-1.0280096452611076,-0.7333506649342496,True,"{""C"":4,""H"":5,""N"":1,""O"":2}",C4H5NO2,C4H5NO2,C4H5NO2,"[[0,1,2,3,4,5,6,7,8,9,10,11]]","[[0,1,2,3,4,5,6,7,8,9,10,11]]",bond rearrangement,bond rearrangement,"[""N chemistry"",""O chemistry"",""rearrangement""]","[""C0-N3@1.434A""]","[""C0-O1@1.424A""]","{""C-N"":1}","{""C-O"":1}",[],"[""C0-O1@1.424A""]",162,173,False,False
rxn009742,14,3.6755720841420043,5.932531956210049,2.2569598720680446,-0.1746700815137956,1.016524667155963,1.1911947486697585,True,"{""C"":6,""H"":7,""N"":1}",C6H7N,C6H7N,C6H7N,"[[0,1,2,3,4,5,6,7,8,9,10,11,12,13]]","[[0,1,2,3,4,5,6,7,8,9,10,11,12,13]]",H transfer (C-H -> C-H),hydrogen transfer,"[""H transfer""]","[""C6-H10@1.084A""]","[""C1-H10@1.094A""]","{""C-H"":1}","{""C-H"":1}","[""C5-H10@1.176A""]","[""C1-H10@1.094A""]",133,161,False,False
rxn009791,12,3.0329573227827495,0.5156269075536386,-2.517330415229111,1.0842155539503437,1.624727537539897,0.5405119835895533,True,"{""C"":4,""H"":5,""N"":1,""O"":2}",C4H5NO2,C4H5NO2,C4H5NO2,"[[0,1,2,3,4,5,6,7,8,9,10,11]]","[[0,1,2,3,4,5,6,7,8,9,10,11]]",bond rearrangement,bond rearrangement,"[""O chemistry"",""rearrangement""]","[""C2-C5@1.525A""]","[""C5-O6@1.382A""]","{""C-C"":1}","{""C-O"":1}",[],"[""C5-O6@1.382A""]",124,178,False,False
rxn009797,20,4.130418854379968,14.521190785810532,10.390771931430564,-0.4848970959192229,-0.2991349935779084,0.18576210234131452,True,"{""C"":6,""H"":13,""N"":1}",C6H13N,C6H13N,C6H13N,"[[0,1,2,3,4,5,6,7,8,9,10,11,12,13,14,15,16,17,18,19]]","[[0,1,2,3,4,5,6,7,8,9,10,11,12,13,14,15,16,17,18,19]]",bond rearrangement,bond rearrangement,"[""N chemistry"",""rearrangement""]","[""C2-C4@1.526A""]","[""C2-N3@1.451A"",""C4-C5@1.482A""]","{""C-C"":1}","{""C-N"":1,""C-C"":1}","[""C2-C4@1.844A""]",[],16,187,True,False
rxn009959,16,3.30549035760032,6.472384567407481,3.166894209807161,1.8129386980681375,4.854448095083711,3.0415093970155738,True,"{""C"":6,""H"":9,""N"":1}",C6H9N,C6H9N,C6H9N,"[[0,1,2,3,4,5,6,7,8,9,10,11,12,13,14,15]]","[[0,1,2,3,4,5,6,7,8,9,10,11,12,13,14,15]]",H transfer (C-H -> C-H),hydrogen transfer,"[""H transfer""]","[""C2-H11@1.097A""]","[""C3-H11@1.093A""]","{""C-H"":1}","{""C-H"":1}","[""C2-H11@1.216A""]","[""C3-H11@1.093A""]",102,101,False,False
rxn009992,14,1.967994572914904,3.3060953769697434,1.3381008040548394,0.4545621527413459,3.042017445277068,2.587455292535722,True,"{""C"":4,""H"":7,""N"":1,""O"":2}",C4H7NO2,C4H7NO2,C4H7NO2,"[[0,1,2,3,4,5,6,7,8,9,10,11,12,13]]","[[0,1,2,3,4,5,6,7,8,9,10,11,12,13]]",C-C dissociation,bond formation/dissociation,[],[],"[""C2-C3@1.488A""]",{},"{""C-C"":1}",[],"[""C2-C3@1.488A""]",160,119,False,False
rxn010111,17,4.914203656242535,10.22461481726404,5.310411161021506,2.8219371585782937,3.127118515193871,0.3051813566155772,True,"{""C"":6,""H"":10,""O"":1}",C6H10O,C6H10O,C6H10O,"[[0,1,2,3,4,5,6,7,8,9,10,11,12,13,14,15,16]]","[[0,1,2,3,4,5,6,7,8,9,10,11,12,13,14,15,16]]",bond rearrangement,bond rearrangement,"[""O chemistry"",""rearrangement""]","[""C4-O6@1.450A""]","[""C4-C5@1.506A""]","{""C-O"":1}","{""C-C"":1}","[""C4-O6@1.726A""]",[],61,185,False,False
rxn010199,13,3.12918874123352,11.438071310144835,8.308882568911315,1.701830825642901,4.363165189888363,2.6613343642454623,True,"{""C"":4,""H"":6,""O"":3}",C4H6O3,C4H6O3,C4H4O3 + H2,"[[0,1,2,3,4,5,6,7,8,9,10,11,12]]","[[0,1,2,3,4,5,6,7,8,9,11],[10,12]]",H transfer (C-H -> H-H),hydrogen transfer,"[""H transfer"",""fragmentation""]","[""H10-H12@0.746A""]","[""C3-H10@1.100A"",""C5-H12@1.102A""]","{""H-H"":1}","{""C-H"":2}","[""C5-H10@1.299A""]","[""C3-H10@1.100A""]",27,115,True,False
rxn010264,11,4.160599596072643,5.792543430028822,1.6319438339561785,3.7184361999079556,-3.020405124071239,-6.738841323979194,True,"{""C"":5,""H"":4,""N"":2}",C5H4N2,C5H4N2,C5H4N2,"[[0,1,2,3,4,5,6,7,8,9,10]]","[[0,1,2,3,4,5,6,7,8,9,10]]",bond rearrangement,bond rearrangement,"[""rearrangement""]","[""C1-C3@1.453A""]","[""C1-C2@1.421A""]","{""C-C"":1}","{""C-C"":1}","[""C1-C3@1.526A""]",[],147,34,False,True
rxn010316,17,3.0323959382822068,-1.763941608537806,-4.796337546820013,1.669052512230337,-5.007049612356155,-6.676102124586492,False,"{""C"":5,""H"":10,""O"":2}",C5H10O2,C5H10O2,C5H10O2,"[[0,1,2,3,4,5,6,7,8,9,10,11,12,13,14,15,16]]","[[0,1,2,3,4,5,6,7,8,9,10,11,12,13,14,15,16]]",H transfer (C-H -> C-H),hydrogen transfer,"[""H transfer""]","[""C1-H11@1.095A""]","[""C1-C2@1.543A"",""C2-H11@1.096A""]","{""C-H"":1}","{""C-C"":1,""C-H"":1}",[],"[""C1-C2@1.543A""]",69,36,False,True
rxn010376,13,4.071031092353223,-0.3073154978651047,-4.378346590218328,2.933592622053766,-4.076142867866878,-7.009735489920644,False,"{""C"":5,""H"":6,""N"":2}",C5H6N2,C5H6N2,C5H6N2,"[[0,1,2,3,4,5,6,7,8,9,10,11,12]]","[[0,1,2,3,4,5,6,7,8,9,10,11,12]]",H transfer (C-H -> C-H),hydrogen transfer,"[""H transfer""]","[""C2-H8@1.095A""]","[""C2-C3@1.549A"",""C3-H8@1.089A""]","{""C-H"":1}","{""C-C"":1,""C-H"":1}","[""C2-H8@1.215A""]","[""C2-C3@1.549A"",""C3-H8@1.089A""]",75,31,False,True
rxn010413,13,5.240013202952468,6.107079368958438,0.8670661660059693,2.5859899060378666,0.8340988360144905,-1.751891070023376,True,"{""C"":4,""H"":6,""N"":2,""O"":1}",C4H6N2O,C4H6N2O,C4H6N2O,"[[0,1,2,3,4,5,6,7,8,9,10,11,12]]","[[0,1,2,3,4,5,6,7,8,9,10,11,12]]",bond rearrangement,bond rearrangement,"[""N chemistry"",""rearrangement""]","[""C0-N6@1.445A""]","[""C0-C1@1.488A""]","{""C-N"":1}","{""C-C"":1}","[""C0-N6@1.804A""]","[""C0-C1@1.488A""]",171,139,False,False
rxn010513,15,2.909568423845485,5.932694650776234,3.0231262269307493,2.3475203212638007,0.8172581515819175,-1.5302621696818832,True,"{""C"":5,""H"":8,""O"":2}",C5H8O2,C5H8O2,C5H8O2,"[[0,1,2,3,4,5,6,7,8,9,10,11,12,13,14]]","[[0,1,2,3,4,5,6,7,8,9,10,11,12,13,14]]",bond rearrangement,bond rearrangement,"[""O chemistry"",""rearrangement""]","[""C3-O6@1.440A""]","[""C3-C5@1.536A""]","{""C-O"":1}","{""C-C"":1}","[""C3-O6@1.577A""]",[],108,150,False,False
rxn010525,14,3.7393747466467175,8.92471840114542,5.185343654498702,1.2896699583598092,0.41042128766401476,-0.8792486706957945,True,"{""C"":4,""H"":7,""N"":1,""O"":2}",C4H7NO2,C4H7NO2,C2H3N + CH2O + CH2O,"[[0,1,2,3,4,5,6,7,8,9,10,11,12,13]]","[[0,1,2,7,8,9],[3,4,11,12],[5,6,10,13]]",H transfer (N-H -> C-H),hydrogen transfer,"[""H transfer"",""N chemistry"",""O chemistry"",""fragmentation""]","[""C5-H10@1.104A""]","[""C1-O3@1.349A"",""N2-H10@1.012A"",""C4-C5@1.514A""]","{""C-H"":1}","{""C-O"":1,""H-N"":1,""C-C"":1}","[""C5-H10@1.330A""]","[""C1-O3@1.349A"",""C4-C5@1.514A""]",63,170,False,False
rxn010580,17,4.563444724189139,8.365746941961078,3.8023022177719383,-0.24229997106976953,4.935412432532573,5.177712403602342,True,"{""C"":7,""H"":10}",C7H10,C7H10,C7H10,"[[0,1,2,3,4,5,6,7,8,9,10,11,12,13,14,15,16]]","[[0,1,2,3,4,5,6,7,8,9,10,11,12,13,14,15,16]]",H transfer (C-H -> C-H),hydrogen transfer,"[""H transfer""]","[""C3-C5@1.469A"",""C6-H10@1.084A""]","[""C1-H10@1.085A"",""C2-C3@1.501A""]","{""C-C"":1,""C-H"":1}","{""C-H"":1,""C-C"":1}","[""C6-H10@1.146A""]","[""C1-H10@1.085A""]",85,52,False,False
rxn010600,12,4.016453546937555,9.288490921476388,5.272037374538833,-0.09225390835308644,1.8794324429550784,1.9716863513081648,True,"{""C"":5,""H"":5,""N"":1,""O"":1}",C5H5NO,C5H5NO,C5H5NO,"[[0,1,2,3,4,5,6,7,8,9,10,11]]","[[0,1,2,3,4,5,6,7,8,9,10,11]]",bond rearrangement,bond rearrangement,"[""rearrangement""]","[""C3-C5@1.464A""]","[""C2-C3@1.501A"",""C4-C5@1.441A""]","{""C-C"":1}","{""C-C"":2}",[],"[""C2-C3@1.501A""]",62,131,False,False
rxn010602,12,3.8678965021590557,5.932202588949892,2.064306086790836,1.1381625407957472,4.94231913631176,3.8041565955160124,True,"{""C"":5,""H"":5,""N"":1,""O"":1}",C5H5NO,C5H5NO,C5H5NO,"[[0,1,2,3,4,5,6,7,8,9,10,11]]","[[0,1,2,3,4,5,6,7,8,9,10,11]]",bond rearrangement,bond rearrangement,"[""O chemistry"",""rearrangement""]","[""O0-C5@1.287A""]","[""C2-C3@1.501A"",""C4-C5@1.441A""]","{""C-O"":1}","{""C-C"":2}","[""O0-C5@1.493A""]","[""C2-C3@1.501A""]",136,89,False,False
rxn010639,16,3.8593305809026788,6.5128609882965875,2.6535304073939088,1.4308520943213807,3.3145485616953607,1.88369646737398,True,"{""C"":5,""H"":9,""N"":1,""O"":1}",C5H9NO,C5H9NO,C5H9NO,"[[0,1,2,3,4,5,6,7,8,9,10,11,12,13,14,15]]","[[0,1,2,3,4,5,6,7,8,9,10,11,12,13,14,15]]",H transfer (C-H -> O-H),hydrogen transfer,"[""H transfer"",""O chemistry""]","[""O4-H12@0.960A""]","[""C5-H12@1.092A""]","{""H-O"":1}","{""C-H"":1}","[""C3-H12@1.394A"",""O4-H12@1.315A""]","[""C5-H12@1.092A""]",118,132,False,False
rxn010670,14,3.451802346004115,4.644001821592127,1.192199475588012,0.46067282599324244,5.602840335106293,5.142167509113051,True,"{""C"":4,""H"":7,""N"":1,""O"":2}",C4H7NO2,C4H7NO2,C4H7NO2,"[[0,1,2,3,4,5,6,7,8,9,10,11,12,13]]","[[0,1,2,3,4,5,6,7,8,9,10,11,12,13]]",H transfer (C-H -> N-H),hydrogen transfer,"[""H transfer"",""N chemistry""]","[""N1-H12@1.015A""]","[""C5-H12@1.099A""]","{""H-N"":1}","{""C-H"":1}","[""C2-H12@1.154A""]","[""C5-H12@1.099A""]",161,53,False,False
rxn010742,13,1.8623158727350528,-17.710384795541763,-19.572700668276816,0.5108933849242021,-27.429643308094263,-27.940536693018466,False,"{""C"":6,""H"":6,""O"":1}",C6H6O,C6H6O,C6H6O,"[[0,1,2,3,4,5,6,7,8,9,10,11,12]]","[[0,1,2,3,4,5,6,7,8,9,10,11,12]]",C-C dissociation,bond formation/dissociation,"[""geometrically high coordination""]",[],"[""C1-C6@1.773A"",""C2-C6@1.557A"",""C5-C6@1.557A""]",{},"{""C-C"":3}",[],"[""C1-C6@1.773A"",""C2-C6@1.557A""]",5,4,True,True
rxn010966,15,2.9893237098331156,5.8705471127732025,2.881223402940087,-0.45761936831513594,0.6100839079930154,1.0677032763081513,True,"{""C"":6,""H"":8,""O"":1}",C6H8O,C6H8O,C6H8O,"[[0,1,2,3,4,5,6,7,8,9,10,11,12,13,14]]","[[0,1,2,3,4,5,6,7,8,9,10,11,12,13,14]]",H transfer (C-H -> C-H),hydrogen transfer,"[""H transfer""]","[""C2-H12@1.098A""]","[""C3-H12@1.094A"",""C4-C6@1.462A""]","{""C-H"":1}","{""C-H"":1,""C-C"":1}","[""C2-H12@1.405A""]","[""C4-C6@1.462A""]",112,165,False,False
rxn011080,15,3.085969846137232,4.198597140495451,1.1126272943582194,2.0664406689484167,-0.5135430345296683,-2.579983703478085,True,"{""C"":5,""H"":8,""N"":2}",C5H8N2,C5H8N2,C5H8N2,"[[0,1,2,3,4,5,6,7,8,9,10,11,12,13,14]]","[[0,1,2,3,4,5,6,7,8,9,10,11,12,13,14]]",H transfer (C-H -> C-H),hydrogen transfer,"[""H transfer"",""N chemistry""]","[""C1-H10@1.089A""]","[""C1-N6@1.359A"",""C2-H10@1.080A""]","{""C-H"":1}","{""C-N"":1,""C-H"":1}","[""C1-H10@1.198A""]","[""C2-H10@1.080A""]",165,120,False,False
rxn011083,15,3.863027824609162,4.382518671318913,0.5194908467097505,2.259330142285762,0.8557083968819299,-1.4036217454038322,True,"{""C"":5,""H"":8,""N"":2}",C5H8N2,C5H8N2,C5H8N2,"[[0,1,2,3,4,5,6,7,8,9,10,11,12,13,14]]","[[0,1,2,3,4,5,6,7,8,9,10,11,12,13,14]]",H transfer (C-H -> C-H),hydrogen transfer,"[""H transfer""]","[""C5-H10@1.093A""]","[""C2-H10@1.080A""]","{""C-H"":1}","{""C-H"":1}","[""C3-H10@1.244A""]","[""C2-H10@1.080A""]",181,156,False,False
rxn011123,16,4.777912290755012,10.930585833368866,6.152673542613854,2.2294205756597876,21.550020013182014,19.320599437522226,True,"{""C"":6,""H"":9,""N"":1}",C6H9N,C6H9N,C6H9N,"[[0,1,2,3,4,5,6,7,8,9,10,11,12,13,14,15]]","[[0,1,2,3,4,5,6,7,8,9,10,11,12,13,14,15]]",H transfer (C-H -> N-H),hydrogen transfer,"[""H transfer"",""N chemistry""]","[""C3-N6@1.483A"",""N6-H12@1.006A""]","[""C3-H12@1.088A""]","{""C-N"":1,""H-N"":1}","{""C-H"":1}","[""N6-H12@1.015A""]","[""C3-H12@1.088A""]",50,5,True,True
rxn011223,14,5.703532018851547,-5.761642856620568,-11.465174875472115,1.748516750671115,-13.065826147862253,-14.814342898533368,False,"{""C"":5,""H"":7,""N"":1,""O"":1}",C5H7NO,C5H7NO,C5H5NO + H2,"[[0,1,2,3,4,5,6,7,8,9,10,11,12,13]]","[[0,1,2,3,4,5,6,8,9,10,11,12],[7,13]]",H transfer (C/N-H -> H-H),hydrogen transfer,"[""H transfer"",""N chemistry"",""O chemistry"",""fragmentation""]","[""O2-C6@1.417A"",""H7-H13@0.746A""]","[""N0-H7@1.017A"",""C1-O2@1.377A"",""C6-H13@1.085A""]","{""C-O"":1,""H-H"":1}","{""H-N"":1,""C-O"":1,""C-H"":1}","[""H7-H13@0.845A""]","[""N0-H7@1.017A"",""C6-H13@1.085A""]",13,8,True,True
rxn011246,16,3.8288981474925095,12.083103270912673,8.254205123420164,0.9185967577486736,2.350042928965493,1.4314461712168196,True,"{""C"":5,""H"":9,""N"":1,""O"":1}",C5H9NO,C5H9NO,C5H7NO + H2,"[[0,1,2,3,4,5,6,7,8,9,10,11,12,13,14,15]]","[[0,1,2,3,4,5,6,7,8,9,12,13,14,15],[10,11]]",H transfer (C/O-H -> H-H),hydrogen transfer,"[""H transfer"",""O chemistry"",""fragmentation""]","[""H10-H11@0.746A""]","[""C1-H10@1.098A"",""O2-H11@0.959A""]","{""H-H"":1}","{""C-H"":1,""H-O"":1}","[""C1-H11@1.299A""]","[""C1-H10@1.098A"",""O2-H11@0.959A""]",28,153,True,False
rxn011394,15,3.7894415177070186,-8.493799360736865,-12.283240878443884,-1.4264852627602522,-33.93720120464424,-32.51071594188399,False,"{""C"":6,""H"":8,""O"":1}",C6H8O,C6H8O,C6H8O,"[[0,1,2,3,4,5,6,7,8,9,10,11,12,13,14]]","[[0,1,2,3,4,5,6,7,8,9,10,11,12,13,14]]",bond rearrangement,bond rearrangement,"[""rearrangement""]","[""C2-C6@1.515A""]","[""C1-C2@1.523A"",""C5-C6@1.484A""]","{""C-C"":1}","{""C-C"":2}","[""C2-C6@1.770A""]","[""C1-C2@1.523A""]",10,2,True,True
rxn011443,11,2.0047653409183113,2.822635671739942,0.8178703308216306,-0.3020160466348898,-2.5312778250865904,-2.2292617784517006,True,"{""C"":2,""H"":4,""N"":4,""O"":1}",C2H4N4O,C2H4N4O,C2H4N4O,"[[0,1,2,3,4,5,6,7,8,9,10]]","[[0,1,2,3,4,5,6,7,8,9,10]]",H transfer (O-H -> N-H),hydrogen transfer,"[""H transfer"",""N chemistry"",""O chemistry""]","[""N6-H10@1.003A""]","[""O5-H10@0.962A""]","{""H-N"":1}","{""H-O"":1}","[""N6-H10@1.296A""]","[""O5-H10@0.962A""]",174,129,False,False
rxn011450,11,2.1673829416304216,-1.019566226273973,-3.1869491679043946,0.08069281892676372,0.6088722997376124,0.5281794808108486,False,"{""C"":2,""H"":4,""N"":4,""O"":1}",C2H4N4O,C2H4N4O,C2H4N4O,"[[0,1,2,3,4,5,6,7,8,9,10]]","[[0,1,2,3,4,5,6,7,8,9,10]]",H transfer (N-H -> N-H),hydrogen transfer,"[""H transfer"",""N chemistry""]","[""N2-H9@1.002A""]","[""N3-H9@1.002A""]","{""H-N"":1}","{""H-N"":1}","[""N2-H9@1.227A""]",[],101,179,False,False
rxn011492,15,3.1648422859088896,-2.7610205966376213,-5.925862882546511,1.7572961643036251,-5.891254794409413,-7.648550958713038,False,"{""C"":5,""H"":8,""O"":2}",C5H8O2,C5H8O2,C5H8O2,"[[0,1,2,3,4,5,6,7,8,9,10,11,12,13,14]]","[[0,1,2,3,4,5,6,7,8,9,10,11,12,13,14]]",H transfer (C-H -> C-H),hydrogen transfer,"[""H transfer""]","[""C6-H8@1.092A""]","[""C1-C6@1.548A"",""C1-H8@1.090A""]","{""C-H"":1}","{""C-C"":1,""C-H"":1}",[],"[""C1-C6@1.548A""]",52,23,False,True
rxn011497,15,3.3351363955553097,9.085913306928227,5.750776911372917,3.028361014881739,5.919652340192236,2.8912913253104975,True,"{""C"":5,""H"":8,""O"":2}",C5H8O2,C5H8O2,C5H8O2,"[[0,1,2,3,4,5,6,7,8,9,10,11,12,13,14]]","[[0,1,2,3,4,5,6,7,8,9,10,11,12,13,14]]",H transfer (C-H -> O-H),hydrogen transfer,"[""H transfer"",""O chemistry"",""geometrically high coordination""]","[""O5-H11@0.964A""]","[""C4-H11@1.087A""]","{""H-O"":1}","{""C-H"":1}","[""O5-H11@1.104A""]",[],53,106,False,False
rxn011522,17,3.024232448933617,10.238817518368052,7.214585069434435,2.3074257041989767,7.20168447888539,4.8942587746864135,True,"{""C"":5,""H"":10,""N"":2}",C5H10N2,C5H10N2,C5H10N2,"[[0,1,2,3,4,5,6,7,8,9,10,11,12,13,14,15,16]]","[[0,1,2,3,4,5,6,7,8,9,10,11,12,13,14,15,16]]",H transfer (C-H -> N-H),hydrogen transfer,"[""H transfer"",""N chemistry"",""geometrically high coordination""]","[""N6-H13@1.007A""]","[""C4-H13@1.087A""]","{""H-N"":1}","{""C-H"":1}","[""N6-H13@1.156A""]",[],37,57,True,False
rxn011568,18,4.33965681700829,2.294051746834654,-2.045605070173636,1.1513141602390533,7.556583971964571,6.405269811725518,True,"{""C"":5,""H"":11,""N"":1,""O"":1}",C5H11NO,C5H11NO,C5H11NO,"[[0,1,2,3,4,5,6,7,8,9,10,11,12,13,14,15,16,17]]","[[0,1,2,3,4,5,6,7,8,9,10,11,12,13,14,15,16,17]]",H transfer (C-H -> O-H),hydrogen transfer,"[""H transfer"",""O chemistry""]","[""C1-C5@1.542A"",""O6-H10@0.962A""]","[""C1-H10@1.093A""]","{""C-C"":1,""H-O"":1}","{""C-H"":1}","[""O6-H10@0.975A""]","[""C1-H10@1.093A""]",137,40,False,True
rxn011795,15,5.037057639190607,6.200317825599562,1.1632601864089551,1.3934071125240735,2.9153306608790004,1.521923548354927,True,"{""C"":4,""H"":8,""N"":2,""O"":1}",C4H8N2O,C4H8N2O,C4H6N2O + H2,"[[0,1,2,3,4,5,6,7,8,9,10,11,12,13,14]]","[[0,1,2,3,4,5,6,7,8,9,12,13,14],[10,11]]",H transfer (N-H -> H-H),hydrogen transfer,"[""H transfer"",""N chemistry"",""fragmentation""]","[""N3-C4@1.411A"",""H10-H11@0.746A""]","[""N1-H10@1.006A"",""C2-C4@1.525A"",""N3-H11@1.017A""]","{""C-N"":1,""H-H"":1}","{""H-N"":2,""C-C"":1}","[""H10-H11@0.822A""]","[""N1-H10@1.006A"",""N3-H11@1.017A""]",163,151,False,False
rxn011801,12,2.4670854979740398,8.019036692837588,5.551951194863548,1.2885063368958072,-2.7288465922831975,-4.017352929179005,True,"{""C"":5,""H"":5,""N"":1,""O"":1}",C5H5NO,C5H5NO,C5H5NO,"[[0,1,2,3,4,5,6,7,8,9,10,11]]","[[0,1,2,3,4,5,6,7,8,9,10,11]]",H transfer (C-H -> C-H),hydrogen transfer,"[""H transfer""]","[""C5-H8@1.091A""]","[""C4-C5@1.483A"",""C4-H8@1.081A""]","{""C-H"":1}","{""C-C"":1,""C-H"":1}","[""C5-H8@1.344A""]",[],55,80,False,False
rxn011804,12,2.5309482214488526,28.541343810345214,26.010395588896362,0.7093709967048198,5.18886440185166,4.47949340514684,True,"{""C"":5,""H"":5,""N"":1,""O"":1}",C5H5NO,C5H5NO,C5H5NO,"[[0,1,2,3,4,5,6,7,8,9,10,11]]","[[0,1,2,3,4,5,6,7,8,9,10,11]]",bond rearrangement,bond rearrangement,"[""N chemistry"",""rearrangement""]","[""N0-C2@1.417A""]","[""C1-C2@1.468A""]","{""C-N"":1}","{""C-C"":1}","[""N0-C2@1.887A""]",[],2,65,True,False
rxn011835,13,1.8966023581833724,5.538786560038474,3.642184201855102,0.30861285946230055,4.4981497397403984,4.189536880278098,True,"{""C"":4,""H"":6,""O"":3}",C4H6O3,C4H6O3,C3H6O2 + CO,"[[0,1,2,3,4,5,6,7,8,9,10,11,12]]","[[0,1,2,5,6,7,8,9,10,11,12],[3,4]]",H transfer (C-H -> O-H),hydrogen transfer,"[""H transfer"",""O chemistry"",""fragmentation""]","[""O6-H11@0.962A""]","[""C1-C3@1.532A"",""C3-H11@1.107A""]","{""H-O"":1}","{""C-C"":1,""C-H"":1}",[],"[""C1-C3@1.532A""]",88,71,False,False
rxn011847,12,2.5673552249227214,10.66580373583956,8.098448510916839,1.0235967515327502,9.475728237375606,8.452131485842855,True,"{""C"":4,""H"":5,""N"":3}",C4H5N3,C4H5N3,C4H5N3,"[[0,1,2,3,4,5,6,7,8,9,10,11]]","[[0,1,2,3,4,5,6,7,8,9,10,11]]",H transfer (C-H -> N-H),hydrogen transfer,"[""H transfer"",""N chemistry"",""geometrically high coordination""]","[""N1-H11@1.019A""]","[""C2-H11@1.095A""]","{""H-N"":1}","{""C-H"":1}","[""N1-H11@1.209A""]",[],30,19,True,True
rxn011863,19,3.365946678111868,10.185001202464889,6.819054524353021,1.0235910180945211,4.266221336933739,3.2426303188392183,True,"{""C"":6,""H"":12,""O"":1}",C6H12O,C6H12O,C6H10 + H2O,"[[0,1,2,3,4,5,6,7,8,9,10,11,12,13,14,15,16,17,18]]","[[0,1,2,3,4,5,7,8,9,10,11,12,13,14,16,17],[6,15,18]]",H transfer (C-H -> O-H),hydrogen transfer,"[""H transfer"",""O chemistry"",""fragmentation""]","[""O6-H15@0.964A""]","[""C4-O6@1.405A"",""C5-H15@1.091A""]","{""H-O"":1}","{""C-O"":1,""C-H"":1}","[""O6-H15@1.195A""]","[""C5-H15@1.091A""]",42,97,True,False
rxn011881,15,2.920260885004609,6.9664748081735794,4.04621392316897,0.6323437338214717,0.6052447430480257,-0.02709899077344602,True,"{""C"":5,""H"":8,""N"":2}",C5H8N2,C5H8N2,C5H8N2,"[[0,1,2,3,4,5,6,7,8,9,10,11,12,13,14]]","[[0,1,2,3,4,5,6,7,8,9,10,11,12,13,14]]",bond rearrangement,bond rearrangement,"[""N chemistry"",""rearrangement""]","[""C1-C3@1.532A""]","[""C1-N2@1.450A""]","{""C-C"":1}","{""C-N"":1}",[],"[""C1-N2@1.450A""]",81,199,False,False
rxn011929,17,3.035897281771213,10.768555817879033,7.73265853610782,2.860396112819217,1.0136653474879722,-1.8467307653312446,True,"{""C"":7,""H"":10}",C7H10,C7H10,C7H10,"[[0,1,2,3,4,5,6,7,8,9,10,11,12,13,14,15,16]]","[[0,1,2,3,4,5,6,7,8,9,10,11,12,13,14,15,16]]",H transfer (C-H -> C-H),hydrogen transfer,"[""H transfer""]","[""C6-H10@1.100A""]","[""C1-C6@1.515A"",""C1-H10@1.086A""]","{""C-H"":1}","{""C-C"":1,""C-H"":1}","[""C6-H10@1.197A""]","[""C1-H10@1.086A""]",32,135,True,False
