geometry_id,system,sample_kind,region,transfer_distance_angstrom,qm_energy_eV,production_energy_eV,production_force_max_eV_per_angstrom,unified_radial_energy_eV,unified_radial_force_max_eV_per_angstrom,post_weighted_energy_eV,post_weighted_force_max_eV_per_angstrom,variational_weighted_energy_eV,variational_weighted_force_max_eV_per_angstrom,electron_domain_energy_eV,electron_domain_force_max_eV_per_angstrom,joint_local_state_energy_eV,joint_local_state_force_max_eV_per_angstrom,qm_relative_eV,production_relative_eV,production_residual_eV,unified_radial_relative_eV,unified_radial_residual_eV,post_weighted_relative_eV,post_weighted_residual_eV,variational_weighted_relative_eV,variational_weighted_residual_eV,electron_domain_relative_eV,electron_domain_residual_eV,joint_local_state_relative_eV,joint_local_state_residual_eV
h3_reactant_reference_0000,h3,reactant_reference,reactant_reference,5.0,-45.52929561847012,-4.512627573197906,2.842170943040401e-14,-4.512627573197906,2.842170943040401e-14,-4.512627573197906,2.842170943040401e-14,-4.512627573188879,1.7962520360015333e-11,-4.512627573188879,1.7962520360015333e-11,-4.512627573197906,2.842170943040401e-14,0.0,0.0,0.0,0.0,0.0,0.0,0.0,0.0,0.0,0.0,0.0,0.0,0.0
h3_product_reference_0000,h3,product_reference,product_reference,0.74144,-45.52929561847183,-4.512627573197906,2.842170943040401e-14,-4.512627573197906,2.842170943040401e-14,-4.512627573197906,2.842170943040401e-14,-4.512627573188879,1.7962520360015333e-11,-4.512627573188879,1.7962520360015333e-11,-4.512627573197906,2.842170943040401e-14,-1.7053025658242404e-12,0.0,-1.7053025658242404e-12,0.0,-1.7053025658242404e-12,0.0,-1.7053025658242404e-12,0.0,-1.7053025658242404e-12,0.0,-1.7053025658242404e-12,0.0,-1.7053025658242404e-12
h3_dense_transfer_0000,h3,dense_transfer_scan,transfer_microscope,0.84,-44.97550801683555,-3.4696721092062766,4.731319067411648,-3.4696721092062766,4.731319067411645,-3.4696721092062766,4.731319067411645,-3.469672109196748,4.731319067418925,-3.469672109196748,4.731319067418925,-3.4696721092062766,4.731319067411647,0.5537876016345749,1.0429554639916296,-0.4891678623570548,1.0429554639916296,-0.4891678623570548,1.0429554639916296,-0.4891678623570548,1.0429554639921306,-0.4891678623575557,1.0429554639921306,-0.4891678623575557,1.0429554639916296,-0.4891678623570548
h3_dense_transfer_0001,h3,dense_transfer_scan,transfer_microscope,0.86,-45.01569604084599,-3.561723571702702,4.524031735560092,-3.561723571702702,4.524031735560091,-3.561723571702702,4.524031735560091,-3.5617235716933155,4.524031735566782,-3.5617235716933155,4.524031735566782,-3.5617235717027036,4.524031735560091,0.5135995776241344,0.9509040014952044,-0.43730442387106994,0.9509040014952044,-0.43730442387106994,0.9509040014952044,-0.43730442387106994,0.9509040014955632,-0.43730442387142876,0.9509040014955632,-0.43730442387142876,0.9509040014952026,-0.43730442387106816
h3_dense_transfer_0002,h3,dense_transfer_scan,transfer_microscope,0.88,-45.04953306501061,-3.6506272612394635,4.36581988755436,-3.6506272612394635,4.365819887554358,-3.6506272612394635,4.365819887554358,-3.6506272612302015,4.36581988756035,-3.6506272612302015,4.36581988756035,-3.6506272612394617,4.365819887554361,0.4797625534595156,0.8620003119584427,-0.38223775849892716,0.8620003119584427,-0.38223775849892716,0.8620003119584427,-0.38223775849892716,0.8620003119586772,-0.38223775849916164,0.8620003119586772,-0.38223775849916164,0.8620003119584445,-0.38223775849892894
h3_dense_transfer_0003,h3,dense_transfer_scan,transfer_microscope,0.9,-45.0779112123627,-3.736325776152489,4.203088896384083,-3.736325776152487,4.203088896384084,-3.736325776152487,4.203088896384084,-3.7363257761433424,4.203088896389443,-3.7363257761433424,4.203088896389443,-3.736325776152489,4.203088896384084,0.45138440610742236,0.7763017970454174,-0.324917390937995,0.7763017970454191,-0.32491739093799676,0.7763017970454191,-0.32491739093799676,0.7763017970455364,-0.324917390938114,0.7763017970455364,-0.324917390938114,0.7763017970454174,-0.324917390937995
h3_dense_transfer_0004,h3,dense_transfer_scan,transfer_microscope,0.92,-45.10161893402429,-3.8187096210612808,4.034229891036424,-3.8187096210612808,4.034229891036423,-3.8187096210612808,4.034229891036423,-3.8187096210522355,4.0342298910412175,-3.8187096210522355,4.0342298910412175,-3.8187096210612808,4.034229891036423,0.42767668444583506,0.6939179521366254,-0.2662412676907904,0.6939179521366254,-0.2662412676907904,0.6939179521366254,-0.2662412676907904,0.6939179521366432,-0.26624126769080814,0.6939179521366432,-0.26624126769080814,0.6939179521366254,-0.2662412676907904
h3_dense_transfer_0005,h3,dense_transfer_scan,transfer_microscope,0.94,-45.12135171363247,-3.890522699897178,2.8188855353591054,-3.890522699897177,2.8188855353591045,-3.890522699897177,2.8188855353591045,-3.8905226998882436,2.8188855353663547,-3.8905226998882436,2.8188855353663547,-3.890522699897177,2.8188855353591045,0.4079439048376514,0.6221048733007284,-0.21416096846307697,0.6221048733007293,-0.21416096846307786,0.6221048733007293,-0.21416096846307786,0.6221048733006351,-0.21416096846298371,0.6221048733006351,-0.21416096846298371,0.6221048733007293,-0.21416096846307786
h3_dense_transfer_0006,h3,dense_transfer_scan,transfer_microscope,0.96,-45.13772135153172,-3.9335450597517916,1.7949005435162002,-3.9335450597517934,1.7949005435161975,-3.9335450597517934,1.7949005435161975,-3.933545059743036,1.7949005435264116,-3.933545059743036,1.7949005435264116,-3.9335450597517934,1.7949005435161975,0.3915742669384059,0.5790825134461146,-0.1875082465077087,0.5790825134461128,-0.18750824650770692,0.5790825134461128,-0.18750824650770692,0.5790825134458428,-0.18750824650743692,0.5790825134458428,-0.18750824650743692,0.5790825134461128,-0.18750824650770692
h3_dense_transfer_0007,h3,dense_transfer_scan,transfer_microscope,0.98,-45.1512642838287,-3.959123085161843,1.062328911284716,-3.9591230851618437,1.0623289112847125,-3.9591230851618437,1.0623289112847125,-3.959123085153305,1.0623289112962375,-3.959123085153305,1.0623289112962375,-3.959123085161842,1.0623289112847143,0.37803133464142036,0.5535044880360633,-0.17547315339464298,0.5535044880360624,-0.1754731533946421,0.5535044880360624,-0.1754731533946421,0.553504488035574,-0.1754731533941536,0.553504488035574,-0.1754731533941536,0.5535044880360642,-0.17547315339464387
h3_dense_transfer_0008,h3,dense_transfer_scan,transfer_microscope,1.0,-45.162448987367426,-3.979434781654971,1.0311377537876734,-3.9794347816549713,1.0311377537876698,-3.9794347816549713,1.0311377537876698,-3.979434781646667,1.0311377537994257,-3.979434781646667,1.0311377537994257,-3.9794347816549713,1.0311377537876698,0.3668466311026961,0.5331927915429353,-0.1663461604402392,0.5331927915429349,-0.16634616044023876,0.5331927915429349,-0.16634616044023876,0.5331927915422119,-0.16634616043951578,0.5331927915422119,-0.16634616043951578,0.5331927915429349,-0.16634616044023876
h3_dense_transfer_0009,h3,dense_transfer_scan,transfer_microscope,1.02,-45.1716826943268,-4.001992713179577,1.9065733899168684,-4.001992713179576,1.9065733899168684,-4.001992713179576,1.9065733899168684,-4.001992713171501,1.9065733899153106,-4.001992713171501,1.9065733899153106,-4.001992713179578,1.9065733899168649,0.357612924143325,0.510634860018329,-0.153021935875004,0.5106348600183299,-0.1530219358750049,0.5106348600183299,-0.1530219358750049,0.5106348600173778,-0.15302193587405277,0.5106348600173778,-0.15302193587405277,0.5106348600183281,-0.15302193587500312
h3_dense_transfer_0010,h3,dense_transfer_scan,transfer_microscope,1.04,-45.17931777514866,-4.029867910655266,2.897471149324536,-4.029867910655266,2.8974711493245326,-4.029867910655266,2.8974711493245326,-4.029867910647402,2.8974711493210457,-4.029867910647402,2.8974711493210457,-4.029867910655268,2.897471149324529,0.34997784332146153,0.48275966254264,-0.1327818192211785,0.48275966254264,-0.1327818192211785,0.48275966254264,-0.1327818192211785,0.4827596625414765,-0.13278181922001497,0.4827596625414765,-0.13278181922001497,0.48275966254263825,-0.1327818192211767
h3_dense_transfer_0011,h3,dense_transfer_scan,transfer_microscope,1.06,-45.185657744681286,-4.064635481716032,3.8394131625721126,-4.064635481716033,3.8394131625721055,-4.064635481716033,3.8394131625721055,-4.064635481708349,3.839413162566343,-4.064635481708349,3.839413162566343,-4.064635481716033,3.839413162572109,0.34363787378883615,0.4479920914818738,-0.10435421769303765,0.4479920914818729,-0.10435421769303677,0.4479920914818729,-0.10435421769303677,0.44799209148053,-0.10435421769169384,0.44799209148053,-0.10435421769169384,0.4479920914818729,-0.10435421769303677
h3_dense_transfer_0012,h3,dense_transfer_scan,transfer_microscope,1.08,-45.19096242868305,-4.108906799055024,4.786055175272816,-4.108906799055025,4.786055175272816,-4.108906799055025,4.786055175272816,-4.108906799047482,4.786055175264497,-4.108906799047482,4.786055175264497,-4.108906799055024,4.786055175272816,0.33833318978707183,0.4037207741428821,-0.06538758435581027,0.4037207741428812,-0.06538758435580938,0.4037207741428812,-0.06538758435580938,0.40372077414139707,-0.06538758435432523,0.40372077414139707,-0.06538758435432523,0.4037207741428821,-0.06538758435581027
h3_dense_transfer_0013,h3,dense_transfer_scan,transfer_microscope,1.1,-45.19545245440071,-4.165219284981884,5.63304354260937,-4.165219284981883,5.6330435426093715,-4.165219284981883,5.6330435426093715,-4.165219284974439,5.633043542598456,-4.165219284974439,5.633043542598456,-4.165219284981885,5.6330435426093715,0.33384316406941394,0.3474082882160223,-0.013565124146608376,0.3474082882160232,-0.013565124146609264,0.3474082882160232,-0.013565124146609264,0.3474082882144396,-0.013565124145025642,0.3474082882144396,-0.013565124145025642,0.34740828821602143,-0.013565124146607488
h3_dense_transfer_0014,h3,dense_transfer_scan,transfer_microscope,1.12,-45.19931424163144,-4.230916619070243,6.002962494595939,-4.230916619070243,6.002962494595937,-4.230916619070243,6.002962494595937,-4.230916619062849,6.002962494582879,-4.230916619062849,6.002962494582879,-4.230916619070243,6.002962494595937,0.32998137683868123,0.28171095412766345,0.04827042271101778,0.28171095412766345,0.04827042271101778,0.28171095412766345,0.04827042271101778,0.2817109541260301,0.04827042271265114,0.2817109541260301,0.04827042271265114,0.28171095412766345,0.04827042271101778
h3_dense_transfer_0015,h3,dense_transfer_scan,transfer_microscope,1.14,-45.20270507121753,-4.294370548467172,5.529439373808339,-4.294370548467172,5.529439373808338,-4.294370548467172,5.529439373808338,-4.2943705484597965,5.529439373794053,-4.2943705484597965,5.529439373794053,-4.294370548467172,5.529439373808338,0.32659054725259296,0.21825702473073427,0.10833352252185868,0.21825702473073427,0.10833352252185868,0.21825702473073427,0.10833352252185868,0.21825702472908226,0.1083335225235107,0.21825702472908226,0.1083335225235107,0.21825702473073427,0.10833352252185868
h3_dense_transfer_0016,h3,dense_transfer_scan,transfer_microscope,1.16,-45.20575590331278,-4.340177079261204,4.355748953927579,-4.340177079261204,4.355748953927579,-4.340177079261204,4.355748953927579,-4.340177079253831,4.355748953912913,-4.340177079253831,4.355748953912913,-4.340177079261203,4.355748953927579,0.32353971515734514,0.17245049393670175,0.1510892212206434,0.17245049393670175,0.1510892212206434,0.17245049393670175,0.1510892212206434,0.17245049393504797,0.15108922122229718,0.17245049393504797,0.15108922122229718,0.17245049393670353,0.1510892212206416
h3_dense_transfer_0017,h3,dense_transfer_scan,transfer_microscope,1.18,-45.20857301219492,-4.360268221494968,3.057683916752636,-4.360268221494968,3.0576839167526395,-4.360268221494968,3.0576839167526395,-4.360268221487596,3.0576839167379366,-4.360268221487596,3.0576839167379366,-4.360268221494968,3.057683916752636,0.3207226062752042,0.15235935170293846,0.16836325457226575,0.15235935170293846,0.16836325457226575,0.15235935170293846,0.16836325457226575,0.1523593517012829,0.16836325457392132,0.1523593517012829,0.16836325457392132,0.15235935170293846,0.16836325457226575
h3_dense_transfer_0018,h3,dense_transfer_scan,transfer_microscope,1.2,-45.21124246183231,-4.361411027261016,2.6907571328518465,-4.361411027261015,2.6907571328518465,-4.361411027261015,2.6907571328518465,-4.361411027253642,2.690757132837147,-4.361411027253642,2.690757132837147,-4.361411027261016,2.6907571328518465,0.3180531566378093,0.15121654593689016,0.16683661070091915,0.15121654593689104,0.16683661070091826,0.15121654593689104,0.16683661070091826,0.15121654593523637,0.16683661070257294,0.15121654593523637,0.16683661070257294,0.15121654593689016,0.16683661070091915
h3_dense_transfer_0019,h3,dense_transfer_scan,transfer_microscope,1.22,-45.21383571398944,-4.361411027261006,2.6907571328519104,-4.361411027261006,2.6907571328519104,-4.361411027261006,2.6907571328519104,-4.361411027253633,2.690757132837211,-4.361411027253633,2.690757132837211,-4.361411027261006,2.6907571328519104,0.31545990448068295,0.15121654593689993,0.16424335854378302,0.15121654593689993,0.16424335854378302,0.15121654593689993,0.16424335854378302,0.15121654593524614,0.1642433585454368,0.15121654593524614,0.1642433585454368,0.15121654593689993,0.16424335854378302
h3_dense_transfer_0020,h3,dense_transfer_scan,transfer_microscope,1.24,-45.216410269244165,-4.361411027261006,2.6907571328519104,-4.361411027261006,2.6907571328519104,-4.361411027261006,2.6907571328519104,-4.361411027253633,2.690757132837211,-4.361411027253633,2.690757132837211,-4.361411027261006,2.6907571328519104,0.312885349225958,0.15121654593689993,0.16166880328905808,0.15121654593689993,0.16166880328905808,0.15121654593689993,0.16166880328905808,0.15121654593524614,0.16166880329071187,0.15121654593524614,0.16166880329071187,0.15121654593689993,0.16166880328905808
h3_dense_transfer_0021,h3,dense_transfer_scan,transfer_microscope,1.26,-45.21900736177095,-4.361411027261016,2.6907571328518465,-4.361411027261015,2.6907571328518465,-4.361411027261015,2.6907571328518465,-4.361411027253642,2.690757132837147,-4.361411027253642,2.690757132837147,-4.361411027261016,2.6907571328518465,0.3102882566991738,0.15121654593689016,0.15907171076228366,0.15121654593689104,0.15907171076228277,0.15121654593689104,0.15907171076228277,0.15121654593523637,0.15907171076393745,0.15121654593523637,0.15907171076393745,0.15121654593689016,0.15907171076228366
h3_dense_transfer_0022,h3,dense_transfer_scan,transfer_microscope,1.28,-45.22165537340447,-4.361411027261006,2.6907571328519104,-4.361411027261006,2.6907571328519104,-4.361411027261006,2.6907571328519104,-4.361411027253633,2.690757132837211,-4.361411027253633,2.690757132837211,-4.361411027261006,2.6907571328519104,0.3076402450656559,0.15121654593689993,0.15642369912875598,0.15121654593689993,0.15642369912875598,0.15121654593689993,0.15642369912875598,0.15121654593524614,0.15642369913040977,0.15121654593524614,0.15642369913040977,0.15121654593689993,0.15642369912875598
water_reactant_reference_0000,water,reactant_reference,reactant_reference,5.0,-4139.119228018444,-15.135009322487566,1.9226425033567058,-15.135009322487562,1.9226425033567058,-15.135009322487562,1.9226425033567058,-15.13500932247016,1.922642503352123,-15.12402319953089,1.9226425033571566,-15.135009322487564,1.9226425033567058,0.0,0.0,0.0,0.0,0.0,0.0,0.0,0.0,0.0,0.0,0.0,0.0,0.0
water_product_reference_0000,water,product_reference,product_reference,0.96,-4139.119228018612,-15.135009322487566,1.9226425033567058,-15.135009322487562,1.9226425033567058,-15.135009322487562,1.9226425033567058,-15.135009322477757,1.9226425033514196,-15.124023199530892,1.9226425033571566,-15.135009322487566,1.9226425033567058,-1.6825651982799172e-10,0.0,-1.6825651982799172e-10,0.0,-1.6825651982799172e-10,0.0,-1.6825651982799172e-10,-7.597478202114871e-12,-1.6065904162587685e-10,-1.7763568394002505e-15,-1.6825474347115232e-10,-1.7763568394002505e-15,-1.6825474347115232e-10
water_dense_transfer_0000,water,dense_transfer_scan,transfer_microscope,1.08,-4137.8034006296875,-10.251368361991826,49.101964457227176,-13.89631471247166,5.6783934331534605,-13.049424133109408,97.0630063149729,-13.926380335126042,6.077851346475109,-13.9639651432273,6.0467768406798506,-14.080813731496667,4.082744178452975,1.3158273887565883,4.88364096049574,-3.5678135717391513,1.2386946100159015,0.0771327787406868,2.085585189378154,-0.7697578006215657,1.2086289873441167,0.10719840141247161,1.1600580563035905,0.15576933245299784,1.054195590990897,0.26163179776569123
water_dense_transfer_0001,water,dense_transfer_scan,transfer_microscope,1.1,-4137.898642239152,-11.197135682861441,42.75335328932039,-14.003504623224524,4.960765990365231,-13.233655973595756,74.41874803181776,-14.056153064032546,5.811733061783078,-14.091929102950239,5.759480975470033,-14.180643695016194,4.241029179313192,1.220585779292378,3.9378736396261242,-2.7172878603337463,1.1315046992630382,0.08908108002933979,1.9013533488918064,-0.6807675695994284,1.0788562584376127,0.1417295208547653,1.0320940965806518,0.18849168271172623,0.9543656274713701,0.2662201518210079
water_dense_transfer_0002,water,dense_transfer_scan,transfer_microscope,1.12,-4137.984025472869,-12.011983594006669,36.040510354088575,-14.10673645395147,4.17018094429103,-13.410409920155411,55.98533924922051,-14.17961384206402,5.530488399463996,-14.213291460030694,5.463964344278714,-14.280615862503177,4.312815565378724,1.1352025455753392,3.123025728480897,-1.987823182905558,1.0282728685360922,0.10692967703924694,1.7245994023321511,-0.589396856756812,0.9553954804061391,0.1798070651692001,0.9107317395001964,0.2244708060751428,0.8543934599843865,0.28080908559095263
water_dense_transfer_0003,water,dense_transfer_scan,transfer_microscope,1.14,-4138.060804366496,-12.693038791500308,29.494036534215724,-14.20438185073861,3.5567122899172787,-13.57816032107737,41.86957522721653,-14.296558825145915,5.237057776010617,-14.327973538189148,5.162088690170242,-14.379375947716671,4.307148218527793,1.0584236519480328,2.4419705309872572,-1.3835468790392245,0.9306274717489522,0.12779618019908057,1.5568490014101926,-0.4984253494621598,0.8384504973242439,0.21997315462378886,0.7960496613417423,0.2623739906062905,0.755633374770893,0.3027902771771398
water_dense_transfer_0004,water,dense_transfer_scan,transfer_microscope,1.16,-4138.130073393572,-13.246494833235499,23.297118502956177,-14.297626690832256,3.2976017312790984,-13.735894342506448,31.045136184018517,-14.406858234433907,4.935751505106548,-14.435945403591434,4.856907333629505,-14.475767785035385,4.2364465877893,0.9891546248718441,1.888514489252067,-0.899359864380223,0.8373826316553057,0.15177199321653845,1.399114979981114,-0.40996035510926987,0.7281510880362525,0.26100353683559163,0.6880777959394564,0.30107682893238774,0.6592415374521785,0.32991308741966563
water_dense_transfer_0005,water,dense_transfer_scan,transfer_microscope,1.18,-4138.192784040764,-13.680737621681509,17.624769726070788,-14.38431813412392,2.9137840177193404,-13.884069992482612,22.89136808299746,-14.510470198365862,4.631236545067475,-14.53723989079819,4.551908987787499,-14.568867416320032,4.113952291744228,0.9264439776798099,1.454271700806057,-0.5278277231262472,0.7506911883636427,0.17575278931616722,1.2509393300049503,-0.3244953523251404,0.624539124104297,0.3019048535755129,0.5867833087327003,0.33966066894710956,0.5661419061675321,0.3603020715122778
water_dense_transfer_0006,water,dense_transfer_scan,transfer_microscope,1.2,-4138.249761842807,-14.008979503901,12.74282437490324,-14.461962498873877,2.669814122226204,-14.030983245013651,15.936054160753894,-14.607439811235647,4.327933991305644,-14.63195467639476,4.250504423009675,-14.657980955905035,3.9521936763000545,0.8694661756371715,1.1260298185865665,-0.25656364294939493,0.6730468236136851,0.19641935202348648,1.104026077473911,-0.23455990183673947,0.5275695112345122,0.3418966644026593,0.4920685231361315,0.37739765250104007,0.47702836658252856,0.392437809054643
water_dense_transfer_0007,water,dense_transfer_scan,transfer_microscope,1.22,-4138.30172483687,-14.258783617681134,9.515198419678633,-14.512582118031604,3.0818275673111573,-14.253273055917024,10.706455476609456,-14.692533510665033,3.521442462354672,-14.714249346239335,3.3835303613891705,-14.736454745427341,3.177322792749576,0.817503181574466,0.8762257048064317,-0.058722523231965695,0.622427204455958,0.195075977118508,0.8817362665705382,-0.06423308499607217,0.4424758118051262,0.3750273697693398,0.409773853291556,0.40772932828291,0.39855457706022257,0.41894860451424343
water_dense_transfer_0008,water,dense_transfer_scan,transfer_microscope,1.24,-4138.349297846798,-14.435002608422934,5.418093153977111,-14.54352147458306,3.006063638245644,-14.46039428135596,9.103770595159085,-14.762078330723671,2.8465586663918887,-14.779919191802207,2.6562573891656824,-14.799656663655234,2.53114055024309,0.769930171645683,0.7000067140646316,0.06992345758105145,0.5914878479045029,0.17844232374118008,0.6746150411316023,0.09531513051408069,0.3729309917464878,0.3969991798991952,0.3441040077286832,0.4258261639169998,0.33535265883232945,0.43457751281335355
water_dense_transfer_0009,water,dense_transfer_scan,transfer_microscope,1.26,-4138.393021556673,-14.525577851363689,3.0361963514329458,-14.57344122147466,3.0361963514329458,-14.634117985709048,7.603626799317231,-14.818308347766575,2.2733106677632176,-14.831442401760214,2.0455229262949284,-14.849908643940402,1.9875810410819257,0.7262064617707438,0.6094314711238766,0.11677499064686714,0.5615681010129023,0.16463836075784144,0.5008913367785137,0.22531512499223005,0.3167009747035845,0.4095054870671593,0.29258079777067714,0.43362566400006664,0.2851006785471615,0.4411057832235823
water_dense_transfer_0010,water,dense_transfer_scan,transfer_microscope,1.28,-4138.433356238197,-14.583011338362716,3.1308506276987567,-14.605715394058556,3.1308506276987567,-14.776749491691461,5.9968159425074505,-14.862727098883502,2.178441752120656,-14.870698489410154,1.8418448687322535,-14.888852620809159,1.8654706628156028,0.6858717802469982,0.5519979841248492,0.133873796122149,0.5292939284290057,0.15657785181799255,0.3582598307961007,0.32761194945089755,0.2722822235866573,0.4135895566603409,0.25332471012073654,0.4325470701262617,0.2461567016784052,0.43971507856859304
water_dense_transfer_0011,water,dense_transfer_scan,transfer_microscope,1.3,-4138.47067864717,-14.628322828875458,3.2506048647543415,-14.641525805172115,3.2506048647543415,-14.87593370100166,3.4821928176562533,-14.89639167789026,2.155190339644628,-14.899267712106855,1.8535549594423442,-14.91718755611953,1.8673503276193584,0.6485493712743846,0.5066864936121078,0.1418628776622768,0.4934835173154468,0.1550658539589378,0.259075621485902,0.3894737497884826,0.23861764457989842,0.4099317266944862,0.2247554874240354,0.4237938838503492,0.21782176636803463,0.43072760490635
water_dense_transfer_0012,water,dense_transfer_scan,transfer_microscope,1.32,-4138.505301404755,-14.66685781817602,3.371272107317383,-14.677990372356025,3.3712721073173775,-14.925965396026779,2.1229859589301268,-14.926343676427303,2.1218077582431145,-14.92458107166489,1.873819205379468,-14.939583662927847,1.9024060280903932,0.6139266136888182,0.46815150431154606,0.14577510937727212,0.4570189501315376,0.15690766355728059,0.20904392646078307,0.4048826872280351,0.20866564604285642,0.40526096764596176,0.1994421278659999,0.41448448582281827,0.19542565955971725,0.41850095412910093
water_dense_transfer_0013,water,dense_transfer_scan,transfer_microscope,1.34,-4138.359175758805,-14.70149631550484,3.5000234178152976,-14.701496315504839,3.5000234178153025,-14.93114618222884,2.6783557973988086,-14.931147654205793,2.6786925923385745,-14.92548292417188,2.606055456616816,-14.940204145840044,2.620421632962456,0.7600522596394512,0.4335130069827251,0.3265392526567261,0.4335130069827233,0.3265392526567279,0.2038631402587221,0.5561891193807291,0.20386166826436636,0.5561905913750849,0.19854027535901153,0.5615119842804397,0.19480517664752028,0.5652470829919309
water_dense_transfer_0014,water,dense_transfer_scan,transfer_microscope,1.36,-4138.41223143956,-14.73270733422993,3.6775844988499427,-14.732707334229927,3.67758449884994,-14.935701781196643,3.076113675566158,-14.935704703744008,3.0756975536500994,-14.927078337540717,3.0265114573551064,-14.941850347126518,3.034671652618787,0.7069965788841728,0.4023019882576353,0.3046945906265375,0.4023019882576353,0.3046945906265375,0.19930754129091888,0.5076890375932539,0.1993046187261509,0.5076919601580219,0.1969448619901737,0.5100517168939991,0.19315897536104565,0.5138376035231271
water_dense_transfer_0015,water,dense_transfer_scan,transfer_microscope,1.38,-4138.46258794179,-14.76285995899011,3.959223801928695,-14.762859958990111,3.9592238019286916,-14.935866343986737,3.417864206936768,-14.935880444872623,3.4170807123265576,-14.925046133422537,3.386085749145308,-14.939768463157328,3.390375264892461,0.6566400766541847,0.3721493634974564,0.28449071315672825,0.3721493634974511,0.2844907131567336,0.1991429785008254,0.45749709815335926,0.19912887759753595,0.4575111990566487,0.19897706610835364,0.45766301054583103,0.1952408593302355,0.4613992173239492
water_dense_transfer_0016,water,dense_transfer_scan,transfer_microscope,1.4,-4138.510302873076,-14.795642476173082,4.372000153914582,-14.795642476173079,4.372000153914582,-14.936691992946683,3.693571577261495,-14.936714575344393,3.6927590543521536,-14.924558770393094,3.67883864333885,-14.938955229243078,3.6770492426390926,0.6089251453677207,0.33936684631448344,0.26955829905323725,0.33936684631448344,0.26955829905323725,0.19831732954087933,0.41060781582684136,0.19829474712576634,0.41063039824195435,0.19946442913779627,0.4094607162299244,0.19605409324448608,0.4128710521232346
water_dense_transfer_0017,water,dense_transfer_scan,transfer_microscope,1.42,-4138.5554243140605,-14.834494007075929,4.8587655257401,-14.834494007075923,4.858765525740102,-14.943316775826487,3.895763086761418,-14.94333890939123,3.8951503379618573,-14.931284414016407,3.8933818916780902,-14.944472256695263,3.8871137169418635,0.5638037043836448,0.3005153154116371,0.2632883889720077,0.3005153154116389,0.2632883889720059,0.19169254666107527,0.37211115772256953,0.1916704130789295,0.3721332913047153,0.19273878551448398,0.3710649188691608,0.19053706579230045,0.37326663859134435
water_dense_transfer_0018,water,dense_transfer_scan,transfer_microscope,1.44,-4138.598031232143,-14.880480607038972,5.252501061253236,-14.880480607038974,5.252501061253238,-14.958661098216837,4.024327873038932,-14.958675739548177,4.0239872843460684,-14.947337870559892,4.023954376727979,-14.959150095294241,4.020615443328389,0.5211967863015161,0.25452871544859335,0.26666807085292277,0.254528715448588,0.2666680708529281,0.1763482242707255,0.3448485620307906,0.1763335829219823,0.3448632033795338,0.17668532897099887,0.34451145733051725,0.1758592271933228,0.3453375591081933
water_dense_transfer_0019,water,dense_transfer_scan,transfer_microscope,1.46,-4138.638147471282,-14.93046239725427,5.338459170643463,-14.930462397254267,5.338459170643465,-14.981356451188173,4.09996344633817,-14.981362783546707,4.099573530599916,-14.970354646753886,4.105607524272172,-14.981511886262847,4.0894027525464605,0.4810805471624917,0.20454692523329498,0.2765336219291967,0.20454692523329498,0.2765336219291967,0.1536528712993892,0.3274276758631025,0.15364653892345181,0.3274340082390399,0.1536685527770043,0.3274119943854874,0.15349743622471657,0.32758311093777515
water_dense_transfer_0020,water,dense_transfer_scan,transfer_microscope,1.48,-4138.675826062988,-14.977394087484925,4.999923791657948,-14.977394087484923,4.999923791657945,-15.00584926419078,4.115530208546061,-15.005850817513258,4.115500719763882,-14.994878574344797,4.115348945811733,-15.005880283392765,4.1152940528631285,0.44340195545646566,0.15761523500264119,0.28578672045382447,0.1576152350026394,0.28578672045382625,0.12916005829678134,0.3142418971596843,0.1291585049569015,0.31424345049956415,0.12914462518609326,0.3142573302703724,0.12912903909479923,0.31427291636166643
water_dense_transfer_0021,water,dense_transfer_scan,transfer_microscope,1.5,-4138.7112036449325,-15.01349856127079,4.327736796567168,-15.013498561270787,4.327736796567168,-15.025510746966809,4.121208345385595,-15.025510894740325,4.1212056868664755,-15.014527074029171,4.121187646925808,-15.025513344618908,4.121188657635388,0.40802437351158005,0.12151076121677562,0.28651361229480443,0.12151076121677562,0.28651361229480443,0.10949857552075315,0.2985257979908269,0.10949842772983409,0.29852594578174596,0.10949612550171928,0.2985282480098608,0.10949597786865617,0.2985283956429239
water_dense_transfer_0022,water,dense_transfer_scan,transfer_microscope,1.52,-4138.744332962799,-15.034122974778445,4.121718404303991,-15.034122974778443,4.121718404303994,-15.036525900450378,4.1217179288243795,-15.036525901772677,4.121717905153677,-15.025539804126641,4.121717725338143,-15.036525922794631,4.121717760425389,0.3748950556455384,0.10088634770912108,0.2740087079364173,0.1008863477091193,0.27400870793641907,0.09848342203718374,0.27641163360835463,0.09848342069748206,0.2764116349480563,0.09848339540424966,0.2764116602412887,0.09848339969293285,0.27641165595260553
water_dense_transfer_0023,water,dense_transfer_scan,transfer_microscope,1.54,-4138.775243356848,-15.039030186499854,4.121722291126184,-15.03903018649985,4.121722291126184,-15.03903018649985,4.121722291126184,-15.03903018647083,4.121722291094308,-15.028044063584394,4.121722291093979,-15.039030186499852,4.121722291126184,0.3439846615965507,0.09597913598771157,0.24800552560883915,0.09597913598771157,0.24800552560883915,0.09597913598771157,0.24800552560883915,0.09597913599932895,0.24800552559722178,0.09597913594649654,0.24800552565005418,0.09597913598771157,0.24800552560883915
water_dense_transfer_0024,water,dense_transfer_scan,transfer_microscope,1.56,-4138.804090220661,-15.039030186499854,4.121722291126184,-15.039030186499854,4.121722291126184,-15.039030186499854,4.121722291126184,-15.039030186470828,4.121722291094308,-15.028044063584392,4.121722291093979,-15.039030186499854,4.121722291126184,0.31513779778288153,0.09597913598771157,0.21915866179516996,0.09597913598770802,0.21915866179517351,0.09597913598770802,0.21915866179517351,0.09597913599933072,0.2191586617835508,0.09597913594649832,0.21915866183638322,0.0959791359877098,0.21915866179517174
water_dense_transfer_0025,water,dense_transfer_scan,transfer_microscope,1.58,-4138.830993008928,-15.039030186499854,4.121722291126184,-15.03903018649985,4.121722291126184,-15.03903018649985,4.121722291126184,-15.03903018647083,4.121722291094308,-15.028044063584394,4.121722291093979,-15.039030186499852,4.121722291126184,0.2882350095160291,0.09597913598771157,0.19225587352831752,0.09597913598771157,0.19225587352831752,0.09597913598771157,0.19225587352831752,0.09597913599932895,0.19225587351670015,0.09597913594649654,0.19225587356953255,0.09597913598771157,0.19225587352831752
water_dense_transfer_0026,water,dense_transfer_scan,transfer_microscope,1.6,-4138.855954871499,-15.039030186499858,4.121722291126154,-15.039030186499858,4.121722291126154,-15.039030186499858,4.121722291126154,-15.039030186470828,4.1217222910942795,-15.028044063584392,4.121722291093951,-15.039030186499858,4.121722291126154,0.26327314694481174,0.09597913598770802,0.16729401095710372,0.09597913598770447,0.16729401095710728,0.09597913598770447,0.16729401095710728,0.09597913599933072,0.16729401094548102,0.09597913594649832,0.16729401099831342,0.09597913598770624,0.1672940109571055
water_dense_transfer_0027,water,dense_transfer_scan,transfer_microscope,1.62,-4138.879066206727,-15.039030186499854,4.121722291126184,-15.03903018649985,4.121722291126184,-15.03903018649985,4.121722291126184,-15.03903018647083,4.121722291094308,-15.028044063584394,4.121722291093979,-15.039030186499852,4.121722291126184,0.24016181171737117,0.09597913598771157,0.1441826757296596,0.09597913598771157,0.1441826757296596,0.09597913598771157,0.1441826757296596,0.09597913599932895,0.14418267571804222,0.09597913594649654,0.14418267577087462,0.09597913598771157,0.1441826757296596
water_dense_transfer_0028,water,dense_transfer_scan,transfer_microscope,1.64,-4138.900530246584,-15.039030186499854,4.121722291126184,-15.03903018649985,4.121722291126184,-15.03903018649985,4.121722291126184,-15.03903018647083,4.121722291094308,-15.028044063584394,4.121722291093979,-15.039030186499852,4.121722291126184,0.21869777186020656,0.09597913598771157,0.12271863587249499,0.09597913598771157,0.12271863587249499,0.09597913598771157,0.12271863587249499,0.09597913599932895,0.12271863586087761,0.09597913594649654,0.12271863591371002,0.09597913598771157,0.12271863587249499
formaldehyde_reactant_reference_0000,formaldehyde,reactant_reference,reactant_reference,5.0,-3128.712103255752,-15.278360339065301,0.5909819377292651,-15.278360339065301,0.5909819377292651,-15.278360339065301,0.5909819377292651,-15.278360339029003,0.5909819377611716,-15.267374218648559,0.5909819377611775,-15.278360339065301,0.5909819377292651,0.0,0.0,0.0,0.0,0.0,0.0,0.0,0.0,0.0,0.0,0.0,0.0,0.0
formaldehyde_product_reference_0000,formaldehyde,product_reference,product_reference,0.74144,-3129.2079963042843,-15.716946152270506,2.191602494879618,-15.71694615227051,2.191602494879618,-15.71694615227051,2.191602494879618,-15.716946152233628,2.1916024948440986,-16.028095713824538,0.23271360247107412,-15.716946152270513,2.191602494879618,-0.4958930485322526,-0.4385858132052043,-0.05730723532704829,-0.43858581320520784,-0.05730723532704474,-0.43858581320520784,-0.05730723532704474,-0.4385858132046252,-0.05730723532762738,-0.7607214951759786,0.26482844664372607,-0.4385858132052114,-0.057307235327041184
formaldehyde_dense_transfer_0000,formaldehyde,dense_transfer_scan,transfer_microscope,0.84,-3128.5198545859234,-15.558696945785833,2.6316801209237517,-15.55869694578583,2.631680120923752,-15.32385589679717,4.013014347314194,-15.32856236983761,3.9162358679696294,-15.553920575079786,2.6317772159429498,-15.305236367559441,4.18203833268123,0.19224866982858657,-0.28033660672053173,0.4725852765491183,-0.2803366067205282,0.47258527654911475,-0.04549555773186853,0.2377442275604551,-0.05020203080860597,0.24245070063719254,-0.28654635643122717,0.47879502625981374,-0.02687602849414006,0.21912469832272663
formaldehyde_dense_transfer_0001,formaldehyde,dense_transfer_scan,transfer_microscope,0.86,-3128.538540172527,-15.559440092718688,2.5725886686764743,-15.559440092718685,2.5725886686764743,-15.331816345180872,3.670643562781773,-15.33687286336399,3.5662756560990116,-15.554655170058698,2.5730114433135727,-15.312305888178894,3.8508980837520177,0.1735630832249626,-0.2810797536533869,0.4546428368783495,-0.28107975365338334,0.45464283687834595,-0.05345600611557089,0.2270190893405335,-0.05851252433498644,0.23207560755994905,-0.2872809514101391,0.4608440346351017,-0.03394554911359293,0.20750863233855554
formaldehyde_dense_transfer_0002,formaldehyde,dense_transfer_scan,transfer_microscope,0.88,-3128.550174803572,-15.556813972424663,2.450350882842982,-15.556813972424658,2.450350882842985,-15.336760445784131,3.3103132738404426,-15.342158203438379,3.198603768515891,-15.552015200801028,2.450966818379036,-15.316414632559235,3.5024785295656096,0.1619284521798363,-0.27845363335936213,0.44038208553919844,-0.2784536333593568,0.4403820855391931,-0.05840010671883,0.22032855889866632,-0.0637978644093753,0.2257263165892116,-0.28464098215246914,0.44656943433230545,-0.038054293493933855,0.19998274567377017
formaldehyde_dense_transfer_0003,formaldehyde,dense_transfer_scan,transfer_microscope,0.9,-3128.5556879220735,-15.551737835616917,2.272943401749538,-15.551737835616919,2.2729434017495347,-15.339568199953447,2.9341569194062034,-15.345294180521684,2.815524456094309,-15.546918947750555,2.2735855386935673,-15.318448129440117,3.139153183073951,0.1564153336785239,-0.2733774965516158,0.4297928302301397,-0.2733774965516176,0.4297928302301415,-0.061207860888146115,0.21762319456667,-0.06693384149268056,0.22334917517120445,-0.2795447291019961,0.43596006278052,-0.040087790374816024,0.19650312405333992
formaldehyde_dense_transfer_0004,formaldehyde,dense_transfer_scan,transfer_microscope,0.92,-3128.55591278455,-15.545000454999599,2.0486185376871764,-15.545000454999599,2.0486185376871737,-15.340981312460318,2.54490041529732,-15.34701851795877,2.4199689561121227,-15.540154242330981,2.0490308312475167,-15.319148979369881,2.763917279326058,0.15619047120208052,-0.2666401159342975,0.422830587136378,-0.2666401159342975,0.422830587136378,-0.06262097339501693,0.21881144459709745,-0.06865817892976622,0.22484865013184674,-0.27278002368242227,0.4289704948845028,-0.04078864030458007,0.1969791115066606
formaldehyde_dense_transfer_0005,formaldehyde,dense_transfer_scan,transfer_microscope,0.94,-3128.551597634878,-15.51744796023918,4.693763148681336,-15.517447960239178,4.693763148681331,-15.322957690152101,3.5414218913914515,-15.329343755163926,3.4965187716617283,-15.512560817026891,4.70289804717,-15.30040181975517,3.718705571112602,0.1605056208741189,-0.23908762117387816,0.39959324204799707,-0.23908762117387639,0.3995932420479953,-0.044597351086800074,0.20510297196091898,-0.05098341613492252,0.21148903700904143,-0.24518659837833212,0.405692219252451,-0.02204148068986811,0.182547101563987
formaldehyde_dense_transfer_0006,formaldehyde,dense_transfer_scan,transfer_microscope,0.96,-3128.543415087589,-15.411326242890178,7.919097300900442,-15.411326242890182,7.919097300900438,-15.231945601545084,6.399751410482931,-15.238894384981796,6.345159047791957,-15.40635281962017,7.934853027321753,-15.2084634705465,6.596591072627541,0.16868816816304388,-0.13296590382487672,0.3016540719879206,-0.13296590382488027,0.30165407198792415,0.04641473752021774,0.12227343064282614,0.03946595404720732,0.12922221411583656,-0.13897860097161008,0.30766676913465396,0.06989686851880172,0.09879129964424216
formaldehyde_dense_transfer_0007,formaldehyde,dense_transfer_scan,transfer_microscope,0.98,-3128.531969909391,-15.24269966438927,9.68939712340243,-15.24269966438927,9.689397123402422,-15.085196711057375,8.272172774571585,-15.092854197086368,8.236598711890096,-15.237550543159383,9.71419917914466,-15.060604564676325,8.333901640550376,0.18013334636088985,0.035660674676030624,0.14447267168485922,0.035660674676030624,0.14447267168485922,0.19316362800792675,-0.013030281647036901,0.1855061419426356,-0.0053727955817457484,0.029823675489176082,0.15030967087171376,0.21775577438897642,-0.037622428028086574
formaldehyde_dense_transfer_0008,formaldehyde,dense_transfer_scan,transfer_microscope,1.0,-3128.5178057548574,-15.039367476191604,10.523046905087675,-15.039367476191604,10.523046905087677,-14.911188599567204,8.873097950604498,-14.919384792303163,8.861911551534607,-15.03387803455609,10.545849699708612,-14.885140170897547,8.959597017798282,0.19429750089466324,0.23899286287369748,-0.04469536197903423,0.23899286287369748,-0.04469536197903423,0.36717173949809734,-0.1728742386034341,0.35897554672584064,-0.1646780458311774,0.23349618409246986,-0.039198683197806616,0.39322016816775474,-0.1989226672730915
formaldehyde_dense_transfer_0009,formaldehyde,dense_transfer_scan,transfer_microscope,1.02,-3128.501410733337,-14.832105986433087,9.955966643077112,-14.832105986433085,9.955966643077112,-14.739833949752304,8.053847862187896,-14.747564508083345,8.120896251542101,-14.82600950095369,9.994564876427969,-14.711818824017064,8.155575136174027,0.21069252241522918,0.4462543526322147,-0.2355618302169855,0.44625435263221647,-0.2355618302169873,0.538526389312997,-0.32783386689776783,0.5307958309456584,-0.32010330853042923,0.44136471769486896,-0.23067219527963978,0.5665415150482378,-0.3558489926330086
formaldehyde_dense_transfer_0010,formaldehyde,dense_transfer_scan,transfer_microscope,1.04,-3128.4832223753433,-14.650050721577951,8.058153508504857,-14.650050721577955,8.058153508504857,-14.59547941050807,6.27164418693661,-14.60089920075794,6.426720760231606,-14.643011080811963,8.113245286384105,-14.56619932631784,6.26372349096671,0.2288808804087239,0.6283096174873499,-0.39942873707862603,0.6283096174873464,-0.3994287370786225,0.6828809285572319,-0.45400004814850803,0.6774611382710631,-0.44858025786233924,0.6243631378365961,-0.39548225742787224,0.7121610127474618,-0.4832801323387379
formaldehyde_dense_transfer_0011,formaldehyde,dense_transfer_scan,transfer_microscope,1.06,-3128.4636319179363,-14.515838869356884,5.255116751662675,-14.515838869356884,5.255116751662671,-14.491781265649395,4.766241729469085,-14.494076453978623,4.752914839304167,-14.50760359721047,5.31705687772544,-14.465364331423517,4.4583650068720795,0.24847133781577213,0.7625214697084175,-0.5140501318926454,0.7625214697084175,-0.5140501318926454,0.7865790734159059,-0.5381077356001338,0.7842838850503799,-0.5358125472346078,0.7597706214380882,-0.511299283622316,0.8129960076417841,-0.564524669826012
formaldehyde_dense_transfer_0012,formaldehyde,dense_transfer_scan,transfer_microscope,1.08,-3128.4429880506914,-14.442230060235422,5.427789828017845,-14.442230060235424,5.427789828017846,-14.4350914773742,5.572314112188128,-14.435571290465921,5.56321445885065,-14.432829743320335,5.380256253759801,-14.417103144452264,5.414052283572521,0.26911520506064335,0.836130278829879,-0.5670150737692357,0.8361302788298772,-0.5670150737692339,0.8432688616911008,-0.5741536566304575,0.8427890485630822,-0.5736738435024389,0.8345444753282241,-0.5654292702675807,0.861257194613037,-0.5921419895523936
formaldehyde_dense_transfer_0013,formaldehyde,dense_transfer_scan,transfer_microscope,1.1,-3128.4216002995377,-14.429757675176802,6.533361513372847,-14.429757675176802,6.533361513372848,-14.428440062175527,6.731492251224332,-14.428481835985224,6.722777264930078,-14.419525232144697,6.4743820573675945,-14.420065936119762,7.135790718177843,0.29050295621436817,0.8486026638884994,-0.5580997076741312,0.8486026638884994,-0.5580997076741312,0.8499202768897742,-0.5594173206754061,0.8498785030437794,-0.5593755468294113,0.8478489865038625,-0.5573460302894944,0.858294402945539,-0.5677914467311709
formaldehyde_dense_transfer_0014,formaldehyde,dense_transfer_scan,transfer_microscope,1.12,-3128.39974217119,-14.464139427896114,8.56611631382093,-14.464139427896114,8.566116313820931,-14.463986160562783,8.601258823659572,-14.46398766973951,8.600752498303223,-14.453491643585721,8.527673648471778,-14.461561093346539,8.785649770099184,0.3123610845618714,0.8142209111691869,-0.5018598266073155,0.8142209111691869,-0.5018598266073155,0.8143741785025185,-0.5020130939406471,0.8143726692894937,-0.5020115847276223,0.8138825750628378,-0.5015214905009664,0.8167992457187623,-0.5044381611568909
formaldehyde_dense_transfer_0015,formaldehyde,dense_transfer_scan,transfer_microscope,1.14,-3128.3776541406205,-14.517834876554625,8.850718910127103,-14.517834876554627,8.850718910127101,-14.517822029100593,8.854849588892364,-14.517822069451022,8.854829152448305,-14.507054579805676,8.822295783826508,-14.517465022393068,8.897545104443829,0.33444911513151965,0.7605254625106763,-0.4260763473791567,0.7605254625106745,-0.4260763473791549,0.7605383099647085,-0.42608919483318886,0.7605382695779817,-0.426089154446462,0.7603196388428834,-0.4258705237113638,0.760895316672233,-0.42644620154071333
formaldehyde_dense_transfer_0016,formaldehyde,dense_transfer_scan,transfer_microscope,1.16,-3128.3555460209095,-14.562058332894386,7.871555698003327,-14.562058332894392,7.871555698003328,-14.562057887842627,7.8717484173374,-14.562057888764986,7.8717480166754745,-14.551256637690717,7.845713612856553,-14.562043834393187,7.874867206097176,0.3565572348425121,0.7163020061709151,-0.359744771328403,0.7163020061709098,-0.35974477132839766,0.7163024512226741,-0.359745216380162,0.716302450264017,-0.35974521542150484,0.7161175809578424,-0.3595603461153303,0.7163165046721147,-0.3597592698296026
formaldehyde_dense_transfer_0017,formaldehyde,dense_transfer_scan,transfer_microscope,1.18,-3128.333599197464,-14.589142343857834,6.357067480732649,-14.589142343857834,6.35706748073265,-14.589142343516695,6.357067833455123,-14.589681660146795,6.304724959485394,-14.578879093517205,6.2790857290168605,-14.589681657322572,6.304727671891562,0.37850405828794464,0.6892179952074677,-0.3107139369195231,0.6892179952074677,-0.3107139369195231,0.6892179955486064,-0.31071393726066177,0.6886786788822086,-0.31017462059426393,0.6884951251313538,-0.30999106684340916,0.6886786817427293,-0.31017462345478464
formaldehyde_dense_transfer_0018,formaldehyde,dense_transfer_scan,transfer_microscope,1.2,-3128.311969440319,-14.591098904675368,5.9653491211002985,-14.591098904675368,5.965349121100297,-14.591098904675368,5.965349121100297,-14.591725934285758,5.881225972966027,-14.580923367388891,5.856508344474199,-14.591725934318951,5.88122597294338,0.40013381543303694,0.6872614343899333,-0.2871276189568963,0.6872614343899333,-0.2871276189568963,0.6872614343899333,-0.2871276189568963,0.6866344047432449,-0.28650058931020794,0.6864508512596679,-0.28631703582663093,0.68663440474635,-0.286500589313313
formaldehyde_dense_transfer_0019,formaldehyde,dense_transfer_scan,transfer_microscope,1.22,-3128.290789258928,-14.591098904675338,5.965349121100797,-14.591098904675345,5.965349121100797,-14.591098904675345,5.965349121100797,-14.59172593428573,5.881225972966486,-14.580923367388866,5.856508344474648,-14.591725934318927,5.8812259729438425,0.42131399682421034,0.6872614343899635,-0.2659474375657531,0.6872614343899563,-0.265947437565746,0.6872614343899563,-0.265947437565746,0.6866344047432733,-0.265320407919063,0.6864508512596927,-0.2651368544354824,0.6866344047463748,-0.2653204079221645
formaldehyde_dense_transfer_0020,formaldehyde,dense_transfer_scan,transfer_microscope,1.24,-3128.2701691997395,-14.591098904675368,5.965349121100152,-14.591098904675366,5.965349121100152,-14.591098904675366,5.965349121100152,-14.591725934285757,5.881225972965889,-14.58092336738889,5.856508344474059,-14.59172593431895,5.881225972943234,0.441934056012542,0.6872614343899333,-0.24532737837739127,0.687261434389935,-0.24532737837739305,0.687261434389935,-0.24532737837739305,0.6866344047432467,-0.24470034873070468,0.6864508512596696,-0.24451679524712766,0.6866344047463517,-0.24470034873380975
formaldehyde_dense_transfer_0021,formaldehyde,dense_transfer_scan,transfer_microscope,1.26,-3128.2501994565037,-14.591098904675368,5.9653491211002985,-14.591098904675368,5.965349121100297,-14.591098904675368,5.965349121100297,-14.591725934285758,5.881225972966027,-14.580923367388891,5.856508344474199,-14.591725934318951,5.88122597294338,0.46190379924837544,0.6872614343899333,-0.22535763514155782,0.6872614343899333,-0.22535763514155782,0.6872614343899333,-0.22535763514155782,0.6866344047432449,-0.22473060549486945,0.6864508512596679,-0.22454705201129244,0.68663440474635,-0.22473060549797452
formaldehyde_dense_transfer_0022,formaldehyde,dense_transfer_scan,transfer_microscope,1.28,-3128.230952639451,-14.591098904675368,5.9653491211002985,-14.591098904675368,5.965349121100297,-14.591098904675368,5.965349121100297,-14.591725934285758,5.881225972966027,-14.580923367388891,5.856508344474199,-14.591725934318951,5.88122597294338,0.48115061630096534,0.6872614343899333,-0.20611081808896792,0.6872614343899333,-0.20611081808896792,0.6872614343899333,-0.20611081808896792,0.6866344047432449,-0.20548378844227955,0.6864508512596679,-0.20530023495870253,0.68663440474635,-0.20548378844538462
methane_reactant_reference_0000,methane,reactant_reference,reactant_reference,5.0,-1115.7861627576292,-18.182950505049764,0.11656616129667796,-18.182950505049764,0.11656616129667796,-18.182950505049764,0.11656616129667796,-18.182950505013654,0.11656616128042786,-18.171964382126976,0.11656616128042786,-18.182950505049764,0.11656616129667798,0.0,0.0,0.0,0.0,0.0,0.0,0.0,0.0,0.0,0.0,0.0,0.0,0.0
methane_product_reference_0000,methane,product_reference,product_reference,0.74144,-1115.2449136524867,-18.127770065517772,0.6617167972363598,-18.127770065517776,0.6617167972363598,-18.127770065517776,0.6617167972363598,-18.127770065481585,0.6617167972202482,-18.136704212941027,0.13117297228981806,-18.127770065517772,0.6617167972363598,0.5412491051424695,0.055180439531991254,0.48606866561047823,0.0551804395319877,0.4860686656104818,0.0551804395319877,0.4860686656104818,0.055180439532069414,0.4860686656104001,0.03526016918594976,0.5059889359565197,0.055180439531991254,0.48606866561047823
methane_dense_transfer_0000,methane,dense_transfer_scan,transfer_microscope,0.84,-1115.0840765090138,-17.77977154926787,2.2221281595753943,-17.779771549267874,2.222128159575396,-17.76667616946547,2.5350976656288013,-17.76671013140056,2.5333235774960743,-17.767515299505117,2.1077871779224493,-17.76377629462971,2.5906205796083093,0.7020862486153874,0.4031789557818932,0.29890729283349415,0.40317895578188967,0.2989072928334977,0.41627433558429416,0.2858119130310932,0.41624037361309263,0.28584587500229475,0.4044490826218592,0.2976371659935282,0.4191742104200529,0.2829120381953345
methane_dense_transfer_0001,methane,dense_transfer_scan,transfer_microscope,0.86,-1115.1062736163965,-17.805657540714865,1.8357162281261044,-17.805657540714858,1.835716228126108,-17.793268983234075,2.128847940651595,-17.793304018970073,2.127003199263352,-17.79347008008619,1.7266290532261435,-17.790217142039612,2.1884215647728533,0.6798891412327066,0.3772929643348988,0.3025961768978078,0.3772929643349059,0.3025961768978007,0.3896815218156888,0.2902076194170178,0.3896464860435813,0.2902426551891253,0.37849430204078516,0.30139483919192145,0.3927333630101515,0.2871557782225551
methane_dense_transfer_0002,methane,dense_transfer_scan,transfer_microscope,0.88,-1115.1218533049846,-17.828843377451822,1.4392995184870525,-17.828843377451815,1.439299518487056,-17.817168907693397,1.7124010576223583,-17.817204633562238,1.7105075823746532,-17.81672541650015,1.3356787298782615,-17.813976884964344,1.7759265380209515,0.6643094526446021,0.35410712759794194,0.3102023250466601,0.35410712759794905,0.310202325046653,0.36578159735636717,0.2985278552882349,0.36574587145141635,0.2985635811931857,0.35523896562682467,0.3090704870177774,0.3689736200854199,0.29533583255918217
methane_dense_transfer_0003,methane,dense_transfer_scan,transfer_microscope,0.9,-1115.1317447119097,-17.85003277099601,1.036763659427054,-17.85003277099601,1.0367636594270557,-17.83907181398395,1.2899051341001666,-17.839107828293393,1.287986897321141,-17.837984257407847,1.022824124670068,-17.835753661667034,1.3572161363306154,0.654418045719467,0.3329177340537548,0.32150031166571225,0.3329177340537548,0.32150031166571225,0.3438786910658145,0.31053935465365257,0.3438426767202607,0.31057536899920635,0.33398012471912963,0.3204379210003374,0.34719684338272927,0.3072212023367378
methane_dense_transfer_0004,methane,dense_transfer_scan,transfer_microscope,0.92,-1115.1367783041985,-17.869778291856434,0.9586406288203004,-17.86977829185643,0.9586406288202987,-17.859522504736862,0.9935658084129082,-17.859558407383904,0.9935496045368033,-17.85779841741864,0.9620417858788428,-17.8560940092591,0.9884648278809081,0.6493844534306845,0.31317221319332944,0.3362122402373551,0.313172213193333,0.3362122402373515,0.32342800031290153,0.325956453117783,0.32339209762974974,0.3259923558009348,0.31416596470833724,0.3352184887223473,0.3268564957906648,0.32252795764001974
methane_dense_transfer_0005,methane,dense_transfer_scan,transfer_microscope,0.94,-1115.1376964158392,-17.871884198969067,1.6105334264528608,-17.87188419896907,1.6105334264528617,-17.86241935209396,1.5105570089216735,-17.862454770310663,1.51061269570243,-17.859981318269057,1.6017851224940287,-17.858885031262858,1.5310971136693174,0.6484663417900265,0.3110663060806971,0.3374000357093294,0.3110663060806935,0.33740003570933297,0.32053115295580525,0.32793518883422124,0.3204957347029911,0.3279706070870354,0.3119830638579195,0.33648327793210697,0.32406547378690576,0.32440086800312073
methane_dense_transfer_0006,methane,dense_transfer_scan,transfer_microscope,0.96,-1115.1351620745086,-17.809137742912746,4.550754652485845,-17.80913774291274,4.5507546524858435,-17.80086897368967,4.480900085469612,-17.80090312451275,4.481000699802554,-17.79735130896217,4.543952386070164,-17.797213787200434,4.486493362119139,0.6510006831206283,0.37381276213701753,0.2771879209836108,0.37381276213702463,0.2771879209836037,0.38208153136009315,0.26891915176053516,0.3820473805009037,0.2689533026197246,0.37461307316480585,0.27638760995582246,0.38573671784932984,0.2652639652712985
methane_dense_transfer_0007,methane,dense_transfer_scan,transfer_microscope,0.98,-1115.1297664497174,-17.69771142417336,6.382863116445152,-17.697711424173352,6.382863116445154,-17.691009107061397,6.297258990758801,-17.69104009914523,6.297483030362568,-17.686077522977964,6.374526997013126,-17.68727698886733,6.298609232819109,0.6563963079117912,0.4852390808764042,0.17115722703538694,0.4852390808764113,0.17115722703537983,0.49194139798836645,0.1644549099234247,0.49191040586842405,0.1644859020433671,0.4858868591490122,0.17050944876277896,0.4956735161824355,0.16072279172935566
methane_dense_transfer_0008,methane,dense_transfer_scan,transfer_microscope,1.0,-1115.1220352724151,-17.56220177615328,6.96642795466994,-17.56220177615328,6.9664279546699515,-17.557291157910033,6.874965711461234,-17.557316157661326,6.875338411484856,-17.550742391990788,6.957519845133534,-17.55361604823395,6.8670627348947555,0.6641274852140668,0.6207487288964835,0.04337875631758337,0.6207487288964835,0.04337875631758337,0.6256593471397309,0.03846813807433591,0.625634347352328,0.0384931378617388,0.6212219901361884,0.04290549507787844,0.6293344568158155,0.03479302839825138
methane_dense_transfer_0009,methane,dense_transfer_scan,transfer_microscope,1.02,-1115.1124344217199,-17.426385151601373,6.455156927521183,-17.426385151601366,6.455156927521186,-17.423244902370172,6.372106177098965,-17.4232614448717,6.37255523943096,-17.415098300283887,6.447064035366589,-17.41985935070297,6.3505109399338675,0.6737283359093453,0.7565653534483907,-0.08283701753904538,0.7565653534483978,-0.08283701753905248,0.7597056026795919,-0.08597726677024653,0.7596890601419553,-0.08596072423260992,0.7568660818430892,-0.0831377459337439,0.7630911543467924,-0.08936281843744709
methane_dense_transfer_0010,methane,dense_transfer_scan,transfer_microscope,1.04,-1115.1013749950237,-17.309380968558827,5.134336818546609,-17.309380968558827,5.134336818546601,-17.307702759613097,5.072857116630354,-17.307710869783214,5.073220414495767,-17.29823675841601,5.128338424485398,-17.304896125957427,5.036993410736443,0.6847877626055379,0.8735695364909368,-0.18878177388539896,0.8735695364909368,-0.18878177388539896,0.875247745436667,-0.19045998283112908,0.8752396352304395,-0.1904518726249016,0.8737276237109661,-0.18893986110542826,0.8780543790923367,-0.19326661648679888
methane_dense_transfer_0011,methane,dense_transfer_scan,transfer_microscope,1.06,-1115.0892179309435,-17.224700641420462,5.713862165471115,-17.224700641420462,5.713862165471114,-17.22398795014135,5.7101011978192995,-17.22399057915969,5.710174449530266,-17.213650846363244,5.720346708137415,-17.221993261527615,5.66325025638222,0.6969448266856944,0.9582498636293018,-0.2613050369436074,0.9582498636293018,-0.2613050369436074,0.958962554908414,-0.2620177282227196,0.9589599258539643,-0.2620150991682699,0.9583135357637325,-0.2613687090780381,0.9609572435221487,-0.2640124168364544
methane_dense_transfer_0012,methane,dense_transfer_scan,transfer_microscope,1.08,-1115.0762782082288,-17.181435970572753,6.491614426033465,-17.18143597057275,6.491614426033466,-17.181207179497033,6.492497812528902,-17.18120768590012,6.492504560660432,-17.170433723181766,6.493372419044109,-17.18006317032127,6.466240944841623,0.7098845494003854,1.0015145344770104,-0.2916299850766251,1.001514534477014,-0.29162998507662863,1.0017433255527308,-0.29185877615234546,1.0017428191135345,-0.2918582697131491,1.0015306589452102,-0.29164610954482484,1.002887334728495,-0.29300278532810964
methane_dense_transfer_0013,methane,dense_transfer_scan,transfer_microscope,1.1,-1115.0628288215808,-17.1830990689889,8.26682631421302,-17.18309906898889,8.266826314213022,-17.18304473266806,8.273519009631444,-17.18304478847848,8.27350836085355,-17.17211414140061,8.266513851321458,-17.18255551396508,8.299930135921624,0.7233339360484479,0.9998514360608652,-0.27651750001241737,0.9998514360608723,-0.2765175000124245,0.9999057723817053,-0.27657183633325744,0.9999057165351743,-0.2765717804867265,0.9998502407263672,-0.2765163046779193,1.0003949910846828,-0.2770610550362349
methane_dense_transfer_0014,methane,dense_transfer_scan,transfer_microscope,1.12,-1115.0491047991832,-17.222030690109584,9.960853692345939,-17.22203069010958,9.96085369234594,-17.222020882081186,9.962378434239902,-17.22202088631348,9.962377066454634,-17.21105027669718,9.960030374620821,-17.221882507531888,9.973337436077056,0.7370579584460302,0.9609198149401799,-0.2238618564941497,0.9609198149401834,-0.22386185649415324,0.9609296229685782,-0.22387166452254803,0.9609296187001739,-0.22387166025414373,0.9609141054297972,-0.223856146983767,0.9610679975178762,-0.22401003907184602
methane_dense_transfer_0015,methane,dense_transfer_scan,transfer_microscope,1.14,-1115.0353068001518,-17.276578131699047,10.153199215269447,-17.27657813169905,10.153199215269447,-17.27657693763131,10.153434996889679,-17.276576937899524,10.153434900245692,-17.265598617204294,10.152245397895674,-17.276556549262384,10.15592628250548,0.7508559574773699,0.9063723733507167,-0.15551641587334686,0.9063723733507132,-0.1555164158733433,0.9063735674184521,-0.1555176099410822,0.9063735671141302,-0.1555176096367603,0.9063657649226826,-0.15550980744531273,0.9063939557873795,-0.15553799831000958
methane_dense_transfer_0016,methane,dense_transfer_scan,transfer_microscope,1.16,-1115.0216040343857,-17.320867163429227,9.162709499966098,-17.320867163429217,9.1627094999661,-17.320867117525705,9.162723186187238,-17.320867117503543,9.16272318215258,-17.30988777080822,9.16173361277852,-17.320866316974456,9.162903628255313,0.7645587232434536,0.8620833416205365,-0.09752461837708282,0.8620833416205471,-0.09752461837709347,0.8620833875240592,-0.09752466428060558,0.8620833875101113,-0.09752466426665762,0.8620766113187557,-0.09751788807530204,0.8620841880753076,-0.09752546483185398
methane_dense_transfer_0017,methane,dense_transfer_scan,transfer_microscope,1.18,-1115.0081373816533,-17.31611574384323,9.771702964393613,-17.31611574384323,9.771702964393613,-17.31611574382208,9.771702965709332,-17.316148478985426,9.766722263184539,-17.305169091293415,9.766003866370085,-17.316148478859837,9.7667222593311,0.778025375975858,0.8668347612065332,-0.08880938523067528,0.8668347612065332,-0.08880938523067528,0.8668347612276825,-0.08880938525182458,0.8668020260282283,-0.08877665005237034,0.8667952908335614,-0.08876991485770347,0.8668020261899265,-0.08877665021406855
methane_dense_transfer_0018,methane,dense_transfer_scan,transfer_microscope,1.2,-1114.995023136077,-17.310251590157385,9.994123624417636,-17.31025159015739,9.994123624417636,-17.31025159015739,9.994123624417636,-17.310296148108,9.98796261660425,-17.299316760407557,9.986985297739752,-17.310296148140267,9.987962616622998,0.7911396215522473,0.8726989148923785,-0.08155929334013123,0.8726989148923749,-0.08155929334012768,0.8726989148923749,-0.08155929334012768,0.8726543569056524,-0.08151473535340514,0.8726476217194197,-0.08150800016717241,0.8726543569094964,-0.08151473535724918
methane_dense_transfer_0019,methane,dense_transfer_scan,transfer_microscope,1.22,-1114.9823559001202,-17.310251590157385,9.994123624417636,-17.31025159015739,9.994123624417636,-17.31025159015739,9.994123624417636,-17.310296148108,9.98796261660425,-17.299316760407557,9.986985297739752,-17.310296148140267,9.987962616622998,0.8038068575090165,0.8726989148923785,-0.06889205738336202,0.8726989148923749,-0.06889205738335846,0.8726989148923749,-0.06889205738335846,0.8726543569056524,-0.06884749939663592,0.8726476217194197,-0.0688407642104032,0.8726543569094964,-0.06884749940047996
methane_dense_transfer_0020,methane,dense_transfer_scan,transfer_microscope,1.24,-1114.9702099342373,-17.31025159015738,9.994123624417636,-17.31025159015738,9.994123624417636,-17.31025159015738,9.994123624417636,-17.310296148107994,9.98796261660425,-17.29931676040755,9.986985297739752,-17.31029614814026,9.987962616622998,0.8159528233918536,0.872698914892382,-0.05674609150052845,0.872698914892382,-0.05674609150052845,0.872698914892382,-0.05674609150052845,0.8726543569056595,-0.05670153351380591,0.8726476217194268,-0.05669479832757318,0.8726543569095035,-0.05670153351764995
methane_dense_transfer_0021,methane,dense_transfer_scan,transfer_microscope,1.26,-1114.958641034212,-17.310251590157417,9.994123624416869,-17.310251590157414,9.994123624416869,-17.310251590157414,9.994123624416869,-17.310296148108034,9.987962616603486,-17.29931676040759,9.986985297738988,-17.310296148140292,9.987962616622234,0.8275217234172487,0.8726989148923465,-0.0451771914750978,0.8726989148923501,-0.04517719147510135,0.8726989148923501,-0.04517719147510135,0.8726543569056204,-0.04513263348837171,0.8726476217193877,-0.04512589830213898,0.8726543569094716,-0.04513263349222285
methane_dense_transfer_0022,methane,dense_transfer_scan,transfer_microscope,1.28,-1114.9476902637427,-17.310251590157385,9.994123624417636,-17.31025159015739,9.994123624417636,-17.31025159015739,9.994123624417636,-17.310296148108,9.98796261660425,-17.299316760407557,9.986985297739752,-17.310296148140267,9.987962616622998,0.8384724938864565,0.8726989148923785,-0.03422642100592199,0.8726989148923749,-0.03422642100591844,0.8726989148923749,-0.03422642100591844,0.8726543569056524,-0.0341818630191959,0.8726476217194197,-0.03417512783296317,0.8726543569094964,-0.03418186302303994
