geometry_id,system,split,sample_kind,region,donor_distance_angstrom,transfer_distance_angstrom,base_energy_eV,base_bond_energy_eV,base_overcoord_energy_eV,base_angle_energy_eV,component_sum_error_eV,base_force_rms_eV_per_angstrom,base_force_max_eV_per_angstrom
h3_reactant_reference_0000,h3,train,reactant_reference,reactant_reference,0.74144,5.0,-4.512627573197906,-4.512627573197906,0.0,0.0,0.0,0.0,0.0
h3_product_reference_0000,h3,train,product_reference,product_reference,5.0,0.74144,-4.512627573197906,-4.512627573197906,0.0,0.0,0.0,2.9007785717557725e-15,3.552713678800501e-15
h3_grid_0000,h3,train,grid,off_path,0.7,0.7,-1.1803127623669853,-8.958312762366985,7.778,0.0,0.0,1.3742060996423946,1.6830518727720618
h3_grid_0001,h3,train,grid,off_path,0.7,0.8428571429,-1.0625674084445031,-8.840567408444503,7.778,0.0,-4.440892098500626e-16,3.1199916010630493,4.373809005623942
h3_grid_0002,h3,train,grid,off_path,0.7,0.9857142857,-1.8551717922829345,-7.8528552770590645,5.997683484776131,0.0,6.661338147750939e-16,28.030687650086797,35.141011027277145
h3_grid_0003,h3,train,grid,off_path,0.7,1.1285714286,-4.74826708251535,-4.855160722230057,0.10689363971470618,0.0,0.0,5.64220808199012,7.596322036630713
h3_grid_0004,h3,train,grid,off_path,0.7,1.2714285714,-4.4791563811834925,-4.4791563811834925,0.0,0.0,0.0,1.3742060996423946,1.6830518727720618
h3_grid_0005,h3,train,grid,reactant_like,0.7,1.4142857143,-4.4791563811834925,-4.4791563811834925,0.0,0.0,0.0,1.3742060996423946,1.6830518727720618
h3_grid_0006,h3,train,grid,reactant_like,0.7,1.5571428571,-4.4791563811834925,-4.4791563811834925,0.0,0.0,0.0,1.3742060996423946,1.6830518727720618
h3_grid_0007,h3,train,grid,reactant_like,0.7,1.7,-4.4791563811834925,-4.4791563811834925,0.0,0.0,0.0,1.3742060996423946,1.6830518727720618
h3_grid_0008,h3,train,grid,off_path,0.8428571429,0.7,-1.0625674084445031,-8.840567408444503,7.778,0.0,-4.440892098500626e-16,3.1199916010630493,4.373809005623942
h3_grid_0009,h3,train,grid,off_path,0.8428571429,0.8428571429,-0.9448220547910973,-8.722822054791097,7.778,0.0,0.0,2.196993998322112,2.6907571328518802
h3_grid_0010,h3,train,grid,transfer_region,0.8428571429,0.9857142857,-1.7374264383604514,-7.735109923136582,5.997683484776131,0.0,2.220446049250313e-16,29.851708561314428,37.83176816012902
h3_grid_0011,h3,train,grid,transfer_region,0.8428571429,1.1285714286,-4.630521729184197,-4.737415369609121,0.10689364042492333,0.0,0.0,4.186945107053533,5.913270151525605
h3_grid_0012,h3,train,grid,off_path,0.8428571429,1.2714285714,-4.36141102726101,-4.36141102726101,0.0,0.0,0.0,2.1969939990804512,2.6907571328518802
h3_grid_0013,h3,train,grid,reactant_like,0.8428571429,1.4142857143,-4.36141102726101,-4.36141102726101,0.0,0.0,0.0,2.1969939990804512,2.6907571328518802
h3_grid_0014,h3,train,grid,reactant_like,0.8428571429,1.5571428571,-4.36141102726101,-4.36141102726101,0.0,0.0,0.0,2.1969939990804512,2.6907571328518802
h3_grid_0015,h3,train,grid,reactant_like,0.8428571429,1.7,-4.36141102726101,-4.36141102726101,0.0,0.0,0.0,2.1969939990804512,2.6907571328518802
h3_grid_0016,h3,train,grid,off_path,0.9857142857,0.7,-1.8551717922829312,-7.852855277059067,5.997683484776136,0.0,0.0,28.03068765008678,35.141011027277116
h3_grid_0017,h3,train,grid,off_path,0.9857142857,0.8428571429,-1.7374264383604485,-7.735109923136584,5.997683484776136,0.0,8.881784197001252e-16,29.851708561314407,37.831768160129
h3_grid_0018,h3,train,grid,transfer_region,0.9857142857,0.9857142857,-2.2989807306299275,-6.747397791751148,4.44841706112122,0.0,0.0,22.5620537022864,27.63275955993688
h3_grid_0019,h3,train,grid,transfer_region,0.9857142857,1.1285714286,-3.748566449407244,-3.748566449407244,0.0,0.0,0.0,14.469868870975109,19.93017235496518
h3_grid_0020,h3,train,grid,off_path,0.9857142857,1.2714285714,-3.3247077827859117,-3.3247077827859117,0.0,0.0,0.0,16.05756997833019,19.66642647797145
h3_grid_0021,h3,train,grid,off_path,0.9857142857,1.4142857143,-3.3247077827859117,-3.3247077827859117,0.0,0.0,0.0,16.05756997833019,19.66642647797145
h3_grid_0022,h3,train,grid,off_path,0.9857142857,1.5571428571,-3.3247077827859117,-3.3247077827859117,0.0,0.0,0.0,16.05756997833019,19.66642647797145
h3_grid_0023,h3,train,grid,off_path,0.9857142857,1.7,-3.3247077827859117,-3.3247077827859117,0.0,0.0,0.0,16.05756997833019,19.66642647797145
h3_grid_0024,h3,train,grid,off_path,1.1285714286,0.7,-4.748267082515355,-4.855160722230062,0.1068936397147078,0.0,8.881784197001252e-16,5.642208081990095,7.596322036630678
h3_grid_0025,h3,train,grid,off_path,1.1285714286,0.8428571429,-4.630521728861947,-4.737415368576654,0.1068936397147078,0.0,8.881784197001252e-16,4.186945116102263,5.9132701638586305
h3_grid_0026,h3,train,grid,transfer_region,1.1285714286,0.9857142857,-3.748566449407246,-3.748566449407246,0.0,0.0,0.0,14.469868870975096,19.93017235496516
h3_grid_0027,h3,train,grid,transfer_region,1.1285714286,1.1285714286,-0.7509697950822429,-0.7509697950822429,0.0,0.0,0.0,10.586928282194911,12.966286127903608
h3_grid_0028,h3,train,grid,off_path,1.1285714286,1.2714285714,-0.3753260149596572,-0.3753260149596572,0.0,0.0,0.0,10.574539741319704,12.951113315507849
h3_grid_0029,h3,train,grid,off_path,1.1285714286,1.4142857143,-0.3753260149596572,-0.3753260149596572,0.0,0.0,0.0,10.574539741319704,12.951113315507849
h3_grid_0030,h3,train,grid,off_path,1.1285714286,1.5571428571,-0.3753260149596572,-0.3753260149596572,0.0,0.0,0.0,10.574539741319704,12.951113315507849
h3_grid_0031,h3,train,grid,off_path,1.1285714286,1.7,-0.3753260149596572,-0.3753260149596572,0.0,0.0,0.0,10.574539741319704,12.951113315507849
h3_grid_0032,h3,train,grid,off_path,1.2714285714,0.7,-4.4791563811834925,-4.4791563811834925,0.0,0.0,0.0,1.3742060996423946,1.6830518727720618
h3_grid_0033,h3,train,grid,off_path,1.2714285714,0.8428571429,-4.361411027261012,-4.361411027261012,0.0,0.0,0.0,2.1969939990804512,2.6907571328518802
h3_grid_0034,h3,train,grid,transfer_region,1.2714285714,0.9857142857,-3.3247077827859153,-3.3247077827859153,0.0,0.0,0.0,16.05756997833018,19.666426477971438
h3_grid_0035,h3,train,grid,transfer_region,1.2714285714,1.1285714286,-0.3753260149596572,-0.3753260149596572,0.0,0.0,0.0,10.574539741319704,12.951113315507849
h3_grid_0036,h3,train,grid,off_path,1.2714285714,1.2714285714,0.0,0.0,0.0,0.0,0.0,0.0,0.0
h3_grid_0037,h3,train,grid,off_path,1.2714285714,1.4142857143,0.0,0.0,0.0,0.0,0.0,0.0,0.0
h3_grid_0038,h3,train,grid,off_path,1.2714285714,1.5571428571,0.0,0.0,0.0,0.0,0.0,0.0,0.0
h3_grid_0039,h3,train,grid,off_path,1.2714285714,1.7,0.0,0.0,0.0,0.0,0.0,0.0,0.0
h3_grid_0040,h3,train,grid,off_path,1.4142857143,0.7,-4.479156381183492,-4.479156381183492,0.0,0.0,0.0,1.3742060996424033,1.6830518727720725
h3_grid_0041,h3,train,grid,off_path,1.4142857143,0.8428571429,-4.361411027530087,-4.361411027530087,0.0,0.0,0.0,2.1969939975637693,2.6907571309943314
h3_grid_0042,h3,train,grid,transfer_region,1.4142857143,0.9857142857,-3.3247077827859153,-3.3247077827859153,0.0,0.0,0.0,16.05756997833018,19.666426477971438
h3_grid_0043,h3,train,grid,transfer_region,1.4142857143,1.1285714286,-0.3753260149596572,-0.3753260149596572,0.0,0.0,0.0,10.574539741319704,12.951113315507849
h3_grid_0044,h3,train,grid,off_path,1.4142857143,1.2714285714,0.0,0.0,0.0,0.0,0.0,0.0,0.0
h3_grid_0045,h3,train,grid,off_path,1.4142857143,1.4142857143,0.0,0.0,0.0,0.0,0.0,0.0,0.0
h3_grid_0046,h3,train,grid,off_path,1.4142857143,1.5571428571,0.0,0.0,0.0,0.0,0.0,0.0,0.0
h3_grid_0047,h3,train,grid,off_path,1.4142857143,1.7,0.0,0.0,0.0,0.0,0.0,0.0,0.0
h3_grid_0048,h3,train,grid,product_like,1.5571428571,0.7,-4.479156381183492,-4.479156381183492,0.0,0.0,0.0,1.3742060996424033,1.6830518727720725
h3_grid_0049,h3,train,grid,product_like,1.5571428571,0.8428571429,-4.361411027261012,-4.361411027261012,0.0,0.0,0.0,2.1969939990804512,2.6907571328518802
h3_grid_0050,h3,train,grid,transfer_region,1.5571428571,0.9857142857,-3.324707780819271,-3.324707780819271,0.0,0.0,0.0,16.05756999064169,19.666426493049894
h3_grid_0051,h3,train,grid,transfer_region,1.5571428571,1.1285714286,-0.3753260149596572,-0.3753260149596572,0.0,0.0,0.0,10.574539741319704,12.951113315507849
h3_grid_0052,h3,train,grid,off_path,1.5571428571,1.2714285714,0.0,0.0,0.0,0.0,0.0,0.0,0.0
h3_grid_0053,h3,train,grid,off_path,1.5571428571,1.4142857143,0.0,0.0,0.0,0.0,0.0,0.0,0.0
h3_grid_0054,h3,train,grid,off_path,1.5571428571,1.5571428571,0.0,0.0,0.0,0.0,0.0,0.0,0.0
h3_grid_0055,h3,train,grid,off_path,1.5571428571,1.7,0.0,0.0,0.0,0.0,0.0,0.0,0.0
h3_grid_0056,h3,train,grid,product_like,1.7,0.7,-4.4791563811834925,-4.4791563811834925,0.0,0.0,0.0,1.3742060996423946,1.6830518727720618
h3_grid_0057,h3,train,grid,product_like,1.7,0.8428571429,-4.36141102726101,-4.36141102726101,0.0,0.0,0.0,2.1969939990804512,2.6907571328518802
h3_grid_0058,h3,train,grid,transfer_region,1.7,0.9857142857,-3.3247077827859104,-3.3247077827859104,0.0,0.0,0.0,16.057569978330207,19.66642647797147
h3_grid_0059,h3,train,grid,transfer_region,1.7,1.1285714286,-0.37532601495965395,-0.37532601495965395,0.0,0.0,0.0,10.57453974131966,12.951113315507794
h3_grid_0060,h3,train,grid,off_path,1.7,1.2714285714,0.0,0.0,0.0,0.0,0.0,0.0,0.0
h3_grid_0061,h3,train,grid,off_path,1.7,1.4142857143,0.0,0.0,0.0,0.0,0.0,0.0,0.0
h3_grid_0062,h3,train,grid,off_path,1.7,1.5571428571,0.0,0.0,0.0,0.0,0.0,0.0,0.0
h3_grid_0063,h3,train,grid,off_path,1.7,1.7,0.0,0.0,0.0,0.0,0.0,0.0,0.0
h3_jitter_0000,h3,train,jitter,reactant_like,0.7876250195,1.4518423924,-4.477711356966941,-4.477711356966941,0.0,0.0,0.0,1.178591479183274,1.4434738695955414
h3_jitter_0001,h3,train,jitter,transfer_region,1.2230785277,1.1382812179,-0.2596652074071462,-0.2596652074071462,0.0,0.0,0.0,8.863263233787027,10.855236189374292
h3_jitter_0002,h3,train,jitter,transfer_region,1.5921208834,1.1853740684,-9.366439078419818e-05,-9.366439078419818e-05,0.0,0.0,0.0,0.16458909222033646,0.20157964658385438
h3_jitter_0003,h3,train,jitter,off_path,1.4389615163,1.3368583982,0.0,0.0,0.0,0.0,0.0,0.0,0.0
h3_jitter_0004,h3,train,jitter,off_path,1.2506116128,1.5572299558,0.0,0.0,0.0,0.0,0.0,0.0,0.0
h3_jitter_0005,h3,train,jitter,off_path,1.6468505437,1.3642899479,0.0,0.0,0.0,0.0,0.0,0.0,0.0
h3_jitter_0006,h3,train,jitter,off_path,1.6718736938,1.5502963514,0.0,0.0,0.0,0.0,0.0,0.0,0.0
h3_jitter_0007,h3,train,jitter,transfer_region,0.7580794525,1.2133219103,-4.50782342012962,-4.50782342012962,0.0,0.0,0.0,0.4637019902337272,0.5679166343928301
h3_jitter_0008,h3,train,jitter,reactant_like,0.80222518,1.6271003067,-4.4538510393215685,-4.4538510393215685,0.0,0.0,0.0,1.4852882255468574,1.8190991367768274
h3_jitter_0009,h3,train,jitter,product_like,1.4852595124,0.8350791487,-4.381767350235258,-4.381767350235258,0.0,0.0,0.0,2.0757129889060058,2.542218837643537
h3_jitter_0010,h3,train,jitter,off_path,0.7257756341,1.0381119726,-3.8137945886620943,-6.714577878636435,2.9007832899743407,0.0,0.0,25.918501519348112,32.03388351134751
h3_jitter_0011,h3,train,jitter,off_path,1.2371748947,1.2523812419,0.0,0.0,0.0,0.0,0.0,0.0,0.0
h3_jitter_0012,h3,train,jitter,off_path,0.9674889088,1.2992509053,-3.6540722106602765,-3.6540722106602765,0.0,0.0,0.0,13.26552891593724,16.24688850609096
h3_jitter_0013,h3,train,jitter,transfer_region,1.6306707845,1.020834935,-2.5653678539597347,-2.5653678539597347,0.0,0.0,0.0,18.742768318906606,22.95510937426162
h3_jitter_0014,h3,train,jitter,off_path,1.0826675896,1.4946280189,-1.1639910478442248,-1.1639910478442248,0.0,0.0,0.0,16.898416908119906,20.696249442856768
h3_jitter_0015,h3,train,jitter,off_path,1.3940009406,1.3557365062,0.0,0.0,0.0,0.0,0.0,0.0,0.0
h3_jitter_0016,h3,train,jitter,transfer_region,1.2639751014,1.1501564411,-0.14654046513254734,-0.14654046513254734,0.0,0.0,0.0,6.680684868916484,8.182134530588854
h3_jitter_0017,h3,train,jitter,transfer_region,1.6405606367,1.2055768333,0.0,0.0,0.0,0.0,0.0,0.0,0.0
h3_jitter_0018,h3,train,jitter,transfer_region,1.2861261402,1.1412018503,-0.22890648671851305,-0.22890648671851305,0.0,0.0,0.0,8.333688813497748,10.206642634104824
h3_jitter_0019,h3,train,jitter,off_path,1.4212309142,0.7444735966,-4.512463515728782,-4.512463515728782,0.0,0.0,0.0,0.08804579607582352,0.10783363719145456
h3_jitter_0020,h3,train,jitter,off_path,1.1805312334,1.3166491987,-0.0036338307189294743,-0.0036338307189294743,0.0,0.0,0.0,1.031873999625732,1.2637823889639417
h3_jitter_0021,h3,train,jitter,transfer_region,1.5390874696,0.9456108861,-3.9478212504581576,-3.9478212504581576,0.0,0.0,0.0,8.390208004254356,10.275864223119182
h3_jitter_0022,h3,train,jitter,transfer_region,0.8979043689,1.1834997506,-4.189449904177617,-4.18945054976397,6.455863529968553e-07,0.0,0.0,2.668038945402217,3.5294557666376942
h3_jitter_0023,h3,train,jitter,transfer_region,1.1292056095,1.1349403129,-0.6645361095337303,-0.6645361095337303,0.0,0.0,0.0,10.010528648696662,12.828340245588565
water_reactant_reference_0000,water,train,reactant_reference,reactant_reference,0.96,5.0,-15.151074770159095,-15.483712552842206,0.0002882458339143695,0.3323495368491969,0.0,1.1943373051199262,1.6767316312345555
water_product_reference_0000,water,train,product_reference,product_reference,5.0,0.96,-15.151074770159095,-15.483712552842208,0.0002882458339143992,0.3323495368491975,-1.7763568394002505e-15,1.1943373051199433,1.6767316312345568
water_grid_0000,water,train,grid,transfer_region,0.9,0.9,14.414902621777149,-21.90304394232505,26.02362174410928,10.294324819992912,-3.552713678800501e-15,51.6488296812753,86.99913237968421
water_grid_0001,water,train,grid,transfer_region,0.9,1.0285714286,10.814603198028978,-21.371537004374968,22.671441863875593,9.514698338528351,-1.7763568394002505e-15,48.38936796061213,59.40991119473508
water_grid_0002,water,train,grid,off_path,0.9,1.1571428571,1.2077438722735638,-20.492888396349112,15.337504292029099,6.363127976593578,4.440892098500626e-16,60.72925340811823,84.76442920180392
water_grid_0003,water,train,grid,off_path,0.9,1.2857142857,-8.891161666618597,-18.95971020980594,7.298557577056165,2.769990966131183,3.552713678800501e-15,44.734957964051475,74.24732156797761
water_grid_0004,water,train,grid,reactant_like,0.9,1.4142857143,-14.853512021471428,-16.52584983150625,1.1014744116959787,0.5708633983388449,1.7763568394002505e-15,11.151494909790115,16.274230619072142
water_grid_0005,water,train,grid,reactant_like,0.9,1.5428571429,-15.188998594541788,-15.614664558727688,0.09331642733670367,0.3323495368491969,1.7763568394002505e-15,1.7100798629650953,2.517050313852128
water_grid_0006,water,train,grid,reactant_like,0.9,1.6714285714,-15.188998594541788,-15.614664558727688,0.09331642733670367,0.3323495368491969,1.7763568394002505e-15,1.7100798629650953,2.517050313852128
water_grid_0007,water,train,grid,reactant_like,0.9,1.8,-15.188998594541788,-15.614664558727688,0.09331642733670367,0.3323495368491969,1.7763568394002505e-15,1.7100798629650953,2.517050313852128
water_grid_0008,water,train,grid,transfer_region,1.0285714286,0.9,10.814603198028975,-21.371537004374968,22.671441863875593,9.514698338528351,1.7763568394002505e-15,48.38936796061213,59.40991119473508
water_grid_0009,water,train,grid,transfer_region,1.0285714286,1.0285714286,-0.3770548638161957,-20.779534474052582,14.03935163364281,6.363127976593578,8.881784197001252e-16,49.677811562479455,78.49338725684956
water_grid_0010,water,train,grid,transfer_region,1.0285714286,1.1571428571,-8.24270540383538,-20.001774977411444,8.796090119425568,2.9629794541504992,3.552713678800501e-15,23.802831916508936,38.710243117000836
water_grid_0011,water,train,grid,off_path,1.0285714286,1.2857142857,-12.233231401462328,-18.61917107321557,5.59397144520056,0.7919682265526791,-1.7763568394002505e-15,20.474729207676056,33.84789401578268
water_grid_0012,water,train,grid,reactant_like,1.0285714286,1.4142857143,-15.17274752137547,-16.27700562056404,0.6555122924741865,0.44874580671438535,1.7763568394002505e-15,5.051322514197176,8.809779454758386
water_grid_0013,water,train,grid,reactant_like,1.0285714286,1.5428571429,-15.039030186499849,-15.371379723349046,0.0,0.3323495368491969,0.0,2.354786347319908,4.121722291126234
water_grid_0014,water,train,grid,reactant_like,1.0285714286,1.6714285714,-15.039030186499849,-15.371379723349046,0.0,0.3323495368491969,0.0,2.354786347319908,4.121722291126234
water_grid_0015,water,train,grid,reactant_like,1.0285714286,1.8,-15.039030186499849,-15.371379723349046,0.0,0.3323495368491969,0.0,2.354786347319908,4.121722291126234
water_grid_0016,water,train,grid,off_path,1.1571428571,0.9,1.2077438695200757,-20.492888395737726,15.337504288664224,6.363127976593578,4.440892098500626e-16,60.72925338417974,84.76442920240554
water_grid_0017,water,train,grid,transfer_region,1.1571428571,1.0285714286,-8.24270540383538,-20.001774977411444,8.796090119425568,2.9629794541504992,3.552713678800501e-15,23.802831916508936,38.710243117000836
water_grid_0018,water,train,grid,transfer_region,1.1571428571,1.1571428571,-10.746926924146136,-19.374589762875367,7.783748303129783,0.8439145355994473,0.0,1.7349490229265656,2.2740619801277324
water_grid_0019,water,train,grid,transfer_region,1.1571428571,1.2857142857,-11.866444696049607,-18.083680783078044,5.591097289206433,0.626138797822006,1.7763568394002505e-15,19.064537515860906,32.754547008312045
water_grid_0020,water,train,grid,off_path,1.1571428571,1.4142857143,-14.6428166085622,-15.747074707750771,0.6555122924741865,0.44874580671438535,0.0,6.325834716701751,11.182344867533514
water_grid_0021,water,train,grid,off_path,1.1571428571,1.5428571429,-14.50909927368658,-14.841448810535777,0.0,0.3323495368491969,0.0,3.7773786944504835,6.4851831549437335
water_grid_0022,water,train,grid,off_path,1.1571428571,1.6714285714,-14.50909927368658,-14.841448810535777,0.0,0.3323495368491969,0.0,3.7773786944504835,6.4851831549437335
water_grid_0023,water,train,grid,off_path,1.1571428571,1.8,-14.509099273686582,-14.841448810535779,0.0,0.3323495368491969,0.0,3.7773786944504835,6.4851831549437335
water_grid_0024,water,train,grid,off_path,1.2857142857,0.9,-8.891161666618586,-18.959710209805948,7.298557577056178,2.769990966131184,0.0,44.7349579640515,74.24732156797765
water_grid_0025,water,train,grid,off_path,1.2857142857,1.0285714286,-12.233231401462326,-18.619171073215565,5.59397144520056,0.7919682265526788,0.0,20.47472920767606,33.847894015782686
water_grid_0026,water,train,grid,transfer_region,1.2857142857,1.1571428571,-11.866444692780394,-18.083680784327655,5.591097293635668,0.6261387979115918,0.0,19.064537506384408,32.754546993565064
water_grid_0027,water,train,grid,transfer_region,1.2857142857,1.2857142857,-12.446401243867573,-16.798331181854586,3.764351415862222,0.5875785221247903,0.0,11.74737664322412,18.494042682234177
water_grid_0028,water,train,grid,transfer_region,1.2857142857,1.4142857143,-13.90309838261875,-14.461725104766625,0.14844119122028943,0.41018553092758325,-1.7763568394002505e-15,5.76593890966105,10.657940086158737
water_grid_0029,water,train,grid,off_path,1.2857142857,1.5428571429,-13.100613293059812,-13.408727546311152,0.0,0.3081142532513412,1.7763568394002505e-15,12.145770406858752,19.757384152702365
water_grid_0030,water,train,grid,off_path,1.2857142857,1.6714285714,-13.100613293059814,-13.408727546311155,0.0,0.3081142532513412,0.0,12.145770406858752,19.757384152702365
water_grid_0031,water,train,grid,off_path,1.2857142857,1.8,-13.100613293059812,-13.408727546311152,0.0,0.3081142532513412,1.7763568394002505e-15,12.145770406858752,19.757384152702365
water_grid_0032,water,train,grid,product_like,1.4142857143,0.9,-14.85351202147143,-16.525849831506253,1.101474411695979,0.5708633983388449,0.0,11.151494909790118,16.274230619072146
water_grid_0033,water,train,grid,product_like,1.4142857143,1.0285714286,-15.172747521375468,-16.277005620564037,0.6555122924741825,0.44874580671438463,-1.7763568394002505e-15,5.051322514197142,8.809779454758326
water_grid_0034,water,train,grid,off_path,1.4142857143,1.1571428571,-14.642816608562201,-15.747074707750768,0.6555122924741825,0.44874580671438496,1.7763568394002505e-15,6.325834716701721,11.182344867533455
water_grid_0035,water,train,grid,transfer_region,1.4142857143,1.2857142857,-13.90309838261875,-14.461725104766623,0.14844119122028943,0.41018553092758336,0.0,5.765938909661047,10.657940086158732
water_grid_0036,water,train,grid,transfer_region,1.4142857143,1.4142857143,-11.856228841142888,-12.09070911694457,0.0,0.2344802758016821,0.0,8.44296911341001,13.335678121512741
water_grid_0037,water,train,grid,transfer_region,1.4142857143,1.5428571429,-11.043303081941977,-11.162567662687248,0.0,0.11926458074527134,0.0,7.453711099315658,11.992044409595257
water_grid_0038,water,train,grid,off_path,1.4142857143,1.6714285714,-11.043303081941975,-11.162567662687245,0.0,0.11926458074527134,1.7763568394002505e-15,7.453711099315658,11.992044409595257
water_grid_0039,water,train,grid,off_path,1.4142857143,1.8,-11.043303081941975,-11.162567662687245,0.0,0.11926458074527134,1.7763568394002505e-15,7.453711099315658,11.992044409595257
water_grid_0040,water,train,grid,product_like,1.5428571429,0.9,-15.18899859454179,-15.614664558727693,0.09331642733670367,0.3323495368491969,-1.7763568394002505e-15,1.7100798629650955,2.5170503138521285
water_grid_0041,water,train,grid,product_like,1.5428571429,1.0285714286,-15.039030186768693,-15.37137972361789,0.0,0.3323495368491969,0.0,2.354786345607629,4.1217222881851185
water_grid_0042,water,train,grid,off_path,1.5428571429,1.1571428571,-14.509099273686578,-14.841448810535777,0.0,0.3323495368491975,-1.7763568394002505e-15,3.777378694450487,6.48518315494374
water_grid_0043,water,train,grid,off_path,1.5428571429,1.2857142857,-13.100613293059807,-13.408727546311148,0.0,0.30811425325134056,-1.7763568394002505e-15,12.145770406858752,19.75738415270236
water_grid_0044,water,train,grid,transfer_region,1.5428571429,1.4142857143,-11.04330308314103,-11.162567664011956,0.0,0.1192645808709258,0.0,7.45371110488954,11.99204441851703
water_grid_0045,water,train,grid,transfer_region,1.5428571429,1.5428571429,-10.313867233248688,-10.313867233248688,0.0,0.0,0.0,1.6560671543995586e-09,1.8515393662710265e-09
water_grid_0046,water,train,grid,transfer_region,1.5428571429,1.6714285714,-10.313867233248688,-10.313867233248688,0.0,0.0,0.0,1.6560671543995586e-09,1.8515393662710265e-09
water_grid_0047,water,train,grid,off_path,1.5428571429,1.8,-10.313867233248688,-10.313867233248688,0.0,0.0,0.0,1.6560671543995586e-09,1.8515393662710265e-09
water_grid_0048,water,train,grid,product_like,1.6714285714,0.9,-15.18899859454179,-15.614664558727693,0.09331642733670367,0.3323495368491969,-1.7763568394002505e-15,1.7100798629650955,2.5170503138521285
water_grid_0049,water,train,grid,product_like,1.6714285714,1.0285714286,-15.039030186499847,-15.371379723349044,0.0,0.3323495368491975,0.0,2.354786347319911,4.121722291126239
water_grid_0050,water,train,grid,off_path,1.6714285714,1.1571428571,-14.509099273175508,-14.841448810024705,0.0,0.33234953684919655,0.0,3.7773786950279784,6.485183155885479
water_grid_0051,water,train,grid,off_path,1.6714285714,1.2857142857,-13.100613293177346,-13.408727546311146,0.0,0.30811425313380075,0.0,12.145770406925571,19.757384152576265
water_grid_0052,water,train,grid,off_path,1.6714285714,1.4142857143,-11.043303081941975,-11.162567662687247,0.0,0.11926458074527134,0.0,7.453711099315656,11.992044409595257
water_grid_0053,water,train,grid,transfer_region,1.6714285714,1.5428571429,-10.313867233248688,-10.313867233248688,0.0,0.0,0.0,1.6560671543995586e-09,1.8515393662710265e-09
water_grid_0054,water,train,grid,transfer_region,1.6714285714,1.6714285714,-10.313867233248688,-10.313867233248688,0.0,0.0,0.0,1.6560671543995586e-09,1.8515393662710265e-09
water_grid_0055,water,train,grid,transfer_region,1.6714285714,1.8,-10.313867233248688,-10.313867233248688,0.0,0.0,0.0,1.6560671543995588e-09,1.8515393662710269e-09
water_grid_0056,water,train,grid,product_like,1.8,0.9,-15.18899859454179,-15.61466455872769,0.09331642733670367,0.3323495368491975,1.7763568394002505e-15,1.7100798629650917,2.5170503138521214
water_grid_0057,water,train,grid,product_like,1.8,1.0285714286,-15.03903018649985,-15.371379723349047,0.0,0.33234953684919655,0.0,2.3547863473199078,4.1217222911262335
water_grid_0058,water,train,grid,off_path,1.8,1.1571428571,-14.50909927381916,-14.84144881053578,0.0,0.33234953671661926,-1.7763568394002505e-15,3.777378694197067,6.485183154295535
water_grid_0059,water,train,grid,off_path,1.8,1.2857142857,-13.100613293059812,-13.408727546311153,0.0,0.30811425325134084,0.0,12.145770406858752,19.757384152702365
water_grid_0060,water,train,grid,off_path,1.8,1.4142857143,-11.043303081941975,-11.162567662687248,0.0,0.11926458074527174,-1.7763568394002505e-15,7.453711099315672,11.992044409595282
water_grid_0061,water,train,grid,off_path,1.8,1.5428571429,-10.313867233248688,-10.313867233248688,0.0,0.0,0.0,1.6560671543995586e-09,1.8515393662710265e-09
water_grid_0062,water,train,grid,transfer_region,1.8,1.6714285714,-10.313867233248688,-10.313867233248688,0.0,0.0,0.0,1.6560671543995588e-09,1.8515393662710269e-09
water_grid_0063,water,train,grid,transfer_region,1.8,1.8,-10.313867233248688,-10.313867233248688,0.0,0.0,0.0,1.6560671543995586e-09,1.8515393662710265e-09
water_jitter_0000,water,train,jitter,off_path,1.4351976501,1.7333201415,-10.77380401965588,-10.881222598437487,0.0,0.10741857878160577,0.0,6.286121884145918,10.312141615895577
water_jitter_0001,water,train,jitter,off_path,0.9080325543,1.1995808204,-1.2052827826421475,-20.390841554473425,14.155481863912307,5.030076907918972,1.3322676295501878e-15,65.98358638486654,81.21415958772896
water_jitter_0002,water,train,jitter,off_path,1.7394911386,1.4242949701,-10.888844232190456,-11.011632897705812,0.0,0.12278866551535712,0.0,6.865613634971088,11.110452522417544
water_jitter_0003,water,train,jitter,off_path,1.2951182984,1.0325329128,-12.478334616505911,-18.42713952895182,5.166521441600381,0.782283470845527,0.0,20.622027907104812,33.03917718366409
water_jitter_0004,water,train,jitter,transfer_region,1.1598552739,1.1541120313,-10.604682592030727,-19.347647828318863,7.783909069542063,0.9590561667460715,-1.7763568394002505e-15,2.1212853576407076,2.516165363614793
water_jitter_0005,water,train,jitter,off_path,1.1517584722,1.4483877562,-14.74920908700105,-15.304501409171838,0.19561549039011614,0.3596768317806714,0.0,3.739434178167228,6.732473717153368
water_jitter_0006,water,train,jitter,off_path,1.3000659563,1.0005824414,-12.583281719499773,-18.405674656639796,4.944559606423995,0.8778333307160301,1.7763568394002505e-15,22.054971934999156,37.46753612271842
water_jitter_0007,water,train,jitter,off_path,1.2065733592,1.5428646829,-14.292358600098321,-14.545887794073273,0.0,0.2535291939749538,1.7763568394002505e-15,4.893288513400015,8.003922536384618
water_jitter_0008,water,train,jitter,off_path,1.5349624361,1.7781021956,-10.306450611301187,-10.306459614231557,0.0,9.002930371978234e-06,3.552713678800501e-15,0.5541453500564111,0.7127580019018261
water_jitter_0009,water,train,jitter,transfer_region,1.4535281997,1.4583124567,-10.952314068390388,-11.055397223902624,0.0,0.1030831555122344,-1.7763568394002505e-15,5.571198515647967,9.218401958793507
water_jitter_0010,water,train,jitter,transfer_region,1.0337117979,1.1054745311,-6.020632075942231,-20.288245003936012,10.113174741420108,4.15443818657367,-2.6645352591003757e-15,34.49545757000446,55.48591963576906
water_jitter_0011,water,train,jitter,reactant_like,1.0086403875,1.7477489682,-15.150878308257791,-15.401837493455261,0.0,0.25095918519747,0.0,1.9509994690700982,3.0902888888512563
water_jitter_0012,water,train,jitter,off_path,1.6834594973,1.2161643613,-14.114052924402182,-14.490729552061012,0.0,0.3766766276588297,0.0,6.41104689065061,10.715900016181568
water_jitter_0013,water,train,jitter,reactant_like,1.0188359316,1.7194732046,-14.99819583113447,-15.40668267408035,0.000488295221932762,0.4079985477239485,1.7763568394002505e-15,2.762136636005633,4.159868409584697
water_jitter_0014,water,train,jitter,product_like,1.6356440764,0.9215545952,-15.153295123648109,-15.41867936734127,0.0,0.26538424369316027,0.0,1.6040841481560923,2.488734333372873
water_jitter_0015,water,train,jitter,transfer_region,0.9004727563,0.9419380511,17.66626402941484,-22.453787971517748,29.584643423465224,10.53540857746736,-7.105427357601002e-15,85.43778008273772,142.8249521123829
water_jitter_0016,water,train,jitter,transfer_region,1.1782116501,1.1096868132,-10.446856069605317,-19.499620001340304,7.812894582936589,1.239869348798395,-1.7763568394002505e-15,4.757903177322941,7.522318602760309
water_jitter_0017,water,train,jitter,off_path,1.3370782118,1.6706530931,-12.206332768260433,-12.407810020270151,0.0,0.20147725200971844,0.0,11.389475555318871,18.41155599729019
water_jitter_0018,water,train,jitter,reactant_like,1.0034896677,1.7143215373,-15.10201518565419,-15.53624094683929,0.02091960715112118,0.4133061540339775,-1.7763568394002505e-15,3.1511486035823646,5.159596432297517
water_jitter_0019,water,train,jitter,off_path,0.9585897172,1.197719528,-6.6746667086810465,-19.906726135674237,9.548719629140095,3.6833397978530966,8.881784197001252e-16,31.40226225922636,51.91929685197407
water_jitter_0020,water,train,jitter,off_path,1.1404113478,1.6355859187,-14.572970493848523,-14.888748857981227,0.0,0.31577836413270566,1.7763568394002505e-15,3.9648049201528273,6.663645424639425
water_jitter_0021,water,train,jitter,transfer_region,1.7591629204,1.7127729492,-10.297918951473038,-10.297918951473038,0.0,0.0,0.0,0.7488623127817783,1.165529725262413
water_jitter_0022,water,train,jitter,off_path,1.1550865775,0.9593122973,-4.450922742569206,-20.216032310910336,11.097334894509858,4.667774673831271,0.0,40.669682291823456,66.92018596841847
water_jitter_0023,water,train,jitter,off_path,1.7956375406,1.1458342265,-14.616040740531771,-14.86523111668658,0.0,0.2491903761548078,-1.7763568394002505e-15,3.876585008229058,6.374086123580598
formaldehyde_reactant_reference_0000,formaldehyde,train,reactant_reference,reactant_reference,1.09,5.0,-15.278360339065305,-15.289326566173896,0.0,0.010966227108591846,0.0,0.3267947333564571,0.5909819377291787
formaldehyde_product_reference_0000,formaldehyde,train,product_reference,product_reference,5.0,0.74144,-15.71694615227051,-16.043905355948013,0.0,0.32695920367750403,0.0,1.2510722054632664,2.1916024948796298
formaldehyde_grid_0000,formaldehyde,train,grid,off_path,1.0,0.65,-11.308545605953702,-19.3236451710464,7.900366081043355,0.11473348404934353,0.0,10.434280492936773,17.685056259683208
formaldehyde_grid_0001,formaldehyde,train,grid,off_path,1.0,0.7857142857,-11.875626716079175,-19.66459294317353,7.778,0.010966227094356042,-1.7763568394002505e-15,2.2176146159395356,4.048300550158939
formaldehyde_grid_0002,formaldehyde,train,grid,off_path,1.0,0.9214285714,-11.497616529736737,-19.28658275683109,7.778,0.010966227094356042,0.0,3.5245821390416943,6.441371024480315
formaldehyde_grid_0003,formaldehyde,train,grid,off_path,1.0,1.0571428571,-15.007873263763043,-16.935621196616758,1.9167817057593595,0.010966227094356042,0.0,13.885142503132034,23.164007126814422
formaldehyde_grid_0004,formaldehyde,train,grid,off_path,1.0,1.1928571429,-15.173206679646825,-15.184172906741178,0.0,0.010966227094356042,1.7763568394002505e-15,1.6343474822739112,2.6630430635815263
formaldehyde_grid_0005,formaldehyde,train,grid,reactant_like,1.0,1.3285714286,-15.173206679646825,-15.184172906741178,0.0,0.010966227094356042,1.7763568394002505e-15,1.6343474822739112,2.6630430635815263
formaldehyde_grid_0006,formaldehyde,train,grid,reactant_like,1.0,1.4642857143,-15.173206679646825,-15.184172906741178,0.0,0.010966227094356042,1.7763568394002505e-15,1.6343474822739112,2.6630430635815263
formaldehyde_grid_0007,formaldehyde,train,grid,reactant_like,1.0,1.6,-15.173206679646825,-15.184172906741178,0.0,0.010966227094356042,1.7763568394002505e-15,1.6343474822739112,2.6630430635815263
formaldehyde_grid_0008,formaldehyde,train,grid,off_path,1.1285714286,0.65,-11.812283940811312,-19.601250167927,7.778,0.010966227115685845,-1.7763568394002505e-15,3.0929312545192773,5.249247813094792
formaldehyde_grid_0009,formaldehyde,train,grid,off_path,1.1285714286,0.7857142857,-11.960523521094387,-19.749489748210074,7.778,0.010966227115685845,-1.7763568394002505e-15,0.8796146885940013,1.3916448793119507
formaldehyde_grid_0010,formaldehyde,train,grid,transfer_region,1.1285714286,0.9214285714,-11.582513334678204,-19.37147956179389,7.778,0.010966227115685845,-1.7763568394002505e-15,2.203608375831405,3.789257908041938
formaldehyde_grid_0011,formaldehyde,train,grid,transfer_region,1.1285714286,1.0571428571,-15.092770067477002,-17.020518002829046,1.9167817082363583,0.010966227115685845,0.0,14.956849625002773,24.090026736018473
formaldehyde_grid_0012,formaldehyde,train,grid,transfer_region,1.1285714286,1.1928571429,-15.25810348458829,-15.269069711703978,0.0,0.010966227115685845,-1.7763568394002505e-15,0.7166816992403139,1.2424897462168611
formaldehyde_grid_0013,formaldehyde,train,grid,reactant_like,1.1285714286,1.3285714286,-15.25810348458829,-15.269069711703978,0.0,0.010966227115685845,-1.7763568394002505e-15,0.7166816992403139,1.2424897462168611
formaldehyde_grid_0014,formaldehyde,train,grid,reactant_like,1.1285714286,1.4642857143,-15.25810348458829,-15.269069711703978,0.0,0.010966227115685845,-1.7763568394002505e-15,0.7166816992403139,1.2424897462168611
formaldehyde_grid_0015,formaldehyde,train,grid,reactant_like,1.1285714286,1.6,-15.25810348458829,-15.269069711703978,0.0,0.010966227115685845,-1.7763568394002505e-15,0.7166816992403139,1.2424897462168611
formaldehyde_grid_0016,formaldehyde,train,grid,off_path,1.2571428571,0.65,-11.568559284064623,-19.357525511176082,7.778,0.010966227111460083,0.0,3.8858543773137626,6.957986669285093
formaldehyde_grid_0017,formaldehyde,train,grid,off_path,1.2571428571,0.7857142857,-11.716798864273953,-19.505765091385413,7.778,0.010966227111460083,-1.7763568394002505e-15,1.548743153324538,2.8901569793591606
formaldehyde_grid_0018,formaldehyde,train,grid,transfer_region,1.2571428571,0.9214285714,-11.338788677931515,-19.127754905042973,7.778,0.010966227111460083,0.0,2.1998265731938385,3.789257908041938
formaldehyde_grid_0019,formaldehyde,train,grid,transfer_region,1.2571428571,1.0571428571,-14.84904541269473,-16.77679334407853,1.9167817042723414,0.010966227111460083,1.7763568394002505e-15,15.560988659712383,25.80126451159421
formaldehyde_grid_0020,formaldehyde,train,grid,transfer_region,1.2571428571,1.1928571429,-15.014378827841599,-15.025345054953059,0.0,0.010966227111460083,0.0,1.758212667205918,2.8901569793591606
formaldehyde_grid_0021,formaldehyde,train,grid,off_path,1.2571428571,1.3285714286,-15.014378827841599,-15.025345054953059,0.0,0.010966227111460083,0.0,1.758212667205918,2.8901569793591606
formaldehyde_grid_0022,formaldehyde,train,grid,off_path,1.2571428571,1.4642857143,-15.014378827841599,-15.025345054953059,0.0,0.010966227111460083,0.0,1.758212667205918,2.8901569793591606
formaldehyde_grid_0023,formaldehyde,train,grid,off_path,1.2571428571,1.6,-15.014378827841599,-15.025345054953059,0.0,0.010966227111460083,0.0,1.758212667205918,2.8901569793591606
formaldehyde_grid_0024,formaldehyde,train,grid,off_path,1.3857142857,0.65,-11.346511688300271,-18.92631387492797,7.568896012867686,0.01090617376001588,3.552713678800501e-15,4.550786576339303,8.234331845382203
formaldehyde_grid_0025,formaldehyde,train,grid,off_path,1.3857142857,0.7857142857,-11.494751268280808,-19.07455345490851,7.568896012867686,0.01090617376001588,0.0,5.77008646861869,9.830536920409711
formaldehyde_grid_0026,formaldehyde,train,grid,transfer_region,1.3857142857,0.9214285714,-11.116741081617022,-18.696543268244724,7.568896012867686,0.01090617376001588,0.0,6.808342083604801,12.227664391774336
formaldehyde_grid_0027,formaldehyde,train,grid,transfer_region,1.3857142857,1.0571428571,-14.520980572931341,-16.34558170635214,1.8136949596607819,0.01090617376001588,1.7763568394002505e-15,13.551964551041243,21.889695018512548
formaldehyde_grid_0028,formaldehyde,train,grid,transfer_region,1.3857142857,1.1928571429,-14.591098904675357,-14.602632108078959,0.0,0.01153320340360146,0.0,3.705141700029479,5.965349121100451
formaldehyde_grid_0029,formaldehyde,train,grid,off_path,1.3857142857,1.3285714286,-14.591098904675357,-14.602632108078959,0.0,0.01153320340360146,0.0,3.705141700029479,5.965349121100451
formaldehyde_grid_0030,formaldehyde,train,grid,off_path,1.3857142857,1.4642857143,-14.591098904675357,-14.602632108078959,0.0,0.01153320340360146,0.0,3.705141700029479,5.965349121100451
formaldehyde_grid_0031,formaldehyde,train,grid,off_path,1.3857142857,1.6,-14.591098904675357,-14.602632108078959,0.0,0.01153320340360146,0.0,3.705141700029479,5.965349121100451
formaldehyde_grid_0032,formaldehyde,train,grid,product_like,1.5142857143,0.65,-14.331617155018849,-17.562686550956045,3.1436202533327675,0.08744914260442999,1.7763568394002505e-15,14.917002486693272,25.591750095438005
formaldehyde_grid_0033,formaldehyde,train,grid,product_like,1.5142857143,0.7857142857,-14.479856735183906,-17.710926131121102,3.1436202533327675,0.08744914260442999,1.7763568394002505e-15,16.53900878923157,26.659949195331283
formaldehyde_grid_0034,formaldehyde,train,grid,transfer_region,1.5142857143,0.9214285714,-14.10184654856439,-17.332915944501586,3.1436202533327675,0.08744914260442999,1.7763568394002505e-15,17.39944935788435,29.057550175654278
formaldehyde_grid_0035,formaldehyde,train,grid,transfer_region,1.5142857143,1.0571428571,-14.758640759516782,-14.981954383858493,0.13586448173728402,0.08744914260442999,3.552713678800501e-15,6.043185252437781,11.134202789554934
formaldehyde_grid_0036,formaldehyde,train,grid,transfer_region,1.5142857143,1.1928571429,-13.139814873231838,-13.288881215200306,0.0,0.1490663419684657,-1.7763568394002505e-15,8.901520537081348,14.308603017140939
formaldehyde_grid_0037,formaldehyde,train,grid,off_path,1.5142857143,1.3285714286,-13.139814873231838,-13.288881215200306,0.0,0.1490663419684657,-1.7763568394002505e-15,8.901520537081348,14.308603017140939
formaldehyde_grid_0038,formaldehyde,train,grid,off_path,1.5142857143,1.4642857143,-13.139814873231838,-13.288881215200306,0.0,0.1490663419684657,-1.7763568394002505e-15,8.901520537081348,14.308603017140939
formaldehyde_grid_0039,formaldehyde,train,grid,off_path,1.5142857143,1.6,-13.139814873231838,-13.288881215200306,0.0,0.1490663419684657,-1.7763568394002505e-15,8.901520537081348,14.308603017140939
formaldehyde_grid_0040,formaldehyde,train,grid,product_like,1.6428571429,0.65,-15.764971630653141,-16.191466145276827,0.16494094448040753,0.2615535701432796,0.0,3.3386332490390704,5.92663691314389
formaldehyde_grid_0041,formaldehyde,train,grid,product_like,1.6428571429,0.7857142857,-15.91321121086247,-16.339705725486155,0.16494094448040753,0.2615535701432796,0.0,0.8889360874529568,1.3916448807581663
formaldehyde_grid_0042,formaldehyde,train,grid,transfer_region,1.6428571429,0.9214285714,-15.53520102452003,-15.961695539143717,0.16494094448040753,0.2615535701432796,0.0,2.053205186563886,3.7892579080419395
formaldehyde_grid_0043,formaldehyde,train,grid,transfer_region,1.6428571429,1.0571428571,-13.336751277306396,-13.599661163045383,0.0,0.26290988573898577,-1.7763568394002505e-15,12.760514081869667,23.33413267300428
formaldehyde_grid_0044,formaldehyde,train,grid,transfer_region,1.6428571429,1.1928571429,-11.596762901416342,-11.861350280628216,0.0,0.26458737921187214,-1.7763568394002505e-15,4.684712758824913,8.16882771083373
formaldehyde_grid_0045,formaldehyde,train,grid,off_path,1.6428571429,1.3285714286,-11.596762901416342,-11.861350280628216,0.0,0.26458737921187214,-1.7763568394002505e-15,4.684712758824913,8.16882771083373
formaldehyde_grid_0046,formaldehyde,train,grid,off_path,1.6428571429,1.4642857143,-11.596762901416342,-11.861350280628216,0.0,0.26458737921187214,-1.7763568394002505e-15,4.684712758824913,8.16882771083373
formaldehyde_grid_0047,formaldehyde,train,grid,off_path,1.6428571429,1.6,-11.596762901416342,-11.861350280628216,0.0,0.26458737921187214,-1.7763568394002505e-15,4.684712758824913,8.16882771083373
formaldehyde_grid_0048,formaldehyde,train,grid,product_like,1.7714285714,0.65,-15.536499035524422,-15.863458239201925,0.0,0.32695920367750403,0.0,3.0035533832287307,4.3174504231728115
formaldehyde_grid_0049,formaldehyde,train,grid,product_like,1.7714285714,0.7857142857,-15.684738615504957,-16.01169781918246,0.0,0.32695920367750403,1.7763568394002505e-15,1.5296574299296204,2.1916024948796298
formaldehyde_grid_0050,formaldehyde,train,grid,transfer_region,1.7714285714,0.9214285714,-15.306728429162519,-15.633687632840022,0.0,0.32695920367750403,0.0,2.703437045826307,3.789257908041938
formaldehyde_grid_0051,formaldehyde,train,grid,transfer_region,1.7714285714,1.0571428571,-12.927758252395074,-13.254717456072578,0.0,0.32695920367750403,0.0,14.50716410029284,22.85238655860382
formaldehyde_grid_0052,formaldehyde,train,grid,transfer_region,1.7714285714,1.1928571429,-11.204318579072606,-11.53127778275011,0.0,0.32695920367750403,0.0,1.2510722054632664,2.1916024948796298
formaldehyde_grid_0053,formaldehyde,train,grid,off_path,1.7714285714,1.3285714286,-11.204318579072606,-11.53127778275011,0.0,0.32695920367750403,0.0,1.2510722054632664,2.1916024948796298
formaldehyde_grid_0054,formaldehyde,train,grid,off_path,1.7714285714,1.4642857143,-11.204318579072606,-11.53127778275011,0.0,0.32695920367750403,0.0,1.2510722054632664,2.1916024948796298
formaldehyde_grid_0055,formaldehyde,train,grid,off_path,1.7714285714,1.6,-11.204318579072606,-11.53127778275011,0.0,0.32695920367750403,0.0,1.2510722054632664,2.1916024948796298
formaldehyde_grid_0056,formaldehyde,train,grid,product_like,1.9,0.65,-15.536499035524418,-15.863458239201922,0.0,0.32695920367750403,0.0,3.00355338322873,4.317450423172809
formaldehyde_grid_0057,formaldehyde,train,grid,product_like,1.9,0.7857142857,-15.684738615504957,-16.01169781918246,0.0,0.32695920367750403,1.7763568394002505e-15,1.5296574299296184,2.1916024948796298
formaldehyde_grid_0058,formaldehyde,train,grid,transfer_region,1.9,0.9214285714,-15.30672842896172,-15.633687632639223,0.0,0.32695920367750403,0.0,2.703437046121829,3.789257908569038
formaldehyde_grid_0059,formaldehyde,train,grid,transfer_region,1.9,1.0571428571,-12.927758250457085,-13.254717454134589,0.0,0.32695920367750403,0.0,14.507164097595641,22.85238655432323
formaldehyde_grid_0060,formaldehyde,train,grid,transfer_region,1.9,1.1928571429,-11.204318579072606,-11.53127778275011,0.0,0.32695920367750403,0.0,1.2510722054632664,2.1916024948796298
formaldehyde_grid_0061,formaldehyde,train,grid,off_path,1.9,1.3285714286,-11.204318579072606,-11.53127778275011,0.0,0.32695920367750403,0.0,1.2510722054632664,2.1916024948796298
formaldehyde_grid_0062,formaldehyde,train,grid,off_path,1.9,1.4642857143,-11.204318579072606,-11.53127778275011,0.0,0.32695920367750403,0.0,1.2510722054632664,2.1916024948796298
formaldehyde_grid_0063,formaldehyde,train,grid,off_path,1.9,1.6,-11.204318579072606,-11.53127778275011,0.0,0.32695920367750403,0.0,1.2510722054632664,2.1916024948796298
formaldehyde_jitter_0000,formaldehyde,train,jitter,product_like,1.5352413291,0.8006961515,-14.932656140068296,-17.413811737010324,2.3595143169245953,0.12164128001743281,1.7763568394002505e-15,14.024792290359702,22.94466257284968
formaldehyde_jitter_0001,formaldehyde,train,jitter,product_like,1.8175073921,0.8735975876,-15.447996525071279,-15.773364459563384,0.0,0.32536793449210394,-1.7763568394002505e-15,2.7904061864179357,3.4671586966320684
formaldehyde_jitter_0002,formaldehyde,train,jitter,off_path,1.2891403084,1.4729033747,-14.809027005993016,-14.865501342823372,0.0,0.05647433683035537,0.0,3.4445720434046256,6.362937198645456
formaldehyde_jitter_0003,formaldehyde,train,jitter,product_like,1.7290097548,0.8361428641,-15.463763695768463,-15.896738273596295,1.2342789377612056e-05,0.4329622350384533,-1.7763568394002505e-15,1.9395051940337706,2.5630172399891524
formaldehyde_jitter_0004,formaldehyde,train,jitter,product_like,1.5204033187,0.8831282309,-14.375931718112414,-17.37492490574876,2.906039791118001,0.09295339651834618,1.7763568394002505e-15,16.58270094212653,27.830822173066966
formaldehyde_jitter_0005,formaldehyde,train,jitter,product_like,1.4549587514,0.6712112161,-12.757306546037325,-18.352616511470462,5.571715815608028,0.023594149825104112,-3.552713678800501e-15,16.211722817372614,26.891797079606754
formaldehyde_jitter_0006,formaldehyde,train,jitter,product_like,1.4562870479,0.7319938221,-12.88619040418675,-18.43982744380238,5.519442978891362,0.03419406072426714,1.7763568394002505e-15,17.461271546160805,28.399202821942204
formaldehyde_jitter_0007,formaldehyde,train,jitter,off_path,1.7084380804,1.423647828,-11.177602053884451,-11.479901550668954,0.0,0.3022994967845051,1.7763568394002505e-15,2.82444544181171,4.15276694081382
formaldehyde_jitter_0008,formaldehyde,train,jitter,off_path,1.0362492347,0.7296313641,-11.912694603979531,-19.695090166728065,7.778,0.004395562748534332,0.0,2.009371252789024,3.435275253429468
formaldehyde_jitter_0009,formaldehyde,train,jitter,off_path,1.3742678135,1.4381386108,-14.600342502886583,-14.613449112049423,0.0,0.013106609162838567,-1.7763568394002505e-15,2.9514579053196277,4.696418374014908
formaldehyde_jitter_0010,formaldehyde,train,jitter,transfer_region,1.4630209074,0.957891005,-12.80477819968969,-17.656658851599996,4.812431370359568,0.039449281550738895,1.7763568394002505e-15,14.720769946613142,27.061192426540977
formaldehyde_jitter_0011,formaldehyde,train,jitter,off_path,1.7002704703,1.412589038,-11.197352637420241,-11.478862942435924,0.0,0.2815103050156818,-1.7763568394002505e-15,3.291866070726611,5.085241655272839
formaldehyde_jitter_0012,formaldehyde,train,jitter,transfer_region,1.2618723928,1.2173031155,-14.903679943244601,-14.949186127480395,0.0,0.04550618423579372,0.0,3.045696948645355,5.549395247625616
formaldehyde_jitter_0013,formaldehyde,train,jitter,transfer_region,1.7005710634,1.2184338143,-11.11244614471652,-11.50163934494503,0.0,0.38919320022851034,0.0,2.9429168612665775,4.014780127425288
formaldehyde_jitter_0014,formaldehyde,train,jitter,off_path,1.2910240006,1.2979519445,-14.841730558151742,-14.84743512123546,0.0,0.005704563083716907,-1.7763568394002505e-15,2.0186424795976006,2.888135778411394
formaldehyde_jitter_0015,formaldehyde,train,jitter,off_path,1.6000939595,1.3694814906,-12.012364239594078,-12.186827843089652,0.0,0.17446360349557405,0.0,6.999662873685542,11.009848374285093
formaldehyde_jitter_0016,formaldehyde,train,jitter,transfer_region,1.5933707516,0.9736466636,-15.191535250661715,-15.850095735357556,0.4363604678063906,0.22220001688944982,1.7763568394002505e-15,4.353363609251848,6.838821529667033
formaldehyde_jitter_0017,formaldehyde,train,jitter,off_path,1.2861777291,0.8442181337,-11.47643560934925,-19.26279288143517,7.778,0.00835727208591968,-1.7763568394002505e-15,2.137498647822997,3.3657002497661472
formaldehyde_jitter_0018,formaldehyde,train,jitter,transfer_region,1.2643697126,1.1690441603,-15.002276199865625,-15.022764494071248,0.0009199344305666888,0.019568359775059285,1.7763568394002505e-15,2.5996168032088787,4.20777191951242
formaldehyde_jitter_0019,formaldehyde,train,jitter,off_path,1.5854373646,1.3804943343,-12.128248469821523,-12.315050085607949,0.0,0.18680161578642557,0.0,6.978731156642287,11.654247456728323
formaldehyde_jitter_0020,formaldehyde,train,jitter,off_path,1.410401584,0.8138477308,-11.709694156139445,-18.79825047419439,7.063482341384189,0.02507397667075555,0.0,12.209199745712336,19.452447542676946
formaldehyde_jitter_0021,formaldehyde,train,jitter,product_like,1.8996668007,0.8324813339,-15.556631134553898,-15.887032284389537,0.0,0.33040114983564023,1.7763568394002505e-15,2.3067465399828517,2.6606470097746815
formaldehyde_jitter_0022,formaldehyde,train,jitter,transfer_region,1.4893512696,1.1255575701,-13.870475563736035,-13.960011509714803,0.0,0.08953594597876954,0.0,9.127901035684317,15.077205250877933
formaldehyde_jitter_0023,formaldehyde,train,jitter,off_path,1.3584639412,1.4023673483,-14.559897076248614,-14.670136419592861,0.0,0.1102393433442476,0.0,2.3120123758594975,3.3651019961967097
methane_reactant_reference_0000,methane,holdout,reactant_reference,reactant_reference,1.09,5.0,-18.182950505049767,-18.182950513219158,0.0,8.169392464493623e-09,3.552713678800501e-15,0.09517596039595212,0.11656616129668862
methane_product_reference_0000,methane,holdout,product_reference,product_reference,5.0,0.74144,-18.127770065517772,-18.149840458111218,0.0,0.022070392593446488,0.0,0.31360252481915074,0.6617167972363673
methane_grid_0000,methane,holdout,grid,off_path,1.0,0.65,-14.617406476693365,-22.726277501630076,8.022732162552382,0.08613886238433124,1.7763568394002505e-15,6.028941167232416,10.900623518804672
methane_grid_0001,methane,holdout,grid,off_path,1.0,0.7857142857,-14.758176624055647,-22.53617663222504,7.778,8.169392464493623e-09,-1.7763568394002505e-15,2.381800518004922,4.590369797411446
methane_grid_0002,methane,holdout,grid,off_path,1.0,0.9214285714,-14.380166437644547,-22.158166445813944,7.778,8.169392464493623e-09,-5.329070518200751e-15,3.517102295723003,6.987982824963982
methane_grid_0003,methane,holdout,grid,off_path,1.0,1.0571428571,-17.89042317136926,-19.80720488603463,1.916781706495978,8.169392464493623e-09,3.552713678800501e-15,12.557954932351663,23.164007134986132
methane_grid_0004,methane,holdout,grid,off_path,1.0,1.1928571429,-18.055756587618077,-18.05575659578747,0.0,8.169392464493623e-09,0.0,1.882441366401642,3.314952320134311
methane_grid_0005,methane,holdout,grid,reactant_like,1.0,1.3285714286,-18.055756587618077,-18.05575659578747,0.0,8.169392464493623e-09,0.0,1.882441366401642,3.314952320134311
methane_grid_0006,methane,holdout,grid,reactant_like,1.0,1.4642857143,-18.055756587618077,-18.05575659578747,0.0,8.169392464493623e-09,0.0,1.882441366401642,3.314952320134311
methane_grid_0007,methane,holdout,grid,reactant_like,1.0,1.6,-18.055756587618077,-18.05575659578747,0.0,8.169392464493623e-09,0.0,1.882441366401642,3.314952320134311
methane_grid_0008,methane,holdout,grid,off_path,1.1285714286,0.65,-14.712628260434542,-22.49062826860394,7.778,8.169392464493623e-09,-5.329070518200751e-15,2.8644655358512328,5.435618660758266
methane_grid_0009,methane,holdout,grid,off_path,1.1285714286,0.7857142857,-14.860867840524929,-22.63886784869432,7.778,8.169392464493623e-09,-1.7763568394002505e-15,0.713689170331206,1.3916448806559512
methane_grid_0010,methane,holdout,grid,transfer_region,1.1285714286,0.9214285714,-14.482857654113829,-22.260857662283225,7.778,8.169392464493623e-09,-5.329070518200751e-15,1.938119534211767,3.78925790820848
methane_grid_0011,methane,holdout,grid,transfer_region,1.1285714286,1.0571428571,-17.993114387838542,-19.90989610250391,1.916781706495978,8.169392464493623e-09,3.552713678800501e-15,13.706688852194382,24.28217537111125
methane_grid_0012,methane,holdout,grid,transfer_region,1.1285714286,1.1928571429,-18.158447804087363,-18.158447812256757,0.0,8.169392464493623e-09,0.0,0.6184589243174885,1.1181682361251184
methane_grid_0013,methane,holdout,grid,reactant_like,1.1285714286,1.3285714286,-18.158447804087363,-18.158447812256757,0.0,8.169392464493623e-09,0.0,0.6184589243174885,1.1181682361251184
methane_grid_0014,methane,holdout,grid,reactant_like,1.1285714286,1.4642857143,-18.158447804087363,-18.158447812256757,0.0,8.169392464493623e-09,0.0,0.6184589243174885,1.1181682361251184
methane_grid_0015,methane,holdout,grid,reactant_like,1.1285714286,1.6,-18.158447804087363,-18.158447812256757,0.0,8.169392464493623e-09,0.0,0.6184589243174885,1.1181682361251184
methane_grid_0016,methane,holdout,grid,off_path,1.2571428571,0.65,-14.417818797747302,-22.195818805916694,7.778,8.169392464493623e-09,-1.7763568394002505e-15,3.7519027255394084,7.50601435310746
methane_grid_0017,methane,holdout,grid,off_path,1.2571428571,0.7857142857,-14.566058377698525,-22.344058385867918,7.778,8.169392464493623e-09,-1.7763568394002505e-15,1.562349100409178,3.0723365250954897
methane_grid_0018,methane,holdout,grid,transfer_region,1.2571428571,0.9214285714,-14.188048191047663,-21.966048199217056,7.778,8.169392464493623e-09,-1.7763568394002505e-15,2.008287972966965,3.7892579092031613
methane_grid_0019,methane,holdout,grid,transfer_region,1.2571428571,1.0571428571,-17.698304927467696,-19.615086637458795,1.9167817018217044,8.169392464493623e-09,0.0,14.378857382759234,26.35257101160626
methane_grid_0020,methane,holdout,grid,transfer_region,1.2571428571,1.1928571429,-17.86363834140012,-17.863638349569513,0.0,8.169392464493623e-09,0.0,1.8095558690466669,3.1885639284742986
methane_grid_0021,methane,holdout,grid,off_path,1.2571428571,1.3285714286,-17.86363834140012,-17.863638349569513,0.0,8.169392464493623e-09,0.0,1.8095558690466669,3.1885639284742986
methane_grid_0022,methane,holdout,grid,off_path,1.2571428571,1.4642857143,-17.86363834140012,-17.863638349569513,0.0,8.169392464493623e-09,0.0,1.8095558690466669,3.1885639284742986
methane_grid_0023,methane,holdout,grid,off_path,1.2571428571,1.6,-17.86363834140012,-17.863638349569513,0.0,8.169392464493623e-09,0.0,1.8095558690466669,3.1885639284742986
methane_grid_0024,methane,holdout,grid,off_path,1.3857142857,0.65,-14.105321358017655,-21.67422500136616,7.568896012688905,7.63065960303854e-06,1.7763568394002505e-15,3.63667731703581,7.258850238079329
methane_grid_0025,methane,holdout,grid,off_path,1.3857142857,0.7857142857,-14.253560938108038,-21.822464581456547,7.568896012688905,7.63065960303854e-06,-1.7763568394002505e-15,4.609748737285447,8.534070265553282
methane_grid_0026,methane,holdout,grid,transfer_region,1.3857142857,0.9214285714,-13.875550751696938,-21.444454395045447,7.568896012688905,7.63065960303854e-06,-1.7763568394002505e-15,5.576615533784232,10.931683293105824
methane_grid_0027,methane,holdout,grid,transfer_region,1.3857142857,1.0571428571,-17.279790242649746,-19.093492832908257,1.8136949595989105,7.63065960303854e-06,0.0,12.736741414786854,22.22832884922415
methane_grid_0028,methane,holdout,grid,transfer_region,1.3857142857,1.1928571429,-17.31025159015739,-17.31030377879987,0.0,5.21886424817715e-05,0.0,5.73715723127195,9.994123624417492
methane_grid_0029,methane,holdout,grid,off_path,1.3857142857,1.3285714286,-17.31025159015739,-17.31030377879987,0.0,5.21886424817715e-05,0.0,5.73715723127195,9.994123624417492
methane_grid_0030,methane,holdout,grid,off_path,1.3857142857,1.4642857143,-17.31025159015739,-17.31030377879987,0.0,5.21886424817715e-05,0.0,5.73715723127195,9.994123624417492
methane_grid_0031,methane,holdout,grid,off_path,1.3857142857,1.6,-17.31025159015739,-17.31030377879987,0.0,5.21886424817715e-05,0.0,5.73715723127195,9.994123624417492
methane_grid_0032,methane,holdout,grid,product_like,1.5142857143,0.65,-16.876991398115194,-20.024780729985793,3.143620252517606,0.004169079352991189,0.0,12.75897446625235,24.042271850383994
methane_grid_0033,methane,holdout,grid,product_like,1.5142857143,0.7857142857,-17.02523097820558,-20.173020310076176,3.143620252517606,0.004169079352991189,3.552713678800501e-15,14.23159307928284,25.203498047794582
methane_grid_0034,methane,holdout,grid,transfer_region,1.5142857143,0.9214285714,-16.647220791794478,-19.795010123665076,3.143620252517606,0.004169079352991189,0.0,15.023627326177902,27.60111107534712
methane_grid_0035,methane,holdout,grid,transfer_region,1.5142857143,1.0571428571,-17.30401500237295,-17.444048563885772,0.13586448215983365,0.004169079352991189,3.552713678800501e-15,5.612406300534421,11.134202772789298
methane_grid_0036,methane,holdout,grid,transfer_region,1.5142857143,1.1928571429,-15.302977355236102,-15.314350127984625,0.0,0.011372772748522766,0.0,8.320283729577985,14.562045924767633
methane_grid_0037,methane,holdout,grid,off_path,1.5142857143,1.3285714286,-15.302977355236102,-15.314350127984625,0.0,0.011372772748522766,0.0,8.320283729577985,14.562045924767633
methane_grid_0038,methane,holdout,grid,off_path,1.5142857143,1.4642857143,-15.302977355236102,-15.314350127984625,0.0,0.011372772748522766,0.0,8.320283729577985,14.562045924767633
methane_grid_0039,methane,holdout,grid,off_path,1.5142857143,1.6,-15.302977355236102,-15.314350127984625,0.0,0.011372772748522766,0.0,8.320283729577985,14.562045924767633
methane_grid_0040,methane,holdout,grid,product_like,1.6428571429,0.65,-18.184332956223194,-18.36615186358884,0.16494094449734809,0.01687796286829775,0.0,3.1769828603228096,6.30587542783715
methane_grid_0041,methane,holdout,grid,product_like,1.6428571429,0.7857142857,-18.33257253631358,-18.514391443679227,0.16494094449734809,0.01687796286829775,0.0,0.8609780752791518,1.4284161675319007
methane_grid_0042,methane,holdout,grid,transfer_region,1.6428571429,0.9214285714,-17.95456234990248,-18.136381257268127,0.16494094449734809,0.01687796286829775,0.0,1.814586827848671,3.78925790820848
methane_grid_0043,methane,holdout,grid,transfer_region,1.6428571429,1.0571428571,-15.745125944774468,-15.762164844717958,0.0,0.0170388999434895,0.0,11.708831982830805,23.277804637713277
methane_grid_0044,methane,holdout,grid,transfer_region,1.6428571429,1.1928571429,-13.980653706181993,-13.99870429865297,0.0,0.01805059247097507,-3.552713678800501e-15,3.88977488498427,7.014332530250947
methane_grid_0045,methane,holdout,grid,off_path,1.6428571429,1.3285714286,-13.980653706181993,-13.99870429865297,0.0,0.01805059247097507,-3.552713678800501e-15,3.88977488498427,7.014332530250947
methane_grid_0046,methane,holdout,grid,off_path,1.6428571429,1.4642857143,-13.980653706181993,-13.99870429865297,0.0,0.01805059247097507,-3.552713678800501e-15,3.88977488498427,7.014332530250947
methane_grid_0047,methane,holdout,grid,off_path,1.6428571429,1.6,-13.980653706181993,-13.99870429865297,0.0,0.01805059247097507,-3.552713678800501e-15,3.88977488498427,7.014332530250947
methane_grid_0048,methane,holdout,grid,product_like,1.7714285714,0.65,-17.947322948667047,-17.969393341260496,0.0,0.022070392593446488,-3.552713678800501e-15,2.5123307770464134,4.3174504246331615
methane_grid_0049,methane,holdout,grid,product_like,1.7714285714,0.7857142857,-18.095562528757434,-18.11763292135088,0.0,0.022070392593446488,0.0,0.862499295569713,1.3916448806559512
methane_grid_0050,methane,holdout,grid,transfer_region,1.7714285714,0.9214285714,-17.71755234196741,-17.739622734560857,0.0,0.022070392593446488,-3.552713678800501e-15,2.2100916371029764,3.78925790920316
methane_grid_0051,methane,holdout,grid,transfer_region,1.7714285714,1.0571428571,-15.33858216371723,-15.36065255631068,0.0,0.022070392593446488,-1.7763568394002505e-15,13.197557992045754,22.852386554351682
methane_grid_0052,methane,holdout,grid,transfer_region,1.7714285714,1.1928571429,-13.615142492319865,-13.637212884913314,0.0,0.022070392593446488,-1.7763568394002505e-15,0.31360252481915074,0.6617167972363673
methane_grid_0053,methane,holdout,grid,off_path,1.7714285714,1.3285714286,-13.615142492319865,-13.637212884913314,0.0,0.022070392593446488,-1.7763568394002505e-15,0.31360252481915074,0.6617167972363673
methane_grid_0054,methane,holdout,grid,off_path,1.7714285714,1.4642857143,-13.615142492319865,-13.637212884913314,0.0,0.022070392593446488,-1.7763568394002505e-15,0.31360252481915074,0.6617167972363673
methane_grid_0055,methane,holdout,grid,off_path,1.7714285714,1.6,-13.615142492319865,-13.637212884913314,0.0,0.022070392593446488,-1.7763568394002505e-15,0.31360252481915074,0.6617167972363673
methane_grid_0056,methane,holdout,grid,product_like,1.9,0.65,-17.947322948667047,-17.969393341260496,0.0,0.022070392593446488,-3.552713678800501e-15,2.5123307770464134,4.3174504246331615
methane_grid_0057,methane,holdout,grid,product_like,1.9,0.7857142857,-18.095562528757434,-18.11763292135088,0.0,0.022070392593446488,0.0,0.862499295569713,1.3916448806559512
methane_grid_0058,methane,holdout,grid,transfer_region,1.9,0.9214285714,-17.717552342346334,-17.739622734939783,0.0,0.022070392593446488,-3.552713678800501e-15,2.2100916365345085,3.78925790820848
methane_grid_0059,methane,holdout,grid,transfer_region,1.9,1.0571428571,-15.338582166002471,-15.36065255859592,0.0,0.022070392593446488,-1.7763568394002505e-15,13.197557994959162,22.852386559399278
methane_grid_0060,methane,holdout,grid,transfer_region,1.9,1.1928571429,-13.615142492319865,-13.637212884913314,0.0,0.022070392593446488,-1.7763568394002505e-15,0.31360252481915074,0.6617167972363673
methane_grid_0061,methane,holdout,grid,off_path,1.9,1.3285714286,-13.615142492319865,-13.637212884913314,0.0,0.022070392593446488,-1.7763568394002505e-15,0.31360252481915074,0.6617167972363673
methane_grid_0062,methane,holdout,grid,off_path,1.9,1.4642857143,-13.615142492319865,-13.637212884913314,0.0,0.022070392593446488,-1.7763568394002505e-15,0.31360252481915074,0.6617167972363673
methane_grid_0063,methane,holdout,grid,off_path,1.9,1.6,-13.615142492319865,-13.637212884913314,0.0,0.022070392593446488,-1.7763568394002505e-15,0.31360252481915074,0.6617167972363673
methane_jitter_0000,methane,holdout,jitter,product_like,1.8673049191,0.825948959,-18.023395598104017,-18.02355266622496,0.0,0.00015706812094237166,0.0,1.4926771144165303,2.357212944062139
methane_jitter_0001,methane,holdout,jitter,transfer_region,1.3943992348,0.872929374,-14.11992229116132,-21.544082601877836,7.423212417756675,0.000947892959838701,-1.7763568394002505e-15,7.063076819965465,13.521472813279512
methane_jitter_0002,methane,holdout,jitter,off_path,1.3787111094,1.3636848373,-17.344687726258496,-17.355586141791164,0.0,0.010898415532670208,0.0,4.9721397656728215,8.73903740109915
methane_jitter_0003,methane,holdout,jitter,reactant_like,1.143370215,1.5944959106,-18.073066408104086,-18.07308304849216,0.0,1.6640388069437604e-05,-3.552713678800501e-15,1.3714720578636106,2.344464683923288
methane_jitter_0004,methane,holdout,jitter,off_path,1.5974965953,1.5136845641,-14.342832610308562,-14.349995995186209,0.0,0.007163384877646354,0.0,5.056361609430575,8.930495971483202
methane_jitter_0005,methane,holdout,jitter,off_path,1.4930198888,1.2980110901,-15.603984865183516,-15.619557647902067,0.0,0.015572782718549434,0.0,9.30408825913741,16.262481257618344
methane_jitter_0006,methane,holdout,jitter,off_path,1.4563142692,1.5397544713,-16.250731833412136,-16.255606244780868,0.0,0.004874411368730237,0.0,10.061152395139736,17.428752245747923
methane_jitter_0007,methane,holdout,jitter,off_path,1.8704840661,1.3088124949,-13.611266435329552,-13.618480751007887,0.0,0.007214315678334586,0.0,0.6683802575538637,1.2399731280482993
methane_jitter_0008,methane,holdout,jitter,product_like,1.5415560936,0.8469772118,-17.44751113033653,-19.612685142648104,2.141853346631497,0.023320665680076402,0.0,11.75570361052678,21.27102767563947
methane_jitter_0009,methane,holdout,jitter,transfer_region,1.5934470671,1.0926443226,-15.449798930095472,-15.460213769522523,0.0,0.010414839427052357,1.7763568394002505e-15,10.347034321234993,20.533844736136864
methane_jitter_0010,methane,holdout,jitter,reactant_like,1.1785076185,1.4862849007,-18.064448606923825,-18.064962026011724,0.0,0.0005134190878978947,0.0,1.3073931774138057,2.2561459952964706
methane_jitter_0011,methane,holdout,jitter,off_path,1.439477107,1.2894045253,-16.47333618704748,-16.47830153192242,0.0,0.004965344874935734,-3.552713678800501e-15,9.60823636296054,16.97024608648504
methane_jitter_0012,methane,holdout,jitter,off_path,1.0880745514,0.6931719652,-14.823113657183145,-22.63546717216773,7.778,0.034353514984582695,-3.552713678800501e-15,1.3359362730946442,2.061779803840814
methane_jitter_0013,methane,holdout,jitter,off_path,1.7857011884,1.4917685822,-13.601502008330169,-13.601673670643493,0.0,0.00017166231332217113,-1.7763568394002505e-15,0.6489872942975484,0.9674921510637926
methane_jitter_0014,methane,holdout,jitter,off_path,1.0590950791,1.050169396,-17.780048537406792,-20.07072423928668,2.2562855852691257,0.034390116610761606,0.0,15.198885983049069,26.676213338331024
methane_jitter_0015,methane,holdout,jitter,off_path,1.3888194286,1.4186435028,-17.257990329360403,-17.263236334368294,0.0,0.005246005007890957,0.0,6.229597342893726,10.898505214494573
methane_jitter_0016,methane,holdout,jitter,transfer_region,1.2199883997,0.9892716558,-15.463424289903388,-21.26558358518694,5.802122755484478,3.6539799071161694e-05,0.0,21.75892475908584,38.97224991130477
methane_jitter_0017,methane,holdout,jitter,off_path,1.3395980209,1.317362295,-17.54048764426874,-17.544921695358525,0.0,0.004434051089783358,0.0,2.4290188216922837,4.397628538374027
methane_jitter_0018,methane,holdout,jitter,transfer_region,1.0925737764,1.08991816,-18.473823734003314,-19.190468368836704,0.716354254974765,0.0002903798586257338,0.0,3.6120083000136938,6.283622818368933
methane_jitter_0019,methane,holdout,jitter,transfer_region,1.6956307121,1.1239832799,-14.103102045844242,-14.120114252120585,0.0,0.01701220627634383,1.7763568394002505e-15,7.158100635546378,13.910812218311264
methane_jitter_0020,methane,holdout,jitter,transfer_region,1.7081488457,1.096325371,-14.49645075731947,-14.530488733518952,0.0,0.03403797619948282,1.7763568394002505e-15,10.260837551264892,18.865445020946524
methane_jitter_0021,methane,holdout,jitter,off_path,1.5020167696,1.3025082082,-15.443688981549695,-15.454695089130091,0.0,0.01100610758039539,0.0,8.744887387845807,15.370438899373971
methane_jitter_0022,methane,holdout,jitter,transfer_region,1.1671549609,0.9970859319,-15.876501040330469,-21.23174845068756,5.353830410516264,0.001416999840825493,-3.552713678800501e-15,22.46191256006921,39.81566432736186
methane_jitter_0023,methane,holdout,jitter,transfer_region,1.4301062871,1.2429215399,-16.647920766633213,-16.68228114254821,0.0,0.034360375914997784,0.0,9.60711190645937,16.9303307083485
