geometry_id,system,transfer_distance_angstrom,fixed_donor_distance_angstrom,taper_inner_angstrom,taper_outer_angstrom,base_relative_eV,qm_relative_eV,residual_target_eV,base_bond_energy_eV,base_overcoord_energy_eV,base_angle_energy_eV,base_force_max_eV_per_angstrom
h3_dense_transfer_0000,h3,0.84,0.8428571429,0.9268,1.186304,3.5601939760465786,0.5537876016345749,-3.0064063744120038,-8.730433597151327,7.778,0.0,2.6907571328518802
h3_dense_transfer_0001,h3,0.86,0.8428571429,0.9268,1.186304,3.6165532842545005,0.5135995776241344,-3.102953706630366,-8.674074288943405,7.778,0.0,2.9902578643616913
h3_dense_transfer_0002,h3,0.88,0.8428571429,0.9268,1.186304,3.67947925888736,0.4797625534595156,-3.1997167054278446,-8.611148314310546,7.778,0.0,3.2946059250692663
h3_dense_transfer_0003,h3,0.9,0.8428571429,0.9268,1.186304,3.7480430575429646,0.45138440610742236,-3.2966586514355423,-8.54258451565494,7.778,0.0,3.554771616062263
h3_dense_transfer_0004,h3,0.92,0.8428571429,0.9268,1.186304,3.8214036638300666,0.42767668444583506,-3.3937269793842315,-8.46922390936784,7.778,0.0,3.7749565647633223
h3_dense_transfer_0005,h3,0.94,0.8428571429,0.9268,1.186304,3.8256921624968956,0.4079439048376514,-3.417748257659244,-8.36615120796693,7.679215797265919,0.0,9.762683680719903
h3_dense_transfer_0006,h3,0.96,0.8428571429,0.9268,1.186304,3.529441328032732,0.3915742669384059,-3.137867061094326,-8.153706437270657,7.170520192105482,0.0,24.75901886228768
h3_dense_transfer_0007,h3,0.98,0.8428571429,0.9268,1.186304,2.970162484208042,0.37803133464142036,-2.5921311495666215,-7.840352359583639,6.297887270593774,0.0,35.7055597608209
h3_dense_transfer_0008,h3,1.0,0.8428571429,0.9268,1.186304,2.247029790252472,0.3668466311026961,-1.8801831591497757,-7.447062077404816,5.181464294459381,0.0,40.96633194235096
h3_dense_transfer_0009,h3,1.02,0.8428571429,0.9268,1.186304,1.4801994304927986,0.357612924143325,-1.1225865063494735,-6.998751118983602,3.9663229762784944,0.0,40.1110269051392
h3_dense_transfer_0010,h3,1.04,0.8428571429,0.9268,1.186304,0.7857427846072405,0.34997784332146153,-0.4357649412857789,-6.522498626169796,2.7956138375791295,0.0,33.962020410389385
h3_dense_transfer_0011,h3,1.06,0.8428571429,0.9268,1.186304,0.2524964458123291,0.34363787378883615,0.09114142797650704,-6.045729810548163,1.7855986831625876,0.0,24.360018012123117
h3_dense_transfer_0012,h3,1.08,0.8428571429,0.9268,1.186304,-0.07401474479331327,0.33833318978707183,0.4123479345803851,-5.594480966989009,1.007838648997789,0.0,13.705515213317476
h3_dense_transfer_0013,h3,1.1,0.8428571429,0.9268,1.186304,-0.19711368584700484,0.33384316406941394,0.5309568499164188,-5.1918543967906885,0.4821131377457769,0.0,4.38435047998225
h3_dense_transfer_0014,h3,1.12,0.8428571429,0.9268,1.186304,-0.16297209238072252,0.32998137683868123,0.49295346921940375,-4.856750708916916,0.18115104333828727,0.0,4.479172276580973
h3_dense_transfer_0015,h3,1.14,0.8428571429,0.9268,1.186304,-0.04476933914414882,0.32659054725259296,0.3713598863967418,-4.602941903516729,0.04554499117467471,0.0,6.66792082869169
h3_dense_transfer_0016,h3,1.16,0.8428571429,0.9268,1.186304,0.07902016247905408,0.32353971515734514,0.24451955267829106,-4.4385222839827865,0.004914873263934517,0.0,5.183494093494856
h3_dense_transfer_0017,h3,1.18,0.8428571429,0.9268,1.186304,0.14689657859044747,0.3207226062752042,0.17382602768475675,-4.365747469190865,1.647458340591918e-05,0.0,2.6907571328518802
h3_dense_transfer_0018,h3,1.2,0.8428571429,0.9268,1.186304,0.15121654593689637,0.3180531566378093,0.16683661070091294,-4.36141102726101,0.0,0.0,2.6907571328518802
h3_dense_transfer_0019,h3,1.22,0.8428571429,0.9268,1.186304,0.15121654593689637,0.31545990448068295,0.16424335854378658,-4.36141102726101,0.0,0.0,2.6907571328518802
h3_dense_transfer_0020,h3,1.24,0.8428571429,0.9268,1.186304,0.15121654593689637,0.312885349225958,0.16166880328906164,-4.36141102726101,0.0,0.0,2.6907571328518802
h3_dense_transfer_0021,h3,1.26,0.8428571429,0.9268,1.186304,0.15121654593689637,0.3102882566991738,0.15907171076227744,-4.36141102726101,0.0,0.0,2.6907571328518802
h3_dense_transfer_0022,h3,1.28,0.8428571429,0.9268,1.186304,0.15121654593689637,0.3076402450656559,0.15642369912875953,-4.36141102726101,0.0,0.0,2.6907571328518802
water_dense_transfer_0000,water,1.08,1.0285714286,1.2,1.536,10.952822990059465,1.3158273887565883,-9.636995601302877,-20.48880734270736,11.356584763084658,4.933970799523074,65.94966944785183
water_dense_transfer_0001,water,1.1,1.0285714286,1.2,1.536,9.690946725690807,1.220585779292378,-8.47036094639843,-20.365916590147833,10.510689129015136,4.395099416664411,59.27663460642269
water_dense_transfer_0002,water,1.12,1.0285714286,1.2,1.536,8.576195040904743,1.1352025455753392,-7.440992495329404,-20.239906131701588,9.792054079423385,3.87297232302385,52.14024682512092
water_dense_transfer_0003,water,1.14,1.0285714286,1.2,1.536,7.613365620129654,1.0584236519480328,-6.5549419681816214,-20.112038592485717,9.202304735790843,3.3720247066654365,44.85910635377978
water_dense_transfer_0004,water,1.16,1.0285714286,1.2,1.536,6.8014453402485024,0.9891546248718441,-5.812290715376658,-19.9833830074216,8.736892002266082,2.8968615752449303,37.70474220436264
water_dense_transfer_0005,water,1.18,1.0285714286,1.2,1.536,6.1346488781374084,0.9264439776798099,-5.2082049004575985,-19.85483250225615,8.385942508945536,2.4524641012889314,30.891599828094005
water_dense_transfer_0006,water,1.2,1.0285714286,1.2,1.536,5.6036130376511935,0.8694661756371715,-4.734146862014022,-19.727121548092924,8.135392785737597,2.0442670298474246,24.57161882179656
water_dense_transfer_0007,water,1.22,1.0285714286,1.2,1.536,5.077328664552857,0.817503181574466,-4.259825482978391,-19.564305717572918,7.818917683718239,1.67164192824844,27.513431800494555
water_dense_transfer_0008,water,1.24,1.0285714286,1.2,1.536,4.4611177759568434,0.769930171645683,-3.6911876043111604,-19.335426257685967,7.306842902291521,1.3386263611921931,30.792182491782192
water_dense_transfer_0009,water,1.26,1.0285714286,1.2,1.536,3.8080007051604596,0.7262064617707438,-3.081794243389716,-19.050193210873097,6.648318901477379,1.0588002443970832,32.261139559824585
water_dense_transfer_0010,water,1.28,1.0285714286,1.2,1.536,3.1180982581578967,0.6858717802469982,-2.4322264779108984,-18.720022066193714,5.8448331288261075,0.8422124253664084,33.84740225353954
water_dense_transfer_0011,water,1.3,1.0285714286,1.2,1.536,2.423072006923338,0.6485493712743846,-1.7745226356489532,-18.357463901798138,4.940187466634623,0.6892736719277583,32.94679860832987
water_dense_transfer_0012,water,1.32,1.0285714286,1.2,1.536,1.772912147716406,0.6139266136888182,-1.1589855340275879,-17.975628499665817,3.9979472654043233,0.599518611818803,31.674490084575428
water_dense_transfer_0013,water,1.34,1.0285714286,1.2,1.536,1.2084972561058969,0.7600522596394512,-0.44844499646644564,-17.58745458178416,3.081304067574278,0.563573000156685,28.96929516626694
water_dense_transfer_0014,water,1.36,1.0285714286,1.2,1.536,0.727390075988378,0.7069965788841728,-0.020393497104205238,-17.204247839771135,2.2459845631602184,0.5345785824402,24.39562131808115
water_dense_transfer_0015,water,1.38,1.0285714286,1.2,1.536,0.3504659289637164,0.6566400766541847,0.30617414769046825,-16.837591865647184,1.5334464898154545,0.5035365346363507,18.7061215431635
water_dense_transfer_0016,water,1.4,1.0285714286,1.2,1.536,0.09171436926856025,0.6089251453677207,0.5172107760991604,-16.49801324502662,0.9671364783872637,0.47151636574882233,12.756946538994484
water_dense_transfer_0017,water,1.42,1.0285714286,1.2,1.536,-0.05162958186994082,0.5638037043836448,0.6154332862535856,-16.194351930164615,0.551854378193703,0.4397931999418743,7.373770654312222
water_dense_transfer_0018,water,1.44,1.0285714286,1.2,1.536,-0.0970280949972242,0.5211967863015161,0.6182248812987403,-15.933540545992356,0.27565218253236146,0.40978549830367456,4.121722291126234
water_dense_transfer_0019,water,1.46,1.0285714286,1.2,1.536,-0.0725311762366374,0.4810805471624917,0.5536117233991291,-15.72047460670341,0.1139043119771208,0.38296434833055626,4.121722291126234
water_dense_transfer_0020,water,1.48,1.0285714286,1.2,1.536,-0.01125203803901087,0.44340195545646566,0.4546539934954765,-15.557971607682935,0.03490220468231871,0.36074259480251175,4.121722291126234
water_dense_transfer_0021,water,1.5,1.0285714286,1.2,1.536,0.05474075148519475,0.40802437351158005,0.3532836220263853,-15.446813579612828,0.006123387260300672,0.34435617367862625,4.121722291126234
water_dense_transfer_0022,water,1.52,1.0285714286,1.2,1.536,0.10020492807962,0.3748950556455384,0.2746901275659184,-15.385864832817392,0.00024257723605042146,0.33475241350186663,4.121722291126234
water_dense_transfer_0023,water,1.54,1.0285714286,1.2,1.536,0.1120445836592463,0.3439846615965507,0.23194007793730442,-15.371379723349046,0.0,0.3323495368491969,4.121722291126234
water_dense_transfer_0024,water,1.56,1.0285714286,1.2,1.536,0.1120445836592463,0.31513779778288153,0.20309321412363524,-15.371379723349046,0.0,0.3323495368491969,4.121722291126234
water_dense_transfer_0025,water,1.58,1.0285714286,1.2,1.536,0.1120445836592463,0.2882350095160291,0.1761904258567828,-15.371379723349046,0.0,0.3323495368491969,4.121722291126234
water_dense_transfer_0026,water,1.6,1.0285714286,1.2,1.536,0.1120445836592463,0.26327314694481174,0.15122856328556544,-15.371379723349046,0.0,0.3323495368491969,4.121722291126234
water_dense_transfer_0027,water,1.62,1.0285714286,1.2,1.536,0.1120445836592463,0.24016181171737117,0.12811722805812487,-15.371379723349046,0.0,0.3323495368491969,4.121722291126234
water_dense_transfer_0028,water,1.64,1.0285714286,1.2,1.536,0.1120445836592463,0.21869777186020656,0.10665318820096026,-15.371379723349046,0.0,0.3323495368491969,4.121722291126234
formaldehyde_dense_transfer_0000,formaldehyde,0.84,1.3857142857,0.9268,1.186304,3.8950065374521365,0.19224866982858657,-3.70275786762355,-18.96315598824087,7.568896012867686,0.01090617376001588,11.075754690442
formaldehyde_dense_transfer_0001,formaldehyde,0.86,1.3857142857,0.9268,1.186304,3.951365845642531,0.1735630832249626,-3.7778027624175685,-18.906796680050476,7.568896012867686,0.01090617376001588,11.428803527606993
formaldehyde_dense_transfer_0002,formaldehyde,0.88,1.3857142857,0.9268,1.186304,4.014291820073954,0.1619284521798363,-3.8523633678941174,-18.843870705619054,7.568896012867686,0.01090617376001588,11.733096337341157
formaldehyde_dense_transfer_0003,formaldehyde,0.9,1.3857142857,0.9268,1.186304,4.082855618982816,0.1564153336785239,-3.9264402853042917,-18.775306906710192,7.568896012867686,0.01090617376001588,11.993217022812154
formaldehyde_dense_transfer_0004,formaldehyde,0.92,1.3857142857,0.9268,1.186304,4.156216225236456,0.15619047120208052,-4.000025754034375,-18.701946300456548,7.568896012867686,0.01090617376001588,12.213365379130884
formaldehyde_dense_transfer_0005,formaldehyde,0.94,1.3857142857,0.9268,1.186304,4.161845900939699,0.1605056208741189,-4.00134028006558,-18.598873599010084,7.4714529871244615,0.01090617376001588,8.139822976264124
formaldehyde_dense_transfer_0006,formaldehyde,0.96,1.3857142857,0.9268,1.186304,3.8726423941507626,0.16868816816304388,-3.7039542259877187,-18.386428828345913,6.9698047096713545,0.01090617376001588,21.569751219054453
formaldehyde_dense_transfer_0007,formaldehyde,0.98,1.3857142857,0.9268,1.186304,3.326062381582476,0.18013334636088985,-3.1459290352215863,-18.073074749301455,6.1098706180586095,0.01090617376001588,32.24963962442305
formaldehyde_dense_transfer_0008,formaldehyde,1.0,1.3857142857,0.9268,1.186304,2.620539207228582,0.19429750089466324,-2.4262417063339186,-17.679784467081845,5.011057161485109,0.01090617376001588,37.288397072993
formaldehyde_dense_transfer_0009,formaldehyde,1.02,1.3857142857,0.9268,1.186304,1.875201757346023,0.21069252241522918,-1.6645092349307937,-17.231473510015036,3.817408754535741,0.01090617376001588,36.26866695056566
formaldehyde_dense_transfer_0010,formaldehyde,1.04,1.3857142857,0.9268,1.186304,1.2048675614718078,0.2288808804087239,-0.975986681063084,-16.755221017471946,2.6708220661184363,0.01090617376001588,30.022417184720272
formaldehyde_dense_transfer_0011,formaldehyde,1.06,1.3857142857,0.9268,1.186304,0.6969659676196116,0.24847133781577213,-0.4484946298038395,-16.27845220211688,1.6861516569111747,0.01090617376001588,20.39602626533257
formaldehyde_dense_transfer_0012,formaldehyde,1.08,1.3857142857,0.9268,1.186304,0.3955432631530069,0.26911520506064335,-0.12642805809236357,-15.827203356951204,0.9334801072788907,0.01090617376001588,10.86548905086301
formaldehyde_dense_transfer_0013,formaldehyde,1.1,1.3857142857,0.9268,1.186304,0.2958129485541434,0.29050295621436817,-0.005309992339775249,-15.424576787137653,0.43112322286647575,0.01090617376001588,3.3196769826042605
formaldehyde_dense_transfer_0014,formaldehyde,1.12,1.3857142857,0.9268,1.186304,0.3502400363230045,0.3123610845618714,-0.037878951761133095,-15.089473099610029,0.15044662310771434,0.01090617376001588,5.395712407522835
formaldehyde_dense_transfer_0015,formaldehyde,1.14,1.3857142857,0.9268,1.186304,0.4844617433546805,0.33444911513151965,-0.15001262822316086,-14.835664295038873,0.03085952556823352,0.01090617376001588,7.345442743837478
formaldehyde_dense_transfer_0016,formaldehyde,1.16,1.3857142857,0.9268,1.186304,0.61906915160802,0.3565572348425121,-0.2625119167655079,-14.671244674936803,0.0010473137195019975,0.01090617376001588,6.274087331751556
formaldehyde_dense_transfer_0017,formaldehyde,1.18,1.3857142857,0.9268,1.186304,0.6837468422653021,0.37850405828794464,-0.3052427839773575,-14.606058986972075,0.0,0.01144549017207216,5.95587526358045
formaldehyde_dense_transfer_0018,formaldehyde,1.2,1.3857142857,0.9268,1.186304,0.6872614343899475,0.40013381543303694,-0.2871276189569105,-14.602632108078959,0.0,0.01153320340360146,5.965349121100451
formaldehyde_dense_transfer_0019,formaldehyde,1.22,1.3857142857,0.9268,1.186304,0.6872614343899475,0.42131399682421034,-0.26594743756573713,-14.602632108078959,0.0,0.01153320340360146,5.965349121100451
formaldehyde_dense_transfer_0020,formaldehyde,1.24,1.3857142857,0.9268,1.186304,0.6872614343899475,0.441934056012542,-0.24532737837740548,-14.602632108078959,0.0,0.01153320340360146,5.965349121100451
formaldehyde_dense_transfer_0021,formaldehyde,1.26,1.3857142857,0.9268,1.186304,0.6872614343899475,0.46190379924837544,-0.22535763514157203,-14.602632108078959,0.0,0.01153320340360146,5.965349121100451
formaldehyde_dense_transfer_0022,formaldehyde,1.28,1.3857142857,0.9268,1.186304,0.6872614343899475,0.48115061630096534,-0.20611081808898213,-14.602632108078959,0.0,0.01153320340360146,5.965349121100451
methane_dense_transfer_0000,methane,0.84,1.3857142857,0.9268,1.186304,4.040787033488979,0.7020862486153874,-3.3387007848735912,-21.711067114909294,7.568896012688905,7.63065960303854e-06,9.779566503677252
methane_dense_transfer_0001,methane,0.86,1.3857142857,0.9268,1.186304,4.097146341696899,0.6798891412327066,-3.417257200464192,-21.654707806701374,7.568896012688905,7.63065960303854e-06,10.132683249259037
methane_dense_transfer_0002,methane,0.88,1.3857142857,0.9268,1.186304,4.16007231632976,0.6643094526446021,-3.495762863685158,-21.591781832068516,7.568896012688905,7.63065960303854e-06,10.43703130996661
methane_dense_transfer_0003,methane,0.9,1.3857142857,0.9268,1.186304,4.228636114985367,0.654418045719467,-3.5742180692659,-21.52321803341291,7.568896012688905,7.63065960303854e-06,10.697197000959603
methane_dense_transfer_0004,methane,0.92,1.3857142857,0.9268,1.186304,4.301996721272467,0.6493844534306845,-3.652612267841782,-21.44985742712581,7.568896012688905,7.63065960303854e-06,10.917381949660664
methane_dense_transfer_0005,methane,0.94,1.3857142857,0.9268,1.186304,4.3076263972544595,0.6484663417900265,-3.659160055464433,-21.3467847257249,7.471452987269985,7.63065960303854e-06,7.164210664054156
methane_dense_transfer_0006,methane,0.96,1.3857142857,0.9268,1.186304,4.018422890547317,0.6510006831206283,-3.3674222074266886,-21.134339955028622,6.969804709866571,7.63065960303854e-06,21.56975121176257
methane_dense_transfer_0007,methane,0.98,1.3857142857,0.9268,1.186304,3.4718428804667596,0.6563963079117912,-2.8154465725549684,-20.820985877341602,6.109870622098992,7.63065960303854e-06,32.249639590080974
methane_dense_transfer_0008,methane,1.0,1.3857142857,0.9268,1.186304,2.7663197061221005,0.6641274852140668,-2.1021922209080337,-20.42769559516278,5.011057165575512,7.63065960303854e-06,37.28839706501095
methane_dense_transfer_0009,methane,1.02,1.3857142857,0.9268,1.186304,2.0209822538457125,0.6737283359093453,-1.3472539179363672,-19.979384636741578,3.817408754877922,7.63065960303854e-06,36.26866695109648
methane_dense_transfer_0010,methane,1.04,1.3857142857,0.9268,1.186304,1.3506480575982316,0.6847877626055379,-0.6658602949926937,-19.50313214392777,2.6708220658166324,7.63065960303854e-06,30.022417182142462
methane_dense_transfer_0011,methane,1.06,1.3857142857,0.9268,1.186304,0.8427464635683819,0.6969448266856944,-0.14580163688268755,-19.026363328306136,1.6861516561651477,7.63065960303854e-06,20.99149495564322
methane_dense_transfer_0012,methane,1.08,1.3857142857,0.9268,1.186304,0.5413237600014362,0.7098845494003854,0.16856078939894914,-18.575114484746983,0.9334801090390477,7.63065960303854e-06,12.157238949110344
methane_dense_transfer_0013,methane,1.1,1.3857142857,0.9268,1.186304,0.4415934448803398,0.7233339360484479,0.28174049116810806,-18.172487914548658,0.43112322371962686,7.63065960303854e-06,4.60632689228275
methane_dense_transfer_0014,methane,1.12,1.3857142857,0.9268,1.186304,0.4960205324488953,0.7370579584460302,0.24103742599713485,-17.837384226674885,0.15044662341440884,7.63065960303854e-06,5.395712401244735
methane_dense_transfer_0015,methane,1.14,1.3857142857,0.9268,1.186304,0.6302422398992853,0.7508559574773699,0.12061371757808459,-17.5835754212747,0.030859525464610852,7.63065960303854e-06,7.345442744339547
methane_dense_transfer_0016,methane,1.16,1.3857142857,0.9268,1.186304,0.7648496477010909,0.7645587232434536,-0.0002909244576372316,-17.419155801740754,0.0010473137324769793,7.63065960303854e-06,7.223565979261847
methane_dense_transfer_0017,methane,1.18,1.3857142857,0.9268,1.186304,0.8613627655370308,0.778025375975858,-0.08333738956117287,-17.32162810535625,0.0,4.036584351327194e-05,9.772436605484057
methane_dense_transfer_0018,methane,1.2,1.3857142857,0.9268,1.186304,0.8726989148923785,0.7911396215522473,-0.08155929334013123,-17.31030377879987,0.0,5.21886424817715e-05,9.994123624417492
methane_dense_transfer_0019,methane,1.22,1.3857142857,0.9268,1.186304,0.8726989148923785,0.8038068575090165,-0.06889205738336202,-17.31030377879987,0.0,5.21886424817715e-05,9.994123624417492
methane_dense_transfer_0020,methane,1.24,1.3857142857,0.9268,1.186304,0.8726989148923785,0.8159528233918536,-0.0567460915005249,-17.31030377879987,0.0,5.21886424817715e-05,9.994123624417492
methane_dense_transfer_0021,methane,1.26,1.3857142857,0.9268,1.186304,0.8726989148923785,0.8275217234172487,-0.045177191475129774,-17.31030377879987,0.0,5.21886424817715e-05,9.994123624417492
methane_dense_transfer_0022,methane,1.28,1.3857142857,0.9268,1.186304,0.8726989148923785,0.8384724938864565,-0.03422642100592199,-17.31030377879987,0.0,5.21886424817715e-05,9.994123624417492
