geometry_id,system,sample_kind,region,transfer_distance_angstrom,donor_distance_angstrom,qm_energy_eV,hstate_energy_eV,sapt_hstate_energy_eV,hstate_force_max_eV_per_angstrom,sapt_hstate_force_max_eV_per_angstrom,qm_relative_eV,hstate_relative_eV,sapt_hstate_relative_eV,hstate_residual_eV,sapt_hstate_residual_eV
h3_reactant_reference_0000,h3,reactant_reference,reactant_reference,5.0,0.74144,-45.52929561847012,-4.512627573197906,-4.512627573197906,0.0,0.0,0.0,0.0,0.0,0.0,0.0
h3_product_reference_0000,h3,product_reference,product_reference,0.74144,5.0,-45.52929561847183,-4.512627573197906,-4.512627573197906,3.552713678800501e-15,3.552713678800501e-15,-1.7053025658242404e-12,0.0,0.0,-1.7053025658242404e-12,-1.7053025658242404e-12
h3_dense_transfer_0000,h3,dense_transfer_scan,transfer_microscope,0.84,0.8428571429,-44.97550801683555,-3.4696721092062868,-3.7557020468628375,4.731319067411628,2.583214117535823,0.5537876016345749,1.0429554639916194,0.7569255263350687,-0.48916786235704457,-0.20313792470049385
h3_dense_transfer_0001,h3,dense_transfer_scan,transfer_microscope,0.86,0.8428571429,-45.01569604084599,-3.5617235717026947,-3.8059149397541923,4.524031735560067,2.4579489697531214,0.5135995776241344,0.9509040014952115,0.7067126334437139,-0.43730442387107704,-0.1931130558195795
h3_dense_transfer_0002,h3,dense_transfer_scan,transfer_microscope,0.88,0.8428571429,-45.04953306501061,-3.650627261239462,-3.85419703844832,4.365819887554391,2.3741225218401283,0.4797625534595156,0.8620003119584441,0.658430534749586,-0.3822377584989285,-0.17866798129007044
h3_dense_transfer_0003,h3,dense_transfer_scan,transfer_microscope,0.9,0.8428571429,-45.0779112123627,-3.7363257761525017,-3.901013391051793,4.203088896384029,2.310357194466654,0.45138440610742236,0.7763017970454045,0.6116141821461132,-0.3249173909379821,-0.16022977603869082
h3_dense_transfer_0004,h3,dense_transfer_scan,transfer_microscope,0.92,0.8428571429,-45.10161893402429,-3.818709621061279,-3.9467070823310584,4.0342298910363965,2.260984766107959,0.42767668444583506,0.6939179521366272,0.5659204908668478,-0.26624126769079215,-0.13824380642101275
h3_dense_transfer_0005,h3,dense_transfer_scan,transfer_microscope,0.94,0.8428571429,-45.12135171363247,-3.8905226998971814,-3.982794904726998,2.818885535358972,1.4284556473071275,0.4079439048376514,0.6221048733007248,0.5298326684709083,-0.21416096846307342,-0.12188876363325685
h3_dense_transfer_0006,h3,dense_transfer_scan,transfer_microscope,0.96,0.8428571429,-45.13772135153172,-3.933545059751787,-3.9861167672842512,1.7949005435162446,1.4892666415204587,0.3915742669384059,0.579082513446119,0.526510805913655,-0.18750824650771314,-0.13493653897524904
h3_dense_transfer_0007,h3,dense_transfer_scan,transfer_microscope,0.98,0.8428571429,-45.1512642838287,-3.9591230851618455,-3.9678589876818737,1.0623289112846344,1.6657316575064787,0.37803133464142036,0.5535044880360607,0.5447685855160325,-0.1754731533946403,-0.1667372508746121
h3_dense_transfer_0008,h3,dense_transfer_scan,transfer_microscope,1.0,0.8428571429,-45.162448987367426,-3.97943478165497,-3.9407649503386093,1.0311377537877409,1.3772625619679406,0.3668466311026961,0.5331927915429362,0.5718626228592969,-0.1663461604402401,-0.2050159917566008
h3_dense_transfer_0009,h3,dense_transfer_scan,transfer_microscope,1.02,0.8428571429,-45.1716826943268,-4.001992713179578,-3.917163046423676,1.906573389916936,0.8777238512868113,0.357612924143325,0.5106348600183281,0.5954645267742302,-0.15302193587500312,-0.2378516026309052
h3_dense_transfer_0010,h3,dense_transfer_scan,transfer_microscope,1.04,0.8428571429,-45.17931777514866,-4.029867910655264,-3.91101349855483,2.8974711493245415,1.835465870431058,0.34997784332146153,0.4827596625426418,0.6016140746430763,-0.13278181922118026,-0.2516362313216147
h3_dense_transfer_0011,h3,dense_transfer_scan,transfer_microscope,1.06,0.8428571429,-45.185657744681286,-4.064635481716023,-3.934131010333513,3.839413162571983,3.9655946374724476,0.34363787378883615,0.44799209148188357,0.5784965628643932,-0.10435421769304742,-0.23485868907555707
h3_dense_transfer_0012,h3,dense_transfer_scan,transfer_microscope,1.08,0.8428571429,-45.19096242868305,-4.108906799055033,-3.99018191423173,4.786055175272896,5.893940495247744,0.33833318978707183,0.4037207741428732,0.5224456589661761,-0.06538758435580139,-0.1841124691791043
h3_dense_transfer_0013,h3,dense_transfer_scan,transfer_microscope,1.1,0.8428571429,-45.19545245440071,-4.165219284981884,-4.073581539451188,5.633043542609297,7.209048641283325,0.33384316406941394,0.3474082882160223,0.4390460337467186,-0.013565124146608376,-0.10520286967730463
h3_dense_transfer_0014,h3,dense_transfer_scan,transfer_microscope,1.12,0.8428571429,-45.19931424163144,-4.230916619070232,-4.171260599016152,6.002962494595965,7.584672004381413,0.32998137683868123,0.2817109541276741,0.34136697418175377,0.04827042271100712,-0.01138559734307254
h3_dense_transfer_0015,h3,dense_transfer_scan,transfer_microscope,1.14,0.8428571429,-45.20270507121753,-4.294370548467185,-4.2636305412188715,5.529439373808177,6.802384246989527,0.32659054725259296,0.21825702473072095,0.24899703197903467,0.108333522521872,0.07759351527355829
h3_dense_transfer_0016,h3,dense_transfer_scan,transfer_microscope,1.16,0.8428571429,-45.20575590331278,-4.340177079261208,-4.330057457585089,4.355748953927563,5.12248514769799,0.32353971515734514,0.1724504939366982,0.18257011561281722,0.15108922122064694,0.14096959954452792
h3_dense_transfer_0017,h3,dense_transfer_scan,transfer_microscope,1.18,0.8428571429,-45.20857301219492,-4.360268221494962,-4.359689900104048,3.0576839167526595,3.241554819683848,0.3207226062752042,0.1523593517029438,0.15293767309385853,0.16836325457226042,0.16778493318134569
h3_dense_transfer_0018,h3,dense_transfer_scan,transfer_microscope,1.2,0.8428571429,-45.21124246183231,-4.36141102726101,-4.36141102726101,2.6907571328518802,2.6907571328518802,0.3180531566378093,0.15121654593689637,0.15121654593689637,0.16683661070091294,0.16683661070091294
h3_dense_transfer_0019,h3,dense_transfer_scan,transfer_microscope,1.22,0.8428571429,-45.21383571398944,-4.36141102726101,-4.36141102726101,2.6907571328518802,2.6907571328518802,0.31545990448068295,0.15121654593689637,0.15121654593689637,0.16424335854378658,0.16424335854378658
h3_dense_transfer_0020,h3,dense_transfer_scan,transfer_microscope,1.24,0.8428571429,-45.216410269244165,-4.36141102726101,-4.36141102726101,2.6907571328518802,2.6907571328518802,0.312885349225958,0.15121654593689637,0.15121654593689637,0.16166880328906164,0.16166880328906164
h3_dense_transfer_0021,h3,dense_transfer_scan,transfer_microscope,1.26,0.8428571429,-45.21900736177095,-4.36141102726101,-4.36141102726101,2.6907571328518802,2.6907571328518802,0.3102882566991738,0.15121654593689637,0.15121654593689637,0.15907171076227744,0.15907171076227744
h3_dense_transfer_0022,h3,dense_transfer_scan,transfer_microscope,1.28,0.8428571429,-45.22165537340447,-4.36141102726101,-4.36141102726101,2.6907571328518802,2.6907571328518802,0.3076402450656559,0.15121654593689637,0.15121654593689637,0.15642369912875953,0.15642369912875953
water_reactant_reference_0000,water,reactant_reference,reactant_reference,5.0,0.96,-4139.119228018444,-15.135009322487559,-15.13676901884902,1.9226425033566525,1.6775762886387782,0.0,0.0,0.0,0.0,0.0
water_product_reference_0000,water,product_reference,product_reference,0.96,5.0,-4139.119228018612,-15.135009322487559,-15.13676901884902,1.9226425033566659,1.6775762886387795,-1.6825651982799172e-10,0.0,0.0,-1.6825651982799172e-10,-1.6825651982799172e-10
water_dense_transfer_0000,water,dense_transfer_scan,transfer_microscope,1.08,1.0285714286,-4137.8034006296875,-6.04843901732192,-5.8700818556428125,74.9487667041363,74.88526770545964,1.3158273887565883,9.086570305165639,9.266687163206207,-7.77074291640905,-7.9508597744496186
water_dense_transfer_0001,water,dense_transfer_scan,transfer_microscope,1.1,1.0285714286,-4137.898642239152,-7.5173027152398095,-7.332777044207351,67.99502008086496,68.04470363035155,1.220585779292378,7.617706607247749,7.803991974641669,-6.397120827955371,-6.583406195349291
water_dense_transfer_0002,water,dense_transfer_scan,transfer_microscope,1.12,1.0285714286,-4137.984025472869,-8.840185393754268,-8.652404454165158,60.56689824616767,60.62452750001617,1.1352025455753392,6.29482392873329,6.484364564683862,-5.159621383157951,-5.3491620191085225
water_dense_transfer_0003,water,dense_transfer_scan,transfer_microscope,1.14,1.0285714286,-4138.060804366496,-10.010928132895344,-9.820757667379558,52.98515014843492,52.96987470878212,1.0584236519480328,5.124081189592214,5.316011351469461,-4.0656575376441815,-4.257587699521428
water_dense_transfer_0004,water,dense_transfer_scan,transfer_microscope,1.16,1.0285714286,-4138.130073393572,-11.029362714880072,-10.836193775634214,45.52458737442279,45.398122066180896,0.9891546248718441,4.105646607607486,4.300575243214805,-3.116491982735642,-3.311420618342961
water_dense_transfer_0005,water,dense_transfer_scan,transfer_microscope,1.18,1.0285714286,-4138.192784040764,-11.900276894193915,-11.70287473939964,38.40326212210892,38.17286473107476,0.9264439776798099,3.2347324282936434,3.4338942794493796,-2.3082884506138335,-2.5074503017695697
water_dense_transfer_0006,water,dense_transfer_scan,transfer_microscope,1.2,1.0285714286,-4138.249761842807,-12.632212094035864,-12.429533685222573,31.77647097814824,31.48329698456603,0.8694661756371715,2.502797228451694,2.7072353336264463,-1.6333310528145226,-1.8377691579892748
water_dense_transfer_0007,water,dense_transfer_scan,transfer_microscope,1.22,1.0285714286,-4138.30172483687,-13.25052035306213,-13.041805806766757,26.821335324680714,26.483727511150597,0.817503181574466,1.884488969425428,2.0949632120822628,-1.066985787850962,-1.2774600305077968
water_dense_transfer_0008,water,dense_transfer_scan,transfer_microscope,1.24,1.0285714286,-4138.349297846798,-13.752785500261021,-13.538123194971135,20.318563154099554,19.998637146597734,0.769930171645683,1.3822238222265373,1.5986458238778845,-0.6122936505808543,-0.8287156522322014
water_dense_transfer_0009,water,dense_transfer_scan,transfer_microscope,1.26,1.0285714286,-4138.393021556673,-14.112548442236886,-13.891755131036888,13.767820773755805,13.376416825938252,0.7262064617707438,1.022460880250673,1.2450138878121315,-0.29625441847992917,-0.5188074260413877
water_dense_transfer_0010,water,dense_transfer_scan,transfer_microscope,1.28,1.0285714286,-4138.433356238197,-14.3718830774005,-14.141542121255565,9.745874457556996,9.086389876051964,0.6858717802469982,0.763126245087058,0.9952268975934544,-0.07725446484005971,-0.30935511734645615
water_dense_transfer_0011,water,dense_transfer_scan,transfer_microscope,1.3,1.0285714286,-4138.47067864717,-14.551369786267177,-14.305095894609597,5.999492054138203,5.029583957939065,0.6485493712743846,0.5836395362203817,0.8316731242394226,0.06490983505400294,-0.18312375296503802
water_dense_transfer_0012,water,dense_transfer_scan,transfer_microscope,1.32,1.0285714286,-4138.505301404755,-14.657025571099016,-14.391097311961001,3.3875293134244036,2.801266662742492,0.6139266136888182,0.47798375138854254,0.7456717068880181,0.13594286230027564,-0.13174509319919991
water_dense_transfer_0013,water,dense_transfer_scan,transfer_microscope,1.34,1.0285714286,-4138.359175758805,-14.70149631550484,-14.422165085724508,3.5000234178153042,3.3910978766165925,0.7600522596394512,0.433513006982718,0.7146039331245113,0.3265392526567332,0.04544832651493991
water_dense_transfer_0014,water,dense_transfer_scan,transfer_microscope,1.36,1.0285714286,-4138.41223143956,-14.732707334229936,-14.458482011895807,3.677584498849924,4.579699202672471,0.7069965788841728,0.40230198825762287,0.6782870069532123,0.3046945906265499,0.028709571930960465
water_dense_transfer_0015,water,dense_transfer_scan,transfer_microscope,1.38,1.0285714286,-4138.46258794179,-14.762859958990102,-14.517654057853575,3.9592238019286534,5.9543124477352185,0.6566400766541847,0.3721493634974564,0.6191149609954447,0.28449071315672825,0.03752511565873995
water_dense_transfer_0016,water,dense_transfer_scan,transfer_microscope,1.4,1.0285714286,-4138.510302873076,-14.795642476173075,-14.598145503229958,4.3720001539145485,7.007284184113424,0.6089251453677207,0.33936684631448344,0.5386235156190615,0.26955829905323725,0.07030162974865917
water_dense_transfer_0017,water,dense_transfer_scan,transfer_microscope,1.42,1.0285714286,-4138.5554243140605,-14.83449400707593,-14.69135431050569,4.858765525740159,7.498359261131728,0.5638037043836448,0.30051531541162824,0.4454147083433302,0.26328838897201656,0.11838899604031461
water_dense_transfer_0018,water,dense_transfer_scan,transfer_microscope,1.44,1.0285714286,-4138.598031232143,-14.880480607038969,-14.786862299162767,5.252501061253278,7.44249821746098,0.5211967863015161,0.2545287154485898,0.34990671968625264,0.2666680708529263,0.17129006661526347
water_dense_transfer_0019,water,dense_transfer_scan,transfer_microscope,1.46,1.0285714286,-4138.638147471282,-14.930462397254265,-14.875426918383836,5.338459170643484,6.93051108709065,0.4810805471624917,0.2045469252332932,0.2613421004651837,0.2765336219291985,0.21973844669730802
water_dense_transfer_0020,water,dense_transfer_scan,transfer_microscope,1.48,1.0285714286,-4138.675826062988,-14.977394087484917,-14.949279492439599,4.999923791657983,6.05043295870068,0.44340195545646566,0.15761523500264119,0.1874895264094203,0.28578672045382447,0.25591242904704536
water_dense_transfer_0021,water,dense_transfer_scan,transfer_microscope,1.5,1.0285714286,-4138.7112036449325,-15.013498561270788,-15.002435157759203,4.327736796567194,4.940771933017936,0.40802437351158005,0.12151076121677029,0.13433386108981615,0.28651361229480976,0.2736905124217639
water_dense_transfer_0022,water,dense_transfer_scan,transfer_microscope,1.52,1.0285714286,-4138.744332962799,-15.034122974778452,-15.032026829586346,4.121718404303932,4.121719428908943,0.3748950556455384,0.10088634770910687,0.10474218926267298,0.2740087079364315,0.2701528663828654
water_dense_transfer_0023,water,dense_transfer_scan,transfer_microscope,1.54,1.0285714286,-4138.775243356848,-15.039030186499849,-15.039030186499849,4.121722291126234,4.121722291126234,0.3439846615965507,0.0959791359877098,0.09773883234917058,0.24800552560884093,0.24624582924738014
water_dense_transfer_0024,water,dense_transfer_scan,transfer_microscope,1.56,1.0285714286,-4138.804090220661,-15.039030186499849,-15.039030186499849,4.121722291126234,4.121722291126234,0.31513779778288153,0.0959791359877098,0.09773883234917058,0.21915866179517174,0.21739896543371096
water_dense_transfer_0025,water,dense_transfer_scan,transfer_microscope,1.58,1.0285714286,-4138.830993008928,-15.039030186499849,-15.039030186499849,4.121722291126234,4.121722291126234,0.2882350095160291,0.0959791359877098,0.09773883234917058,0.1922558735283193,0.19049617716685852
water_dense_transfer_0026,water,dense_transfer_scan,transfer_microscope,1.6,1.0285714286,-4138.855954871499,-15.039030186499849,-15.039030186499849,4.121722291126234,4.121722291126234,0.26327314694481174,0.0959791359877098,0.09773883234917058,0.16729401095710195,0.16553431459564116
water_dense_transfer_0027,water,dense_transfer_scan,transfer_microscope,1.62,1.0285714286,-4138.879066206727,-15.039030186499849,-15.039030186499849,4.121722291126234,4.121722291126234,0.24016181171737117,0.0959791359877098,0.09773883234917058,0.14418267572966137,0.1424229793682006
water_dense_transfer_0028,water,dense_transfer_scan,transfer_microscope,1.64,1.0285714286,-4138.900530246584,-15.039030186499849,-15.039030186499849,4.121722291126234,4.121722291126234,0.21869777186020656,0.0959791359877098,0.09773883234917058,0.12271863587249676,0.12095893951103598
formaldehyde_reactant_reference_0000,formaldehyde,reactant_reference,reactant_reference,5.0,1.09,-3128.712103255752,-15.278360339065305,-15.278360339065305,0.5909819377291787,0.5909819377291787,0.0,0.0,0.0,0.0,0.0
formaldehyde_product_reference_0000,formaldehyde,product_reference,product_reference,0.74144,5.0,-3129.2079963042843,-15.716946152270513,-15.71694615227051,2.1916024948796298,2.1916024948796298,-0.4958930485322526,-0.43858581320520784,-0.4385858132052043,-0.05730723532704474,-0.05730723532704829
formaldehyde_dense_transfer_0000,formaldehyde,dense_transfer_scan,transfer_microscope,0.84,1.3857142857,-3128.5198545859234,-15.558696945785833,-14.599332102710466,2.6316801209237504,2.5357876639647072,0.19224866982858657,-0.2803366067205282,0.6790282363548386,0.47258527654911475,-0.486779566526252
formaldehyde_dense_transfer_0001,formaldehyde,dense_transfer_scan,transfer_microscope,0.86,1.3857142857,-3128.538540172527,-15.559440092718685,-14.623477047760407,2.572588668676488,2.169996217240579,0.1735630832249626,-0.2810797536533798,0.6548832913048983,0.4546428368783424,-0.4813202080799357
formaldehyde_dense_transfer_0002,formaldehyde,dense_transfer_scan,transfer_microscope,0.88,1.3857142857,-3128.550174803572,-15.556813972424669,-14.645428271477343,2.4503508828429603,1.7989013367707052,0.1619284521798363,-0.2784536333593639,0.6329320675879622,0.4403820855392002,-0.47100361540812585
formaldehyde_dense_transfer_0003,formaldehyde,dense_transfer_scan,transfer_microscope,0.9,1.3857142857,-3128.5556879220735,-15.551737835616924,-14.665835497099915,2.2729434017495453,1.4260304835217572,0.1564153336785239,-0.27337749655161936,0.6125248419653904,0.42979283023014325,-0.45610950828686647
formaldehyde_dense_transfer_0004,formaldehyde,dense_transfer_scan,transfer_microscope,0.92,1.3857142857,-3128.55591278455,-15.545000454999599,-14.685222240463503,2.0486185376871884,1.054806207876747,0.15619047120208052,-0.26664011593429393,0.593138098601802,0.42283058713637445,-0.4369476273997215
formaldehyde_dense_transfer_0005,formaldehyde,dense_transfer_scan,transfer_microscope,0.94,1.3857142857,-3128.551597634878,-15.517447960239178,-14.691765364531587,4.693763148681495,1.8763052511940688,0.1605056208741189,-0.23908762117387283,0.5865949745337176,0.39959324204799174,-0.42608935365959866
formaldehyde_dense_transfer_0006,formaldehyde,dense_transfer_scan,transfer_microscope,0.96,1.3857142857,-3128.543415087589,-15.411326242890174,-14.65160377933013,7.919097300900552,3.281095110982047,0.16868816816304388,-0.1329659038248696,0.6267565597351741,0.3016540719879135,-0.4580683915721302
formaldehyde_dense_transfer_0007,formaldehyde,dense_transfer_scan,transfer_microscope,0.98,1.3857142857,-3128.531969909391,-15.242699664389281,-14.577445162161204,9.689397123402369,4.28433435885245,0.18013334636088985,0.03566067467602352,0.7009151769041004,0.14447267168486633,-0.5207818305432106
formaldehyde_dense_transfer_0008,formaldehyde,dense_transfer_scan,transfer_microscope,1.0,1.3857142857,-3128.5178057548574,-15.039367476191615,-14.485633604242977,10.523046905087613,4.750817880106548,0.19429750089466324,0.23899286287369037,0.7927267348223275,-0.044695361979027126,-0.5984292339276642
formaldehyde_dense_transfer_0009,formaldehyde,dense_transfer_scan,transfer_microscope,1.02,1.3857142857,-3128.501410733337,-14.832105986433083,-14.394100604164407,9.955966643077213,4.216659743050018,0.21069252241522918,0.4462543526322218,0.8842597349008976,-0.23556183021699262,-0.6735672124856684
formaldehyde_dense_transfer_0010,formaldehyde,dense_transfer_scan,transfer_microscope,1.04,1.3857142857,-3128.4832223753433,-14.650050721577943,-14.324273696946507,8.05815350850434,4.288493144068923,0.2288808804087239,0.6283096174873624,0.9540866421187975,-0.39942873707863846,-0.7252057617100736
formaldehyde_dense_transfer_0011,formaldehyde,dense_transfer_scan,transfer_microscope,1.06,1.3857142857,-3128.4636319179363,-14.515838869356882,-14.29385538840495,5.2551167516628965,5.1504861463808975,0.24847133781577213,0.7625214697084228,0.9845049506603551,-0.5140501318926507,-0.736033612844583
formaldehyde_dense_transfer_0012,formaldehyde,dense_transfer_scan,transfer_microscope,1.08,1.3857142857,-3128.4429880506914,-14.44223006023542,-14.307651064950107,5.4277898280179215,7.234657268400514,0.26911520506064335,0.8361302788298843,0.9707092741151975,-0.567015073769241,-0.7015940690545541
formaldehyde_dense_transfer_0013,formaldehyde,dense_transfer_scan,transfer_microscope,1.1,1.3857142857,-3128.4216002995377,-14.429757675176804,-14.35797575256331,6.533361513372787,9.129392097312161,0.29050295621436817,0.8486026638885011,0.9203845865019957,-0.558099707674133,-0.6298816302876276
formaldehyde_dense_transfer_0014,formaldehyde,dense_transfer_scan,transfer_microscope,1.12,1.3857142857,-3128.39974217119,-14.46413942789613,-14.42980250014628,8.56611631382097,9.942518365093042,0.3123610845618714,0.8142209111691745,0.8485578389190245,-0.5018598266073031,-0.5361967543571531
formaldehyde_dense_transfer_0015,formaldehyde,dense_transfer_scan,transfer_microscope,1.14,1.3857142857,-3128.3776541406205,-14.51783487655461,-14.5030562364562,8.850718910127316,9.541699269433256,0.33444911513151965,0.7605254625106941,0.7753041026091054,-0.42607634737917444,-0.4408549874775858
formaldehyde_dense_transfer_0016,formaldehyde,dense_transfer_scan,transfer_microscope,1.16,1.3857142857,-3128.3555460209095,-14.562058332894377,-14.557364653970264,7.871555698003574,8.223542483632832,0.3565572348425121,0.7163020061709275,0.7209956850950405,-0.3597447713284154,-0.3644384502525284
formaldehyde_dense_transfer_0017,formaldehyde,dense_transfer_scan,transfer_microscope,1.18,1.3857142857,-3128.333599197464,-14.589142343857853,-14.588862469772037,6.357067480732193,6.4454647796335305,0.37850405828794464,0.6892179952074518,0.6894978692932678,-0.3107139369195071,-0.3109938110053232
formaldehyde_dense_transfer_0018,formaldehyde,dense_transfer_scan,transfer_microscope,1.2,1.3857142857,-3128.311969440319,-14.59109890467536,-14.591098904675357,5.965349121100451,5.965349121100451,0.40013381543303694,0.6872614343899457,0.6872614343899475,-0.28712761895690875,-0.2871276189569105
formaldehyde_dense_transfer_0019,formaldehyde,dense_transfer_scan,transfer_microscope,1.22,1.3857142857,-3128.290789258928,-14.59109890467536,-14.591098904675357,5.965349121100451,5.965349121100451,0.42131399682421034,0.6872614343899457,0.6872614343899475,-0.26594743756573536,-0.26594743756573713
formaldehyde_dense_transfer_0020,formaldehyde,dense_transfer_scan,transfer_microscope,1.24,1.3857142857,-3128.2701691997395,-14.59109890467536,-14.591098904675357,5.965349121100451,5.965349121100451,0.441934056012542,0.6872614343899457,0.6872614343899475,-0.2453273783774037,-0.24532737837740548
formaldehyde_dense_transfer_0021,formaldehyde,dense_transfer_scan,transfer_microscope,1.26,1.3857142857,-3128.2501994565037,-14.59109890467536,-14.591098904675357,5.965349121100451,5.965349121100451,0.46190379924837544,0.6872614343899457,0.6872614343899475,-0.22535763514157026,-0.22535763514157203
formaldehyde_dense_transfer_0022,formaldehyde,dense_transfer_scan,transfer_microscope,1.28,1.3857142857,-3128.230952639451,-14.59109890467536,-14.591098904675357,5.965349121100451,5.965349121100451,0.48115061630096534,0.6872614343899457,0.6872614343899475,-0.20611081808898035,-0.20611081808898213
methane_reactant_reference_0000,methane,reactant_reference,reactant_reference,5.0,1.09,-1115.7861627576292,-18.182950505049764,-18.182950505049767,0.11656616129668862,0.11656616129668862,0.0,0.0,0.0,0.0,0.0
methane_product_reference_0000,methane,product_reference,product_reference,0.74144,5.0,-1115.2449136524867,-18.127770065517772,-18.127770065517772,0.6617167972363673,0.6617167972363673,0.5412491051424695,0.055180439531991254,0.05518043953199481,0.48606866561047823,0.4860686656104747
methane_dense_transfer_0000,methane,dense_transfer_scan,transfer_microscope,0.84,1.3857142857,-1115.0840765090138,-17.779771549267863,-17.20166208428043,2.222128159575499,1.995546437584031,0.7020862486153874,0.40317895578190033,0.9812884207693386,0.29890729283348705,-0.27920217215395127
methane_dense_transfer_0001,methane,dense_transfer_scan,transfer_microscope,0.86,1.3857142857,-1115.1062736163965,-17.805657540714865,-17.24016999220122,1.8357162281260688,1.8605360775573165,0.6798891412327066,0.3772929643348988,0.9427805128485467,0.3025961768978078,-0.2628913716158401
methane_dense_transfer_0002,methane,dense_transfer_scan,transfer_microscope,0.88,1.3857142857,-1115.1218533049846,-17.82884337745182,-17.276274584181202,1.4392995184870632,1.7542048723811137,0.6643094526446021,0.3541071275979455,0.9066759208685653,0.31020232504665657,-0.24236646822396324
methane_dense_transfer_0003,methane,dense_transfer_scan,transfer_microscope,0.9,1.3857142857,-1115.1317447119097,-17.85003277099601,-17.310490959936434,1.0367636594270575,2.008888902753501,0.654418045719467,0.3329177340537548,0.8724595451133332,0.32150031166571225,-0.2180414993938662
methane_dense_transfer_0004,methane,dense_transfer_scan,transfer_microscope,0.92,1.3857142857,-1115.1367783041985,-17.869778291856434,-17.343225961489374,0.958640628820304,2.292945226590634,0.6493844534306845,0.31317221319332944,0.8397245435603935,0.3362122402373551,-0.19034009012970898
methane_dense_transfer_0005,methane,dense_transfer_scan,transfer_microscope,0.94,1.3857142857,-1115.1376964158392,-17.87188419896907,-17.36459735431637,1.6105334264527151,1.1367849783491124,0.6484663417900265,0.3110663060806935,0.8183531507333974,0.33740003570933297,-0.16988680894337094
methane_dense_transfer_0006,methane,dense_transfer_scan,transfer_microscope,0.96,1.3857142857,-1115.1351620745086,-17.80913774291275,-17.34611856654882,4.5507546524857405,1.783103112678585,0.6510006831206283,0.373812762137014,0.8368319385009464,0.27718792098361433,-0.18583125538031808
methane_dense_transfer_0007,methane,dense_transfer_scan,transfer_microscope,0.98,1.3857142857,-1115.1297664497174,-17.69771142417335,-17.29751314969898,6.382863116445288,2.979353354834905,0.6563963079117912,0.4852390808764149,0.8854373553507884,0.17115722703537628,-0.22904104743899723
methane_dense_transfer_0008,methane,dense_transfer_scan,transfer_microscope,1.0,1.3857142857,-1115.1220352724151,-17.562201776153294,-17.230818330791926,6.966427954670104,3.5844688123689012,0.6641274852140668,0.6207487288964693,0.9521321742578408,0.04337875631759758,-0.28800468904377396
methane_dense_transfer_0009,methane,dense_transfer_scan,transfer_microscope,1.02,1.3857142857,-1115.1124344217199,-17.426385151601373,-17.159216098020952,6.455156927521131,4.37142534213271,0.6737283359093453,0.7565653534483907,1.0237344070288152,-0.08283701753904538,-0.3500060711194699
methane_dense_transfer_0010,methane,dense_transfer_scan,transfer_microscope,1.04,1.3857142857,-1115.1013749950237,-17.30938096855882,-17.10013060678255,5.1343368185465295,5.309821358742941,0.6847877626055379,0.8735695364909439,1.0828198982672177,-0.18878177388540607,-0.39803213566167983
methane_dense_transfer_0011,methane,dense_transfer_scan,transfer_microscope,1.06,1.3857142857,-1115.0892179309435,-17.224700641420462,-17.070682830690565,5.713862165471099,6.101469220847836,0.6969448266856944,0.9582498636293018,1.1122676743592024,-0.2613050369436074,-0.415322847673508
methane_dense_transfer_0012,methane,dense_transfer_scan,transfer_microscope,1.08,1.3857142857,-1115.0762782082288,-17.18143597057276,-17.079305583271996,6.491614426033324,8.20076189297128,0.7098845494003854,1.0015145344770033,1.1036449217777715,-0.29162998507661797,-0.39376037237738615
methane_dense_transfer_0013,methane,dense_transfer_scan,transfer_microscope,1.1,1.3857142857,-1115.0628288215808,-17.183099068988902,-17.12326426152052,8.26682631421278,10.130175481120354,0.7233339360484479,0.9998514360608617,1.0596862435292458,-0.2765175000124138,-0.3363523074807979
methane_dense_transfer_0014,methane,dense_transfer_scan,transfer_microscope,1.12,1.3857142857,-1115.0491047991832,-17.22203069010956,-17.1907414161996,9.960853692346202,11.082375026794452,0.7370579584460302,0.9609198149402047,0.9922090888501671,-0.22386185649417456,-0.25515113040413695
methane_dense_transfer_0015,methane,dense_transfer_scan,transfer_microscope,1.14,1.3857142857,-1115.0353068001518,-17.27657813169903,-17.262223509798122,10.153199215269805,10.791626415578763,0.7508559574773699,0.9063723733507345,0.9207269952516448,-0.15551641587336462,-0.16987103777427492
methane_dense_transfer_0016,methane,dense_transfer_scan,transfer_microscope,1.16,1.3857142857,-1115.0216040343857,-17.32086716342923,-17.31618981726055,9.162709499966034,9.511145386421514,0.7645587232434536,0.8620833416205329,0.8667606877892169,-0.09752461837707926,-0.10220196454576325
methane_dense_transfer_0017,methane,dense_transfer_scan,transfer_microscope,1.18,1.3857142857,-1115.0081373816533,-17.31611574384323,-17.315836048740373,9.771702964393464,9.771859331335829,0.778025375975858,0.8668347612065332,0.8671144563093947,-0.08880938523067528,-0.08908908033353669
methane_dense_transfer_0018,methane,dense_transfer_scan,transfer_microscope,1.2,1.3857142857,-1114.995023136077,-17.31025159015739,-17.31025159015739,9.994123624417492,9.994123624417492,0.7911396215522473,0.8726989148923749,0.8726989148923785,-0.08155929334012768,-0.08155929334013123
methane_dense_transfer_0019,methane,dense_transfer_scan,transfer_microscope,1.22,1.3857142857,-1114.9823559001202,-17.31025159015739,-17.31025159015739,9.994123624417492,9.994123624417492,0.8038068575090165,0.8726989148923749,0.8726989148923785,-0.06889205738335846,-0.06889205738336202
methane_dense_transfer_0020,methane,dense_transfer_scan,transfer_microscope,1.24,1.3857142857,-1114.9702099342373,-17.31025159015739,-17.31025159015739,9.994123624417492,9.994123624417492,0.8159528233918536,0.8726989148923749,0.8726989148923785,-0.056746091500521345,-0.0567460915005249
methane_dense_transfer_0021,methane,dense_transfer_scan,transfer_microscope,1.26,1.3857142857,-1114.958641034212,-17.31025159015739,-17.31025159015739,9.994123624417492,9.994123624417492,0.8275217234172487,0.8726989148923749,0.8726989148923785,-0.04517719147512622,-0.045177191475129774
methane_dense_transfer_0022,methane,dense_transfer_scan,transfer_microscope,1.28,1.3857142857,-1114.9476902637427,-17.31025159015739,-17.31025159015739,9.994123624417492,9.994123624417492,0.8384724938864565,0.8726989148923749,0.8726989148923785,-0.03422642100591844,-0.03422642100592199
