gap_A,bridge_taper,energy_eV,dE_dgap_autograd_eV_per_A,component_count,largest_component_edges,dE_dgap_finite_difference_eV_per_A,gradient_error_eV_per_A
1.146304,0.05748682979718195,-4.43520188383746,-2.732925932264628,1,5,,
1.1466373333333333,0.05655111776084687,-4.4361084606435774,-2.7065431607300283,1,5,-2.7065514498073244,8.289077296108616e-06
1.1469706666666666,0.0556226269698174,-4.437006251470665,-2.68021012349981,1,5,-2.6802184776236326,8.354123822496007e-06
1.147304,0.05470137254389623,-4.437895272961994,-2.6539272108051843,1,5,-2.653935629099399,8.418294214607158e-06
1.1476373333333334,0.053787369485048364,-4.438775541890065,-2.6276948076750024,1,5,-2.6277032892759298,8.48160092736805e-06
1.1479706666666667,0.05288063267715415,-4.439647075154844,-2.6015132939931664,1,5,-2.601521838055574,8.544062407356279e-06
1.148304,0.051981176885768754,-4.440509889782102,-2.5753830445556325,1,5,-2.575391650252729,8.605697096708553e-06
1.1486373333333333,0.05108901675788102,-4.441364002921679,-2.549304429129288,1,5,-2.5493130956276175,8.666498329645833e-06
1.1489706666666666,0.050204166821675555,-4.442209431845853,-2.523277812509619,1,5,-2.523286538991088,8.726481468990244e-06
1.1493039999999999,0.0493266414862954,-4.443046193947673,-2.4973035545796183,1,5,-2.4973123402237656,8.785644147302207e-06
1.1496373333333334,0.048456455041607394,-4.443874306739336,-2.4713820103687443,1,5,-2.4713908543806435,8.844011899267201e-06
1.1499706666666667,0.04759362165797165,-4.444693787850594,-2.4455135301115725,1,5,-2.4455224317161877,8.901604615196845e-06
1.150304,0.0467381553860069,-4.445504655027147,-2.419698459308041,1,5,-2.4197074177177313,8.958409690507096e-06
1.1506373333333333,0.04589007015636476,-4.446306926129072,-2.3939371387823947,1,5,-2.393946153218793,9.014436398224746e-06
1.1509706666666666,0.045049379779501464,-4.4471006191292926,-2.368229904743279,1,5,-2.368238974453623,9.069710344089543e-06
1.151304,0.04421609794545328,-4.447885752112041,-2.3425770888430453,1,5,-2.3425862130851733,9.12424212806684e-06
1.1516373333333334,0.04339023822361504,-4.44866234327135,-2.3169790182386123,1,5,-2.316988196269054,9.178030441869822e-06
1.1519706666666667,0.04257181406251631,-4.449430410909554,-2.2914360156510973,1,5,-2.2914452467362203,9.231085122962668e-06
1.152304,0.041760838789604515,-4.45018997343584,-2.265948399426186,1,5,-2.2659576828461256,9.28341993944315e-06
1.1526373333333333,0.04095732561102716,-4.4509410493647845,-2.2405164835945737,1,5,-2.24052581864356,9.335048986258698e-06
1.1529706666666666,0.040161287611417074,-4.451683657314936,-2.215140577931926,1,5,-2.215149963916718,9.385984791610014e-06
1.1533039999999999,0.039372737753678944,-4.4524178160073955,-2.189820988020129,1,5,-2.189830424247097,9.436226968251304e-06
1.1536373333333334,0.03859168887877834,-4.453143544264434,-2.1645580153073,1,5,-2.164567501085696,9.485778396101097e-06
1.1539706666666667,0.037818153705533875,-4.45386086100812,-2.1393519571686834,1,5,-2.1393614918412545,9.534672571032132e-06
1.154304,0.03705214483040764,-4.454569785258995,-2.114203106966702,1,5,-2.114212689884331,9.582917629202825e-06
1.1546373333333333,0.036293674727301994,-4.455270336134709,-2.089111754112425,1,5,-2.0891213846148196,9.63050239466412e-06
1.1549706666666666,0.03554275574735549,-4.455962532848738,-2.0640781841257,1,5,-2.0640878615756204,9.67744992053099e-06
1.155304,0.03479940011874183,-4.456646394709093,-2.039102678695972,1,5,-2.039112402461452,9.723765479918711e-06
1.1556373333333334,0.0340636199464725,-4.457321941117046,-2.014185515742991,1,5,-2.0141952852072986,9.769464307751718e-06
1.1559706666666667,0.033335427212196456,-4.457989191565898,-1.989326969476993,1,5,-1.9893367840391167,9.814562123677817e-06
1.156304,0.03261483377400742,-4.4586481656397385,-1.9645273104599923,1,5,-1.964537169518493,9.859058500705231e-06
1.1566373333333333,0.0319018513662499,-4.459298883012243,-1.9397868056659586,1,5,-1.939796708629196,9.902963237440332e-06
1.1569706666666666,0.03119649159932847,-4.459941363445491,-1.915105718540854,1,5,-1.915115664835143,9.946294289076008e-06
1.1573039999999999,0.03049876595951828,-4.4605756267888,-1.8904843090637602,1,5,-1.890494298122403,9.989058642911885e-06
1.1576373333333334,0.029808685808777713,-4.461201692977573,-1.8659228338066178,1,5,-1.8659328650683376,1.0031261719722906e-05
1.1579706666666667,0.029126262384565504,-4.461819582032179,-1.841421545994443,1,5,-1.8414316189090203,1.0072914577330394e-05
1.158304,0.028451506799654525,-4.462429314056846,-1.8169806955654462,1,5,-1.8169908095939438,1.0114028497598682e-05
1.1586373333333333,0.027784430041952968,-4.463030909238575,-1.792600529230283,1,5,-1.792610683853033,1.0154622750002673e-05
1.1589706666666666,0.02712504297432483,-4.463624387846081,-1.768281290532407,1,5,-1.7682914852308829,1.0194698475851638e-05
1.1593040000000001,0.02647335633441278,-4.464209770228729,-1.7440232199068966,1,5,-1.7440334541630185,1.0234256121899321e-05
1.1596373333333334,0.025829380734464558,-4.464787076815523,-1.7198265547398588,1,5,-1.7198368280608396,1.027332098080258e-05
1.1599706666666667,0.025193126661158194,-4.465356328114103,-1.6956915294266715,1,5,-1.6957018413290206,1.0311902349124935e-05
1.160304,0.024564604475432406,-4.465917544709742,-1.6716183754313416,1,5,-1.6716287254336557,1.0350002314085671e-05
1.1606373333333333,0.023943824412317738,-4.466470747264392,-1.647607321344088,1,5,-1.6476177089772153,1.038763312721791e-05
1.1609706666666666,0.023330796580769975,-4.467015956515727,-1.6236585929393392,1,5,-1.6236690177337654,1.0424794426144857e-05
1.161304,0.022725530963505436,-4.467553193276214,-1.5997724132331843,1,5,-1.5997828747456908,1.0461512506498849e-05
1.1616373333333334,0.02212803741683783,-4.468082478432224,-1.5759490025398595,1,5,-1.5759595003378242,1.0497797964692523e-05
1.1619706666666667,0.021538325670519498,-4.468603832943106,-1.552188578528984,1,5,-1.5521991121733625,1.0533644378529772e-05
1.162304,0.020956405327580696,-4.46911727784034,-1.5284913562810178,1,5,-1.5285019253458727,1.0569064854859533e-05
1.1626373333333333,0.020382285864174565,-4.46962283422667,-1.50485754834291,1,5,-1.5048681524178478,1.0604074937692332e-05
1.1629706666666666,0.019815976629422638,-4.470120523275285,-1.4812873647824905,1,5,-1.4812980034674157,1.0638684925234898e-05
1.1633040000000001,0.019257486845262017,-4.470610366228982,-1.4577810132434035,1,5,-1.457791686141471,1.0672898067554115e-05
1.1636373333333334,0.018706825606297106,-4.4710923843993795,-1.434338698998138,1,5,-1.4343494057184516,1.0706720313669038e-05
1.1639706666666667,0.018164001879648506,-4.4715665991661275,-1.4109606250010742,1,5,-1.4109713651643707,1.0740163296496519e-05
1.164304,0.01762902450480941,-4.472033031976156,-1.3876469919406738,1,5,-1.3876577651884965,1.0773247822726262e-05
1.1646373333333333,0.01710190219350055,-4.47249170434292,-1.364397998290361,1,5,-1.3644088042600704,1.0805969709482e-05
1.1649706666666666,0.01658264352952865,-4.472942637845662,-1.3412138403597567,1,5,-1.341224678687395,1.0838327638262868e-05
1.165304,0.016071256968646752,-4.473385854128711,-1.3180947123440099,1,5,-1.3181055826920034,1.0870347993519047e-05
1.1656373333333334,0.015567750838415828,-4.4738213749007905,-1.2950408063721994,1,5,-1.2950517084104218,1.0902038222404542e-05
1.1659706666666667,0.015072133338070948,-4.474249221934318,-1.2720523125558927,1,5,-1.272063245951889,1.093339599633758e-05
1.166304,0.014584412538385327,-4.474669417064758,-1.249129419035535,1,5,-1.2491403834677106,1.096443217551979e-05
1.1666373333333333,0.014104596381540546,-4.4750819821899634,-1.2262723120264063,1,5,-1.2262833071720287,1.0995145622416658e-05
1.1669706666666666,0.01363269268099676,-4.4754869392695396,-1.2034811758636135,1,5,-1.203492201426302,1.1025562688615764e-05
1.1673040000000001,0.013168709121365196,-4.475884310324248,-1.1807561930452426,1,5,-1.1807672487360177,1.1055690775085836e-05
1.1676373333333334,0.012712653258284135,-4.476274117435364,-1.1580975442757335,1,5,-1.1581086297899499,1.108551421635795e-05
1.1679706666666667,0.01226453251829418,-4.476656382744108,-1.135505408506841,1,5,-1.1355165235521631,1.1115045322140915e-05
1.168304,0.011824354198718467,-4.477031128451065,-1.1129799629781036,1,5,-1.1129911072852554,1.1144307151766952e-05
1.1686373333333333,0.011392125467543646,-4.477398376815631,-1.0905213832554015,1,5,-1.0905325565581194,1.1173302717937261e-05
1.1689706666666666,0.01096785336330286,-4.477758150155437,-1.0681298432694604,1,5,-1.0681410452929652,1.1202023504797154e-05
1.169304,0.010551544794961343,-4.478110470845826,-1.0458055153518178,1,5,-1.0458167458315848,1.123047976703262e-05
1.1696373333333334,0.01014320654180384,-4.478455361319325,-1.023548570270167,1,5,-1.0235598289554053,1.1258685238324517e-05
1.1699706666666667,0.009742845253324806,-4.47879284406513,-1.0013591772622696,1,5,-1.0013704639063585,1.1286644088892572e-05
1.170304,0.009350467449118938,-4.479122941628596,-0.9792375040679282,1,5,-0.9792488184242577,1.1314356329505948e-05
1.1706373333333333,0.008966079518775871,-4.479445676610746,-0.9571837169608024,1,5,-0.9571950587910993,1.1341830296940358e-05
1.1709706666666666,0.008589687721775874,-4.47976107166779,-0.9351979807775397,1,5,-0.935209349841384,1.1369063844357541e-05
1.1713040000000001,0.008221298187387649,-4.480069149510641,-0.9132804589462733,1,5,-0.9132918550196674,1.1396073394065453e-05
1.1716373333333334,0.007860916914569804,-4.48036993290447,-0.891431313512884,1,5,-0.8914427363683068,1.142285542288235e-05
1.1719706666666667,0.007508549771871098,-4.480663444668219,-0.8696507051670128,1,5,-0.8696621545794939,1.144941248110154e-05
1.172304,0.007164202497336458,-4.480949707674189,-0.8479387932653975,1,5,-0.847950269022051,1.1475756653500646e-05
1.1726373333333333,0.0068278806984130025,-4.481228744847567,-0.8262957358542913,1,5,-0.8263072377335612,1.150187926990398e-05
1.1729706666666666,0.0064995898518586115,-4.481500579166012,-0.8047216896904086,1,5,-0.8047332174859532,1.1527795544585828e-05
1.173304,0.006179335303653166,-4.481765233659225,-0.7832168102597343,1,5,-0.7832283637625922,1.155350285786394e-05
1.1736373333333334,0.005867122268910729,-4.48202273140852,-0.7617812517959983,1,5,-0.761792830797966,1.1579001967687574e-05
1.1739706666666667,0.0055629558317960015,-4.482273095546423,-0.7404151672964616,1,5,-0.7404267715936647,1.160429720303835e-05
1.174304,0.005266840945439777,-4.482516349256249,-0.7191187085368878,1,5,-0.7191303379251127,1.1629388224965176e-05
1.1746373333333333,0.004978782431859452,-4.482752515771707,-0.6978920260842472,1,5,-0.697903680372113,1.1654287865869861e-05
1.1749706666666666,0.004698784981880311,-4.482981618376497,-0.6767352693091642,1,5,-0.6767469482922995,1.1678983135365861e-05
1.1753040000000001,0.004426853155058752,-4.483203680403902,-0.6556485863955572,1,5,-0.6556602898795875,1.1703484030234357e-05
1.1756373333333334,0.004162991379608794,-4.483418725236417,-0.634632124349487,1,5,-0.634643852140363,1.1727790875992739e-05
1.1759706666666667,0.003907203952329075,-4.483626776305329,-0.6136860290064128,1,5,-0.6136977809082077,1.1751901794920805e-05
1.176304,0.0036594950385333558,-4.483827857090356,-0.5928104450364646,1,5,-0.592822220859611,1.1775823146376041e-05
1.1766373333333333,0.0034198686719827953,-4.484021991119235,-0.5720055159493764,1,5,-0.5720173154944516,1.1799545075130702e-05
1.1769706666666666,0.0031883287548198913,-4.484209201967352,-0.551271384096907,1,5,-0.5512832071708548,1.1823073947758722e-05
1.177304,0.0029648790575053097,-4.484389513257349,-0.530608190673922,1,5,-0.5306200370903608,1.1846416438809904e-05
1.1776373333333334,0.0027495232187561003,-4.484562948658746,-0.5100160757190295,1,5,-0.5100279452879803,1.186956895082858e-05
1.1779706666666667,0.0025422647454870773,-4.484729531887541,-0.4894951781127208,1,5,-0.48950707063127713,1.189251855632234e-05
1.178304,0.0023431070127529763,-4.484889286705833,-0.46904563557477985,1,5,-0.4690575508497458,1.1915274965967892e-05
1.1786373333333333,0.0021520532636937206,-4.485042236921441,-0.448667584660285,1,5,-0.4486795225009882,1.193784070319115e-05
1.1789706666666666,0.0019691066094820187,-4.4851884063875005,-0.4283611607538802,1,5,-0.42837312096456914,1.1960210688943818e-05
1.1793040000000001,0.001794270029272016,-4.485327819002084,-0.40812649806380996,1,5,-0.4081384804427635,1.1982378953556694e-05
1.1796373333333334,0.0016275463701516113,-4.485460498707796,-0.38796372961368064,1,5,-0.38797573396380625,1.2004350125605079e-05
1.1799706666666667,0.0014689383470952722,-4.485586469491393,-0.36787298723370476,1,5,-0.36788501335797863,1.2026124273867289e-05
1.180304,0.0013184485429202364,-4.485705755383368,-0.3478544015501601,1,5,-0.347866449240935,1.2047690774896758e-05
1.1806373333333333,0.0011760794082446013,-4.4858183804575535,-0.32790810197483466,1,5,-0.32792017103048526,1.2069055650598681e-05
1.1809706666666666,0.0010418332614469117,-4.485924368830721,-0.3080342166923149,1,5,-0.3080463069080947,1.209021577980307e-05
1.181304,0.000915712288628967,-4.486023744662159,-0.28823287264689057,1,5,-0.2882449838107949,1.211116390431588e-05
1.1816373333333334,0.0007977185435797396,-4.486116532153262,-0.2685041955283882,1,5,-0.26851632742757714,1.2131899188916329e-05
1.1819706666666667,0.0006878539477424561,-4.486202755547111,-0.24884830975668493,1,5,-0.24886046217489874,1.2152418213812188e-05
1.182304,0.00058612029018279,-4.486282439128045,-0.2292653384663641,1,5,-0.22927751119275225,1.2172726388148813e-05
1.1826373333333333,0.0004925192275599954,-4.486355607221239,-0.20975540348949906,1,5,-0.20976759630111452,1.2192811615463484e-05
1.1829706666666666,0.0004070522840999291,-4.486422284192246,-0.19031862533836197,1,5,-0.19033083801019066,1.221267182868746e-05
1.1833040000000001,0.0003297208515700145,-4.486482494446579,-0.17095512318680228,1,5,-0.17096735549944694,1.223231264466107e-05
1.1836373333333334,0.0002605261892569821,-4.4865362624292455,-0.1516650148520089,1,5,-0.15167726657063235,1.2251718623457197e-05
1.1839706666666667,0.0001994694239459971,-4.486583612624293,-0.13244841677465224,1,5,-0.1324606876638303,1.2270889178045419e-05
1.184304,0.00014655154990245167,-4.486624569554355,-0.11330544399905129,1,5,-0.11331773382973336,1.2289830682063463e-05
1.1846373333333333,0.00010177342885581142,-4.4866591577801795,-0.09423621015285377,1,5,-0.0942485186814605,1.2308528606730373e-05
1.1849706666666666,6.513578998540437e-05,-4.486687401900142,-0.07524082742578742,1,5,-0.07525315440793652,1.2326982149105103e-05
1.185304,3.663922990881918e-05,-4.486709326549785,-0.05631940654914658,1,5,-0.05633175174056669,1.2345191420112811e-05
1.1856373333333334,1.6284212671913156e-05,-4.486724956401303,-0.03747205677385779,1,5,-0.037484419920011364,1.2363146153576698e-05
1.1859706666666667,4.0710697415957675e-06,-4.486734316163065,-0.01869888584910484,1,5,-826.3637736710994,826.3450747852503
1.186304,0.0,-5.037634138848642,4.796163466380676e-14,2,2,-826.3497340284562,826.3497340284562
1.1866373333333333,0.0,-5.037634138848642,-1.7763568394002505e-15,2,2,0.0,-1.7763568394002505e-15
1.1869706666666666,0.0,-5.037634138848642,-1.7763568394002505e-15,2,2,0.0,-1.7763568394002505e-15
1.1873040000000001,0.0,-5.037634138848642,-1.7763568394002505e-15,2,2,0.0,-1.7763568394002505e-15
1.1876373333333334,0.0,-5.037634138848642,-1.7763568394002505e-15,2,2,0.0,-1.7763568394002505e-15
1.1879706666666667,0.0,-5.037634138848642,-1.7763568394002505e-15,2,2,0.0,-1.7763568394002505e-15
1.188304,0.0,-5.037634138848642,-1.7763568394002505e-15,2,2,0.0,-1.7763568394002505e-15
1.1886373333333333,0.0,-5.037634138848642,-1.7763568394002505e-15,2,2,0.0,-1.7763568394002505e-15
1.1889706666666666,0.0,-5.037634138848642,-1.7763568394002505e-15,2,2,0.0,-1.7763568394002505e-15
1.189304,0.0,-5.037634138848642,-1.7763568394002505e-15,2,2,0.0,-1.7763568394002505e-15
1.1896373333333334,0.0,-5.037634138848642,-1.7763568394002505e-15,2,2,0.0,-1.7763568394002505e-15
1.1899706666666667,0.0,-5.037634138848642,-1.7763568394002505e-15,2,2,0.0,-1.7763568394002505e-15
1.190304,0.0,-5.037634138848642,-1.7763568394002505e-15,2,2,0.0,-1.7763568394002505e-15
1.1906373333333333,0.0,-5.037634138848642,-1.7763568394002505e-15,2,2,0.0,-1.7763568394002505e-15
1.1909706666666666,0.0,-5.037634138848642,-1.7763568394002505e-15,2,2,0.0,-1.7763568394002505e-15
1.1913040000000001,0.0,-5.037634138848642,-1.7763568394002505e-15,2,2,0.0,-1.7763568394002505e-15
1.1916373333333334,0.0,-5.037634138848642,-1.7763568394002505e-15,2,2,0.0,-1.7763568394002505e-15
1.1919706666666667,0.0,-5.037634138848642,-1.7763568394002505e-15,2,2,0.0,-1.7763568394002505e-15
1.192304,0.0,-5.037634138848642,-1.7763568394002505e-15,2,2,0.0,-1.7763568394002505e-15
1.1926373333333333,0.0,-5.037634138848642,-1.7763568394002505e-15,2,2,0.0,-1.7763568394002505e-15
1.1929706666666666,0.0,-5.037634138848642,-1.7763568394002505e-15,2,2,0.0,-1.7763568394002505e-15
1.193304,0.0,-5.037634138848642,-1.7763568394002505e-15,2,2,0.0,-1.7763568394002505e-15
1.1936373333333334,0.0,-5.037634138848642,-1.7763568394002505e-15,2,2,0.0,-1.7763568394002505e-15
1.1939706666666667,0.0,-5.037634138848642,-1.7763568394002505e-15,2,2,0.0,-1.7763568394002505e-15
1.194304,0.0,-5.037634138848642,-1.7763568394002505e-15,2,2,0.0,-1.7763568394002505e-15
1.1946373333333333,0.0,-5.037634138848642,-1.7763568394002505e-15,2,2,0.0,-1.7763568394002505e-15
1.1949706666666666,0.0,-5.037634138848642,-1.7763568394002505e-15,2,2,0.0,-1.7763568394002505e-15
1.1953040000000001,0.0,-5.037634138848642,-1.7763568394002505e-15,2,2,0.0,-1.7763568394002505e-15
1.1956373333333334,0.0,-5.037634138848642,-1.7763568394002505e-15,2,2,0.0,-1.7763568394002505e-15
1.1959706666666667,0.0,-5.037634138848642,-1.7763568394002505e-15,2,2,0.0,-1.7763568394002505e-15
1.196304,0.0,-5.037634138848642,-1.7763568394002505e-15,2,2,0.0,-1.7763568394002505e-15
1.1966373333333333,0.0,-5.037634138848642,-1.7763568394002505e-15,2,2,0.0,-1.7763568394002505e-15
1.1969706666666666,0.0,-5.037634138848642,-1.7763568394002505e-15,2,2,0.0,-1.7763568394002505e-15
1.197304,0.0,-5.037634138848642,-1.7763568394002505e-15,2,2,0.0,-1.7763568394002505e-15
1.1976373333333334,0.0,-5.037634138848642,-1.7763568394002505e-15,2,2,0.0,-1.7763568394002505e-15
1.1979706666666667,0.0,-5.037634138848642,-1.7763568394002505e-15,2,2,0.0,-1.7763568394002505e-15
1.198304,0.0,-5.037634138848642,-1.7763568394002505e-15,2,2,0.0,-1.7763568394002505e-15
1.1986373333333333,0.0,-5.037634138848642,-1.7763568394002505e-15,2,2,0.0,-1.7763568394002505e-15
1.1989706666666666,0.0,-5.037634138848642,-1.7763568394002505e-15,2,2,0.0,-1.7763568394002505e-15
1.1993040000000001,0.0,-5.037634138848642,-1.7763568394002505e-15,2,2,0.0,-1.7763568394002505e-15
1.1996373333333334,0.0,-5.037634138848642,-1.7763568394002505e-15,2,2,0.0,-1.7763568394002505e-15
1.1999706666666667,0.0,-5.037634138848642,-1.7763568394002505e-15,2,2,0.0,-1.7763568394002505e-15
1.200304,0.0,-5.037634138848642,-1.7763568394002505e-15,2,2,0.0,-1.7763568394002505e-15
1.2006373333333333,0.0,-5.037634138848642,-1.7763568394002505e-15,2,2,0.0,-1.7763568394002505e-15
1.2009706666666666,0.0,-5.037634138848642,-1.7763568394002505e-15,2,2,0.0,-1.7763568394002505e-15
1.201304,0.0,-5.037634138848642,-1.7763568394002505e-15,2,2,0.0,-1.7763568394002505e-15
1.2016373333333334,0.0,-5.037634138848642,-1.7763568394002505e-15,2,2,0.0,-1.7763568394002505e-15
1.2019706666666667,0.0,-5.037634138848642,-1.7763568394002505e-15,2,2,0.0,-1.7763568394002505e-15
1.202304,0.0,-5.037634138848642,-1.7763568394002505e-15,2,2,0.0,-1.7763568394002505e-15
1.2026373333333333,0.0,-5.037634138848642,-1.7763568394002505e-15,2,2,0.0,-1.7763568394002505e-15
1.2029706666666666,0.0,-5.037634138848642,-1.7763568394002505e-15,2,2,0.0,-1.7763568394002505e-15
1.2033040000000002,0.0,-5.037634138848642,-1.7763568394002505e-15,2,2,0.0,-1.7763568394002505e-15
1.2036373333333334,0.0,-5.037634138848642,-1.7763568394002505e-15,2,2,0.0,-1.7763568394002505e-15
1.2039706666666667,0.0,-5.037634138848642,-1.7763568394002505e-15,2,2,0.0,-1.7763568394002505e-15
1.204304,0.0,-5.037634138848642,-1.7763568394002505e-15,2,2,0.0,-1.7763568394002505e-15
1.2046373333333333,0.0,-5.037634138848642,-1.7763568394002505e-15,2,2,0.0,-1.7763568394002505e-15
1.2049706666666666,0.0,-5.037634138848642,-1.7763568394002505e-15,2,2,0.0,-1.7763568394002505e-15
1.205304,0.0,-5.037634138848642,-1.7763568394002505e-15,2,2,0.0,-1.7763568394002505e-15
1.2056373333333334,0.0,-5.037634138848642,-1.7763568394002505e-15,2,2,0.0,-1.7763568394002505e-15
1.2059706666666667,0.0,-5.037634138848642,-1.7763568394002505e-15,2,2,0.0,-1.7763568394002505e-15
1.206304,0.0,-5.037634138848642,-1.7763568394002505e-15,2,2,0.0,-1.7763568394002505e-15
1.2066373333333333,0.0,-5.037634138848642,-1.7763568394002505e-15,2,2,0.0,-1.7763568394002505e-15
1.2069706666666666,0.0,-5.037634138848642,-1.7763568394002505e-15,2,2,0.0,-1.7763568394002505e-15
1.2073040000000002,0.0,-5.037634138848642,-1.7763568394002505e-15,2,2,0.0,-1.7763568394002505e-15
1.2076373333333335,0.0,-5.037634138848642,-1.7763568394002505e-15,2,2,0.0,-1.7763568394002505e-15
1.2079706666666667,0.0,-5.037634138848642,-1.7763568394002505e-15,2,2,0.0,-1.7763568394002505e-15
1.208304,0.0,-5.037634138848642,-1.7763568394002505e-15,2,2,0.0,-1.7763568394002505e-15
1.2086373333333333,0.0,-5.037634138848642,-1.7763568394002505e-15,2,2,0.0,-1.7763568394002505e-15
1.2089706666666666,0.0,-5.037634138848642,-1.7763568394002505e-15,2,2,0.0,-1.7763568394002505e-15
1.209304,0.0,-5.037634138848642,-1.7763568394002505e-15,2,2,0.0,-1.7763568394002505e-15
1.2096373333333335,0.0,-5.037634138848642,-1.7763568394002505e-15,2,2,0.0,-1.7763568394002505e-15
1.2099706666666667,0.0,-5.037634138848642,-1.7763568394002505e-15,2,2,0.0,-1.7763568394002505e-15
1.210304,0.0,-5.037634138848642,-1.7763568394002505e-15,2,2,0.0,-1.7763568394002505e-15
1.2106373333333333,0.0,-5.037634138848642,-1.7763568394002505e-15,2,2,0.0,-1.7763568394002505e-15
1.2109706666666666,0.0,-5.037634138848642,-1.7763568394002505e-15,2,2,0.0,-1.7763568394002505e-15
1.2113040000000002,0.0,-5.037634138848642,-1.7763568394002505e-15,2,2,0.0,-1.7763568394002505e-15
1.2116373333333335,0.0,-5.037634138848642,-1.7763568394002505e-15,2,2,0.0,-1.7763568394002505e-15
1.2119706666666668,0.0,-5.037634138848642,-1.7763568394002505e-15,2,2,0.0,-1.7763568394002505e-15
1.212304,0.0,-5.037634138848642,-1.7763568394002505e-15,2,2,0.0,-1.7763568394002505e-15
1.2126373333333333,0.0,-5.037634138848642,-1.7763568394002505e-15,2,2,0.0,-1.7763568394002505e-15
1.2129706666666666,0.0,-5.037634138848642,-1.7763568394002505e-15,2,2,0.0,-1.7763568394002505e-15
1.213304,0.0,-5.037634138848642,-1.7763568394002505e-15,2,2,0.0,-1.7763568394002505e-15
1.2136373333333335,0.0,-5.037634138848642,-1.7763568394002505e-15,2,2,0.0,-1.7763568394002505e-15
1.2139706666666668,0.0,-5.037634138848642,-1.7763568394002505e-15,2,2,0.0,-1.7763568394002505e-15
1.214304,0.0,-5.037634138848642,-1.7763568394002505e-15,2,2,0.0,-1.7763568394002505e-15
1.2146373333333333,0.0,-5.037634138848642,-1.7763568394002505e-15,2,2,0.0,-1.7763568394002505e-15
1.2149706666666666,0.0,-5.037634138848642,-1.7763568394002505e-15,2,2,0.0,-1.7763568394002505e-15
1.2153040000000002,0.0,-5.037634138848642,-1.7763568394002505e-15,2,2,0.0,-1.7763568394002505e-15
1.2156373333333335,0.0,-5.037634138848642,-1.7763568394002505e-15,2,2,0.0,-1.7763568394002505e-15
1.2159706666666668,0.0,-5.037634138848642,-1.7763568394002505e-15,2,2,0.0,-1.7763568394002505e-15
1.216304,0.0,-5.037634138848642,-1.7763568394002505e-15,2,2,0.0,-1.7763568394002505e-15
1.2166373333333333,0.0,-5.037634138848642,-1.7763568394002505e-15,2,2,0.0,-1.7763568394002505e-15
1.2169706666666666,0.0,-5.037634138848642,-1.7763568394002505e-15,2,2,0.0,-1.7763568394002505e-15
1.217304,0.0,-5.037634138848642,-1.7763568394002505e-15,2,2,0.0,-1.7763568394002505e-15
1.2176373333333335,0.0,-5.037634138848642,-1.7763568394002505e-15,2,2,0.0,-1.7763568394002505e-15
1.2179706666666668,0.0,-5.037634138848642,-1.7763568394002505e-15,2,2,0.0,-1.7763568394002505e-15
1.218304,0.0,-5.037634138848642,-1.7763568394002505e-15,2,2,0.0,-1.7763568394002505e-15
1.2186373333333334,0.0,-5.037634138848642,-1.7763568394002505e-15,2,2,0.0,-1.7763568394002505e-15
1.2189706666666666,0.0,-5.037634138848642,-1.7763568394002505e-15,2,2,0.0,-1.7763568394002505e-15
1.2193040000000002,0.0,-5.037634138848642,-1.7763568394002505e-15,2,2,0.0,-1.7763568394002505e-15
1.2196373333333335,0.0,-5.037634138848642,-1.7763568394002505e-15,2,2,0.0,-1.7763568394002505e-15
1.2199706666666668,0.0,-5.037634138848642,-1.7763568394002505e-15,2,2,0.0,-1.7763568394002505e-15
1.220304,0.0,-5.037634138848642,-1.7763568394002505e-15,2,2,0.0,-1.7763568394002505e-15
1.2206373333333334,0.0,-5.037634138848642,-1.7763568394002505e-15,2,2,0.0,-1.7763568394002505e-15
1.2209706666666666,0.0,-5.037634138848642,-1.7763568394002505e-15,2,2,0.0,-1.7763568394002505e-15
1.221304,0.0,-5.037634138848642,-1.7763568394002505e-15,2,2,0.0,-1.7763568394002505e-15
1.2216373333333335,0.0,-5.037634138848642,-1.7763568394002505e-15,2,2,0.0,-1.7763568394002505e-15
1.2219706666666668,0.0,-5.037634138848642,-1.7763568394002505e-15,2,2,0.0,-1.7763568394002505e-15
1.222304,0.0,-5.037634138848642,-1.7763568394002505e-15,2,2,0.0,-1.7763568394002505e-15
1.2226373333333334,0.0,-5.037634138848642,-1.7763568394002505e-15,2,2,0.0,-1.7763568394002505e-15
1.2229706666666667,0.0,-5.037634138848642,-1.7763568394002505e-15,2,2,0.0,-1.7763568394002505e-15
1.2233040000000002,0.0,-5.037634138848642,-1.7763568394002505e-15,2,2,0.0,-1.7763568394002505e-15
1.2236373333333335,0.0,-5.037634138848642,-1.7763568394002505e-15,2,2,0.0,-1.7763568394002505e-15
1.2239706666666668,0.0,-5.037634138848642,-1.7763568394002505e-15,2,2,0.0,-1.7763568394002505e-15
1.224304,0.0,-5.037634138848642,-1.7763568394002505e-15,2,2,0.0,-1.7763568394002505e-15
1.2246373333333334,0.0,-5.037634138848642,-1.7763568394002505e-15,2,2,0.0,-1.7763568394002505e-15
1.2249706666666667,0.0,-5.037634138848642,-1.7763568394002505e-15,2,2,0.0,-1.7763568394002505e-15
1.225304,0.0,-5.037634138848642,-1.7763568394002505e-15,2,2,0.0,-1.7763568394002505e-15
1.2256373333333335,0.0,-5.037634138848642,-1.7763568394002505e-15,2,2,0.0,-1.7763568394002505e-15
1.2259706666666668,0.0,-5.037634138848642,-1.7763568394002505e-15,2,2,0.0,-1.7763568394002505e-15
1.226304,0.0,-5.037634138848642,-1.7763568394002505e-15,2,2,,
