geometry_id,system,split,sample_kind,region,charge,multiplicity,qm_method,qm_basis,qm_energy_hartree,qm_energy_eV,s2,wall_seconds,status,error
h3_reactant_reference_0000,h3,train,reactant_reference,reactant_reference,0,2,wb97x-d,jun-cc-pvdz,-1.6731707531137952,-45.52929561847011,,2.4912862999917706,ok,
h3_product_reference_0000,h3,train,product_reference,product_reference,0,2,wb97x-d,jun-cc-pvdz,-1.6731707531138602,-45.52929561847188,,0.890709400002379,ok,
h3_grid_0000,h3,train,grid,off_path,0,2,wb97x-d,jun-cc-pvdz,-1.6033958970148143,-43.63062505890251,,0.38789579999865964,ok,
h3_grid_0001,h3,train,grid,off_path,0,2,wb97x-d,jun-cc-pvdz,-1.6321334848855111,-44.41261466223006,,0.40428760000213515,ok,
h3_grid_0002,h3,train,grid,off_path,0,2,wb97x-d,jun-cc-pvdz,-1.645280887290833,-44.770373707212705,,0.41806400001223665,ok,
h3_grid_0003,h3,train,grid,off_path,0,2,wb97x-d,jun-cc-pvdz,-1.6522568187172542,-44.960198471682574,,0.40751810000801925,ok,
h3_grid_0004,h3,train,grid,off_path,0,2,wb97x-d,jun-cc-pvdz,-1.6566937774540667,-45.08093426962749,,0.408712899996317,ok,
h3_grid_0005,h3,train,grid,reactant_like,0,2,wb97x-d,jun-cc-pvdz,-1.659921722904428,-45.168771140058254,,0.4046018999943044,ok,
h3_grid_0006,h3,train,grid,reactant_like,0,2,wb97x-d,jun-cc-pvdz,-1.6624163898278297,-45.23665448526603,,0.414437800005544,ok,
h3_grid_0007,h3,train,grid,reactant_like,0,2,wb97x-d,jun-cc-pvdz,-1.6643766910498783,-45.28999699897768,,0.43355619999056216,ok,
h3_grid_0008,h3,train,grid,off_path,0,2,wb97x-d,jun-cc-pvdz,-1.6321334848870779,-44.412614662272695,,0.38830680001410656,ok,
h3_grid_0009,h3,train,grid,off_path,0,2,wb97x-d,jun-cc-pvdz,-1.6530460619155143,-44.98167487319245,,0.37486349999380764,ok,
h3_grid_0010,h3,train,grid,transfer_region,0,2,wb97x-d,jun-cc-pvdz,-1.6594039436132983,-45.15468164777715,,0.4607745999965118,ok,
h3_grid_0011,h3,train,grid,transfer_region,0,2,wb97x-d,jun-cc-pvdz,-1.6610993827467757,-45.200816896894764,,0.43445640000572894,ok,
h3_grid_0012,h3,train,grid,off_path,0,2,wb97x-d,jun-cc-pvdz,-1.661823191173759,-45.22051272756951,,0.43869640000048093,ok,
h3_grid_0013,h3,train,grid,reactant_like,0,2,wb97x-d,jun-cc-pvdz,-1.6626075292926865,-45.2418556550711,,0.41010359999199864,ok,
h3_grid_0014,h3,train,grid,reactant_like,0,2,wb97x-d,jun-cc-pvdz,-1.6635490769908627,-45.26747647315519,,0.46340690000215545,ok,
h3_grid_0015,h3,train,grid,reactant_like,0,2,wb97x-d,jun-cc-pvdz,-1.6645327127901386,-45.29424256681467,,0.47845049999887124,ok,
h3_grid_0016,h3,train,grid,off_path,0,2,wb97x-d,jun-cc-pvdz,-1.6452808872926188,-44.7703737072613,,0.4217616999958409,ok,
h3_grid_0017,h3,train,grid,off_path,0,2,wb97x-d,jun-cc-pvdz,-1.659403943612775,-45.154681647762914,,0.4099939000006998,ok,
h3_grid_0018,h3,train,grid,transfer_region,0,2,wb97x-d,jun-cc-pvdz,-1.6591579174627642,-45.147986935168355,,0.38381059998937417,ok,
h3_grid_0019,h3,train,grid,transfer_region,0,2,wb97x-d,jun-cc-pvdz,-1.6550896082201019,-45.03728260099815,,0.4200332000036724,ok,
h3_grid_0020,h3,train,grid,off_path,0,2,wb97x-d,jun-cc-pvdz,-1.6513977188143223,-44.93682117240001,,0.41516289999708533,ok,
h3_grid_0021,h3,train,grid,off_path,0,2,wb97x-d,jun-cc-pvdz,-1.6491513200817884,-44.87569354882653,,0.42623680000542663,ok,
h3_grid_0022,h3,train,grid,off_path,0,2,wb97x-d,jun-cc-pvdz,-1.648165753413919,-44.84887491355596,,0.4126066000026185,ok,
h3_grid_0023,h3,train,grid,off_path,0,2,wb97x-d,jun-cc-pvdz,-1.6479727444284928,-44.843622871504586,,0.4307121999881929,ok,
h3_grid_0024,h3,train,grid,off_path,0,2,wb97x-d,jun-cc-pvdz,-1.6522568187149915,-44.960198471621005,,0.47157579999475274,ok,
h3_grid_0025,h3,train,grid,off_path,0,2,wb97x-d,jun-cc-pvdz,-1.6610993827484923,-45.20081689694148,,0.48749150001094677,ok,
h3_grid_0026,h3,train,grid,transfer_region,0,2,wb97x-d,jun-cc-pvdz,-1.6550896082199769,-45.03728260099474,,0.4986859999917215,ok,
h3_grid_0027,h3,train,grid,transfer_region,0,2,wb97x-d,jun-cc-pvdz,-1.6452454734700175,-44.769410048056045,,0.43324610000126995,ok,
h3_grid_0028,h3,train,grid,off_path,0,2,wb97x-d,jun-cc-pvdz,-1.6365320610418814,-44.53230601695344,,0.47701460000826046,ok,
h3_grid_0029,h3,train,grid,off_path,0,2,wb97x-d,jun-cc-pvdz,-1.6305405702453428,-44.36926924669955,,0.518165700006648,ok,
h3_grid_0030,h3,train,grid,off_path,0,2,wb97x-d,jun-cc-pvdz,-1.6270911619493391,-44.27540606523688,,0.5099095000041416,ok,
h3_grid_0031,h3,train,grid,off_path,0,2,wb97x-d,jun-cc-pvdz,-1.6254055836248402,-44.22953914240107,,0.5154602999973577,ok,
h3_grid_0032,h3,train,grid,off_path,0,2,wb97x-d,jun-cc-pvdz,-1.6566937774530608,-45.08093426960012,,0.4815824999968754,ok,
h3_grid_0033,h3,train,grid,off_path,0,2,wb97x-d,jun-cc-pvdz,-1.6618231911737364,-45.220512727568895,,0.4803041999984998,ok,
h3_grid_0034,h3,train,grid,transfer_region,0,2,wb97x-d,jun-cc-pvdz,-1.6513977188142877,-44.936821172399064,,0.48936620001040865,ok,
h3_grid_0035,h3,train,grid,transfer_region,0,2,wb97x-d,jun-cc-pvdz,-1.6365320610417429,-44.532306016949676,,0.48379099999147,ok,
h3_grid_0036,h3,train,grid,off_path,0,2,wb97x-d,jun-cc-pvdz,-1.6227283599344873,-44.15668817449597,,0.43483139999443665,ok,
h3_grid_0037,h3,train,grid,off_path,0,2,wb97x-d,jun-cc-pvdz,-1.612367882171213,-43.87476521238655,,0.5298206000006758,ok,
h3_grid_0038,h3,train,grid,off_path,0,2,wb97x-d,jun-cc-pvdz,-1.6057215907290818,-43.69391040885131,,0.5842257000040263,ok,
h3_grid_0039,h3,train,grid,off_path,0,2,wb97x-d,jun-cc-pvdz,-1.6019844312904643,-43.59221711990425,,0.5421745000057854,ok,
h3_grid_0040,h3,train,grid,off_path,0,2,wb97x-d,jun-cc-pvdz,-1.659921722901546,-45.16877113997983,,0.5027219999901718,ok,
h3_grid_0041,h3,train,grid,off_path,0,2,wb97x-d,jun-cc-pvdz,-1.6626075292994285,-45.241855655254554,,0.5006435999966925,ok,
h3_grid_0042,h3,train,grid,transfer_region,0,2,wb97x-d,jun-cc-pvdz,-1.6491513200815113,-44.87569354881899,,0.4979165999975521,ok,
h3_grid_0043,h3,train,grid,transfer_region,0,2,wb97x-d,jun-cc-pvdz,-1.6305405702452973,-44.36926924669831,,0.5342393000028096,ok,
h3_grid_0044,h3,train,grid,off_path,0,2,wb97x-d,jun-cc-pvdz,-1.6123678821711585,-43.87476521238506,,0.5420048999949358,ok,
h3_grid_0045,h3,train,grid,off_path,0,2,wb97x-d,jun-cc-pvdz,-1.5976197085351544,-43.47344696315286,,0.4457598000008147,ok,
h3_grid_0046,h3,train,grid,off_path,0,2,wb97x-d,jun-cc-pvdz,-1.5872527160266388,-43.191346725794375,,0.5591239000059431,ok,
h3_grid_0047,h3,train,grid,off_path,0,2,wb97x-d,jun-cc-pvdz,-1.5807589354830711,-43.01464195522667,,0.6014971000113292,ok,
h3_grid_0048,h3,train,grid,product_like,0,2,wb97x-d,jun-cc-pvdz,-1.6624163898242468,-45.23665448516853,,0.472920600004727,ok,
h3_grid_0049,h3,train,grid,product_like,0,2,wb97x-d,jun-cc-pvdz,-1.6635490769907124,-45.2674764731511,,0.47115529999427963,ok,
h3_grid_0050,h3,train,grid,transfer_region,0,2,wb97x-d,jun-cc-pvdz,-1.6481657534007557,-44.84887491319777,,0.5150708000001032,ok,
h3_grid_0051,h3,train,grid,transfer_region,0,2,wb97x-d,jun-cc-pvdz,-1.6270911619491926,-44.27540606523289,,0.5053346999920905,ok,
h3_grid_0052,h3,train,grid,off_path,0,2,wb97x-d,jun-cc-pvdz,-1.6057215907183335,-43.693910408558835,,0.5020124000002397,ok,
h3_grid_0053,h3,train,grid,off_path,0,2,wb97x-d,jun-cc-pvdz,-1.587252716026647,-43.191346725794595,,0.5018068000063067,ok,
h3_grid_0054,h3,train,grid,off_path,0,2,wb97x-d,jun-cc-pvdz,-1.5733454557778859,-42.81291089554208,,0.4597152000060305,ok,
h3_grid_0055,h3,train,grid,off_path,0,2,wb97x-d,jun-cc-pvdz,-1.5639311593085854,-42.55673483808171,,0.4913863000110723,ok,
h3_grid_0056,h3,train,grid,product_like,0,2,wb97x-d,jun-cc-pvdz,-1.664376691051897,-45.2899969990326,,0.5422488999902271,ok,
h3_grid_0057,h3,train,grid,product_like,0,2,wb97x-d,jun-cc-pvdz,-1.6645327127904623,-45.29424256682348,,0.5475437999994028,ok,
h3_grid_0058,h3,train,grid,transfer_region,0,2,wb97x-d,jun-cc-pvdz,-1.647972744428506,-44.84362287150494,,0.5813689000060549,ok,
h3_grid_0059,h3,train,grid,transfer_region,0,2,wb97x-d,jun-cc-pvdz,-1.625405583624798,-44.22953914239992,,0.5415963999985252,ok,
h3_grid_0060,h3,train,grid,off_path,0,2,wb97x-d,jun-cc-pvdz,-1.6019844312904692,-43.59221711990438,,0.5298729000060121,ok,
h3_grid_0061,h3,train,grid,off_path,0,2,wb97x-d,jun-cc-pvdz,-1.5807589354830751,-43.01464195522678,,0.5881106000015279,ok,
h3_grid_0062,h3,train,grid,off_path,0,2,wb97x-d,jun-cc-pvdz,-1.5639311593086134,-42.55673483808247,,0.5571490000002086,ok,
h3_grid_0063,h3,train,grid,off_path,0,2,wb97x-d,jun-cc-pvdz,-1.5520672554412902,-42.233901567563464,,0.48733080000965856,ok,
h3_jitter_0000,h3,train,jitter,reactant_like,0,2,wb97x-d,jun-cc-pvdz,-1.6648268695201485,-45.30224697921182,,0.4915921000065282,ok,
h3_jitter_0001,h3,train,jitter,transfer_region,0,2,wb97x-d,jun-cc-pvdz,-1.638305278523292,-44.58055772273825,,0.48755429999437183,ok,
h3_jitter_0002,h3,train,jitter,transfer_region,0,2,wb97x-d,jun-cc-pvdz,-1.6176597178959957,-44.01876339824393,,0.4973275000083959,ok,
h3_jitter_0003,h3,train,jitter,off_path,0,2,wb97x-d,jun-cc-pvdz,-1.6033644612093663,-43.62976964705851,,0.4894301999884192,ok,
h3_jitter_0004,h3,train,jitter,off_path,0,2,wb97x-d,jun-cc-pvdz,-1.608712928593878,-43.775308858882525,,0.533422900000005,ok,
h3_jitter_0005,h3,train,jitter,off_path,0,2,wb97x-d,jun-cc-pvdz,-1.5894602267019342,-43.25141615142198,,0.5098504000052344,ok,
h3_jitter_0006,h3,train,jitter,off_path,0,2,wb97x-d,jun-cc-pvdz,-1.5661387417614403,-42.616806216876206,,0.5237945000117179,ok,
h3_jitter_0007,h3,train,jitter,transfer_region,0,2,wb97x-d,jun-cc-pvdz,-1.6606739087837579,-45.18923916054948,,0.5118336000014096,ok,
h3_jitter_0008,h3,train,jitter,reactant_like,0,2,wb97x-d,jun-cc-pvdz,-1.6662568348922566,-45.34115831927065,,0.47903680001036264,ok,
h3_jitter_0009,h3,train,jitter,product_like,0,2,wb97x-d,jun-cc-pvdz,-1.6635233669153653,-45.266776866360416,,0.4686768000101438,ok,
h3_jitter_0010,h3,train,jitter,off_path,0,2,wb97x-d,jun-cc-pvdz,-1.6523463365982733,-44.96263437731891,,0.4750904999964405,ok,
h3_jitter_0011,h3,train,jitter,off_path,0,2,wb97x-d,jun-cc-pvdz,-1.6272836082257476,-44.28064279519583,,0.4767581999913091,ok,
h3_jitter_0012,h3,train,jitter,off_path,0,2,wb97x-d,jun-cc-pvdz,-1.652676595982672,-44.97162119298914,,0.47149340000760276,ok,
h3_jitter_0013,h3,train,jitter,transfer_region,0,2,wb97x-d,jun-cc-pvdz,-1.6428855437790693,-44.70519308972228,,0.5283169000031194,ok,
h3_jitter_0014,h3,train,jitter,off_path,0,2,wb97x-d,jun-cc-pvdz,-1.6350048557608767,-44.49074864417511,,0.5079428000026383,ok,
h3_jitter_0015,h3,train,jitter,off_path,0,2,wb97x-d,jun-cc-pvdz,-1.6047337887792916,-43.667030948461026,,0.47258860000874847,ok,
h3_jitter_0016,h3,train,jitter,transfer_region,0,2,wb97x-d,jun-cc-pvdz,-1.6347186190757612,-44.48295974717866,,0.4646752000116976,ok,
h3_jitter_0017,h3,train,jitter,transfer_region,0,2,wb97x-d,jun-cc-pvdz,-1.6135684837678244,-43.90743524615949,,0.5123461999901338,ok,
h3_jitter_0018,h3,train,jitter,transfer_region,0,2,wb97x-d,jun-cc-pvdz,-1.6344243082910903,-44.47495114274062,,0.4783190000016475,ok,
h3_jitter_0019,h3,train,jitter,off_path,0,2,wb97x-d,jun-cc-pvdz,-1.6636670704194854,-45.27068723791593,,0.47442439998849295,ok,
h3_jitter_0020,h3,train,jitter,off_path,0,2,wb97x-d,jun-cc-pvdz,-1.6284680270521867,-44.312872473359086,,0.49854830000549555,ok,
h3_jitter_0021,h3,train,jitter,transfer_region,0,2,wb97x-d,jun-cc-pvdz,-1.6533944872131658,-44.99115600854472,,0.4880301000084728,ok,
h3_jitter_0022,h3,train,jitter,transfer_region,0,2,wb97x-d,jun-cc-pvdz,-1.6593683296022284,-45.15371254116616,,0.4870197999989614,ok,
h3_jitter_0023,h3,train,jitter,transfer_region,0,2,wb97x-d,jun-cc-pvdz,-1.6447670984227842,-44.75639279987534,,0.4721401999995578,ok,
water_reactant_reference_0000,water,train,reactant_reference,reactant_reference,0,2,wb97x-d,jun-cc-pvdz,-152.10982603389806,-4139.1192280184405,,0.8363898999959929,ok,
water_product_reference_0000,water,train,product_reference,product_reference,0,2,wb97x-d,jun-cc-pvdz,-152.10982603390445,-4139.119228018615,,0.9426546999893617,ok,
water_grid_0004,water,train,grid,reactant_like,0,2,wb97x-d,jun-cc-pvdz,-152.07199958540585,-4138.089917918205,,1.1925869999977294,ok,
water_grid_0005,water,train,grid,reactant_like,0,2,wb97x-d,jun-cc-pvdz,-152.0846102199152,-4138.433070764646,,1.2150170000095386,ok,
water_grid_0006,water,train,grid,reactant_like,0,2,wb97x-d,jun-cc-pvdz,-152.09245641875884,-4138.646576711943,,1.1229898000019602,ok,
water_grid_0007,water,train,grid,reactant_like,0,2,wb97x-d,jun-cc-pvdz,-152.0972131469129,-4138.776013879011,,1.1165802000032272,ok,
water_grid_0010,water,train,grid,transfer_region,0,2,wb97x-d,jun-cc-pvdz,-152.07312713461957,-4138.120600095372,,1.2580379999999423,ok,
water_grid_0011,water,train,grid,off_path,0,2,wb97x-d,jun-cc-pvdz,-152.0850233535785,-4138.44431270433,,1.1979229999997187,ok,
water_grid_0012,water,train,grid,reactant_like,0,2,wb97x-d,jun-cc-pvdz,-152.0886424051452,-4138.5427921143555,,1.268748799993773,ok,
water_grid_0013,water,train,grid,reactant_like,0,2,wb97x-d,jun-cc-pvdz,-152.09734075584814,-4138.779486295036,,1.1767242000059923,ok,
water_grid_0014,water,train,grid,reactant_like,0,2,wb97x-d,jun-cc-pvdz,-152.1029145596908,-4138.931157224258,,1.1178011000010883,ok,
water_grid_0015,water,train,grid,reactant_like,0,2,wb97x-d,jun-cc-pvdz,-152.1062700845444,-4139.022465707108,,1.1639843999873847,ok,
water_grid_0017,water,train,grid,transfer_region,0,2,wb97x-d,jun-cc-pvdz,-152.0731271346688,-4138.12060009671,,1.2831059000018286,ok,
water_grid_0018,water,train,grid,transfer_region,0,2,wb97x-d,jun-cc-pvdz,-152.08342349256392,-4138.400778268322,,1.1682434000103967,ok,
water_grid_0019,water,train,grid,transfer_region,0,2,wb97x-d,jun-cc-pvdz,-152.0857836145996,-4138.465000460622,,1.1782671000109985,ok,
water_grid_0020,water,train,grid,off_path,0,2,wb97x-d,jun-cc-pvdz,-152.08221895061152,-4138.368001012006,,1.2171484999998938,ok,
water_grid_0021,water,train,grid,off_path,0,2,wb97x-d,jun-cc-pvdz,-152.08737060962932,-4138.508184795347,,1.1824979999946663,ok,
water_grid_0022,water,train,grid,off_path,0,2,wb97x-d,jun-cc-pvdz,-152.09093405345865,-4138.605151041753,,1.1950111000041943,ok,
water_grid_0023,water,train,grid,off_path,0,2,wb97x-d,jun-cc-pvdz,-152.09301639923044,-4138.661814556846,,1.2261361999990186,ok,
water_grid_0025,water,train,grid,off_path,0,2,wb97x-d,jun-cc-pvdz,-152.0850233537063,-4138.4443127078075,,1.1873172000050545,ok,
water_grid_0026,water,train,grid,transfer_region,0,2,wb97x-d,jun-cc-pvdz,-152.08578361462077,-4138.4650004611985,,1.2305343999905745,ok,
water_grid_0027,water,train,grid,transfer_region,0,2,wb97x-d,jun-cc-pvdz,-152.07052496279215,-4138.0497913926965,,1.0028269000031287,ok,
water_grid_0028,water,train,grid,transfer_region,0,2,wb97x-d,jun-cc-pvdz,-152.0667965849214,-4137.948337062385,,1.3233271000062814,ok,
water_grid_0029,water,train,grid,off_path,0,2,wb97x-d,jun-cc-pvdz,-152.06828036294834,-4137.98871271938,,1.3156374000100186,ok,
water_grid_0030,water,train,grid,off_path,0,2,wb97x-d,jun-cc-pvdz,-152.07009610176803,-4138.038121489723,,1.1987828999990597,ok,
water_grid_0031,water,train,grid,off_path,0,2,wb97x-d,jun-cc-pvdz,-152.07105136010128,-4138.064115393195,,1.1937618000083603,ok,
water_grid_0032,water,train,grid,product_like,0,2,wb97x-d,jun-cc-pvdz,-152.0719995854424,-4138.0899179192,,1.1842025000078138,ok,
water_grid_0033,water,train,grid,product_like,0,2,wb97x-d,jun-cc-pvdz,-152.0886424051742,-4138.542792115144,,1.2321951999911107,ok,
water_grid_0034,water,train,grid,off_path,0,2,wb97x-d,jun-cc-pvdz,-152.08221895062394,-4138.3680010123435,,1.263556099991547,ok,
water_grid_0035,water,train,grid,transfer_region,0,2,wb97x-d,jun-cc-pvdz,-152.06679658497413,-4137.94833706382,,1.3253885000012815,ok,
water_grid_0036,water,train,grid,transfer_region,0,2,wb97x-d,jun-cc-pvdz,-152.0510619063556,-4137.5201746464745,,1.0600885999883758,ok,
water_grid_0037,water,train,grid,transfer_region,0,2,wb97x-d,jun-cc-pvdz,-152.04628238817494,-4137.390117331191,,1.5401182000059634,ok,
water_grid_0038,water,train,grid,off_path,0,2,wb97x-d,jun-cc-pvdz,-152.0465873815909,-4137.398416624836,,1.3572901000006823,ok,
water_grid_0039,water,train,grid,off_path,0,2,wb97x-d,jun-cc-pvdz,-152.0465674366729,-4137.397873895968,,1.2539087000041036,ok,
water_grid_0040,water,train,grid,product_like,0,2,wb97x-d,jun-cc-pvdz,-152.0846102199043,-4138.43307076435,,1.1394444000034127,ok,
water_grid_0041,water,train,grid,product_like,0,2,wb97x-d,jun-cc-pvdz,-152.0973407558259,-4138.779486294431,,1.1810820999962743,ok,
water_grid_0042,water,train,grid,off_path,0,2,wb97x-d,jun-cc-pvdz,-152.08737060959862,-4138.508184794511,,1.2276516999991145,ok,
water_grid_0043,water,train,grid,off_path,0,2,wb97x-d,jun-cc-pvdz,-152.06828036295224,-4137.988712719485,,1.5123140000068815,ok,
water_grid_0044,water,train,grid,transfer_region,0,2,wb97x-d,jun-cc-pvdz,-152.04628238820297,-4137.390117331954,,1.6690859000082128,ok,
water_grid_0045,water,train,grid,transfer_region,0,2,wb97x-d,jun-cc-pvdz,-152.0239219281153,-4136.78165821587,,1.156972400000086,ok,
water_grid_0046,water,train,grid,transfer_region,0,2,wb97x-d,jun-cc-pvdz,-152.02321818032468,-4136.762508262919,,1.8502416999981506,ok,
water_grid_0047,water,train,grid,off_path,0,2,wb97x-d,jun-cc-pvdz,-152.0223716568029,-4136.739473184402,,1.4924846000067191,ok,
water_grid_0048,water,train,grid,product_like,0,2,wb97x-d,jun-cc-pvdz,-152.0924564186982,-4138.646576710293,,1.2553748999926029,ok,
water_grid_0049,water,train,grid,product_like,0,2,wb97x-d,jun-cc-pvdz,-152.10291455965844,-4138.931157223377,,1.321348700003,ok,
water_grid_0050,water,train,grid,off_path,0,2,wb97x-d,jun-cc-pvdz,-152.09093405345814,-4138.605151041738,,1.2300428999878932,ok,
water_grid_0051,water,train,grid,off_path,0,2,wb97x-d,jun-cc-pvdz,-152.07009610182524,-4138.03812149128,,1.347219800009043,ok,
water_grid_0052,water,train,grid,off_path,0,2,wb97x-d,jun-cc-pvdz,-152.04658738156655,-4137.398416624173,,1.4249374000064563,ok,
water_grid_0053,water,train,grid,transfer_region,0,2,wb97x-d,jun-cc-pvdz,-152.0232181803595,-4136.762508263867,,1.5120453999988968,ok,
water_grid_0054,water,train,grid,transfer_region,0,2,wb97x-d,jun-cc-pvdz,-151.9944585162882,-4135.979917936518,,1.1562493999954313,ok,
water_grid_0055,water,train,grid,transfer_region,0,2,wb97x-d,jun-cc-pvdz,-151.99969343333044,-4136.122367286121,,1.5056355999986408,ok,
water_grid_0056,water,train,grid,product_like,0,2,wb97x-d,jun-cc-pvdz,-152.09721314697762,-4138.776013880772,,1.0701619999890681,ok,
water_grid_0057,water,train,grid,product_like,0,2,wb97x-d,jun-cc-pvdz,-152.10627008458323,-4139.0224657081635,,1.1633341999986442,ok,
water_grid_0058,water,train,grid,off_path,0,2,wb97x-d,jun-cc-pvdz,-152.09301639923456,-4138.661814556958,,1.1604810999997426,ok,
water_grid_0059,water,train,grid,off_path,0,2,wb97x-d,jun-cc-pvdz,-152.07105136011154,-4138.064115393474,,1.2188681000116048,ok,
water_grid_0060,water,train,grid,off_path,0,2,wb97x-d,jun-cc-pvdz,-152.0465674366942,-4137.397873896547,,1.1897307000035653,ok,
water_grid_0061,water,train,grid,off_path,0,2,wb97x-d,jun-cc-pvdz,-152.02237165683832,-4136.739473185366,,1.4936358999984805,ok,
water_grid_0062,water,train,grid,transfer_region,0,2,wb97x-d,jun-cc-pvdz,-151.9996934333006,-4136.122367285308,,1.769280799999251,ok,
water_grid_0063,water,train,grid,transfer_region,0,2,wb97x-d,jun-cc-pvdz,-151.96531818050659,-4135.186969004227,,1.1765742999996291,ok,
water_jitter_0000,water,train,jitter,off_path,0,2,wb97x-d,jun-cc-pvdz,-152.03919268496367,-4137.19719667874,,1.5588848000043072,ok,
water_jitter_0002,water,train,jitter,off_path,0,2,wb97x-d,jun-cc-pvdz,-152.04238627488544,-4137.284098687613,,1.5661156999995,ok,
water_jitter_0003,water,train,jitter,off_path,0,2,wb97x-d,jun-cc-pvdz,-152.08036796443278,-4138.31763311216,,1.4557950000016717,ok,
water_jitter_0004,water,train,jitter,transfer_region,0,2,wb97x-d,jun-cc-pvdz,-152.07681273899726,-4138.220890499642,,1.3967803999985335,ok,
water_jitter_0005,water,train,jitter,off_path,0,2,wb97x-d,jun-cc-pvdz,-152.08527384237323,-4138.451128851673,,1.4561561000009533,ok,
water_jitter_0006,water,train,jitter,off_path,0,2,wb97x-d,jun-cc-pvdz,-152.0849046894662,-4138.441083689337,,1.2207993000047281,ok,
water_jitter_0007,water,train,jitter,off_path,0,2,wb97x-d,jun-cc-pvdz,-152.0827238546498,-4138.381740150809,,1.1989256999950157,ok,
water_jitter_0008,water,train,jitter,off_path,0,2,wb97x-d,jun-cc-pvdz,-152.0247044310403,-4136.802951205201,,1.373178400011966,ok,
water_jitter_0009,water,train,jitter,transfer_region,0,2,wb97x-d,jun-cc-pvdz,-152.0433568756014,-4137.310510078585,,1.6053639000019757,ok,
water_jitter_0011,water,train,jitter,reactant_like,0,2,wb97x-d,jun-cc-pvdz,-152.11017438528935,-4139.128707142699,,1.1285047999990638,ok,
water_jitter_0012,water,train,jitter,off_path,0,2,wb97x-d,jun-cc-pvdz,-152.07999647445416,-4138.307524354866,,1.2608480000053532,ok,
water_jitter_0013,water,train,jitter,reactant_like,0,2,wb97x-d,jun-cc-pvdz,-152.0987190746298,-4138.8169922597735,,1.1003824999934295,ok,
water_jitter_0014,water,train,jitter,product_like,0,2,wb97x-d,jun-cc-pvdz,-152.1005720737578,-4138.86741493476,,1.0887640000000829,ok,
water_jitter_0016,water,train,jitter,transfer_region,0,2,wb97x-d,jun-cc-pvdz,-152.07529247532895,-4138.179522017768,,1.2109615999943344,ok,
water_jitter_0017,water,train,jitter,off_path,0,2,wb97x-d,jun-cc-pvdz,-152.0638797560088,-4137.868966104231,,1.2621309999958612,ok,
water_jitter_0018,water,train,jitter,reactant_like,0,2,wb97x-d,jun-cc-pvdz,-152.09614402099808,-4138.746921480797,,1.2346305000100983,ok,
water_jitter_0020,water,train,jitter,off_path,0,2,wb97x-d,jun-cc-pvdz,-152.09233997334235,-4138.643408070739,,1.219924599994556,ok,
water_jitter_0021,water,train,jitter,transfer_region,0,2,wb97x-d,jun-cc-pvdz,-151.99016081945373,-4135.862971647987,,1.548042099995655,ok,
water_jitter_0023,water,train,jitter,off_path,0,2,wb97x-d,jun-cc-pvdz,-152.09733984754394,-4138.77946157882,,1.1462584999972023,ok,
formaldehyde_reactant_reference_0000,formaldehyde,train,reactant_reference,reactant_reference,0,2,wb97x-d,jun-cc-pvdz,-114.97804907741674,-3128.712103255751,,1.2146830999990925,ok,
formaldehyde_product_reference_0000,formaldehyde,train,product_reference,product_reference,0,2,wb97x-d,jun-cc-pvdz,-114.99627281082196,-3129.2079963042843,,1.0557170999964,ok,
formaldehyde_grid_0000,formaldehyde,train,grid,off_path,0,2,wb97x-d,jun-cc-pvdz,-114.82852428018639,-3124.6433262449627,,1.284102100005839,ok,
formaldehyde_grid_0001,formaldehyde,train,grid,off_path,0,2,wb97x-d,jun-cc-pvdz,-114.8491532936054,-3125.204670296981,,1.2615037999930792,ok,
formaldehyde_grid_0002,formaldehyde,train,grid,off_path,0,2,wb97x-d,jun-cc-pvdz,-114.9282173269694,-3127.3561122470146,,1.2445239999942714,ok,
formaldehyde_grid_0003,formaldehyde,train,grid,off_path,0,2,wb97x-d,jun-cc-pvdz,-114.94208213535128,-3127.733392903121,,1.2736735000071349,ok,
formaldehyde_grid_0004,formaldehyde,train,grid,off_path,0,2,wb97x-d,jun-cc-pvdz,-114.95021793240265,-3127.9547792191047,,1.2993459999997867,ok,
formaldehyde_grid_0005,formaldehyde,train,grid,reactant_like,0,2,wb97x-d,jun-cc-pvdz,-114.95533916482655,-3128.094135052647,,1.2626556000031997,ok,
formaldehyde_grid_0006,formaldehyde,train,grid,reactant_like,0,2,wb97x-d,jun-cc-pvdz,-114.95879721920198,-3128.1882335059163,,1.3268168000067817,ok,
formaldehyde_grid_0007,formaldehyde,train,grid,reactant_like,0,2,wb97x-d,jun-cc-pvdz,-114.96128243749172,-3128.2558597407037,,1.3203976999939186,ok,
formaldehyde_grid_0008,formaldehyde,train,grid,off_path,0,2,wb97x-d,jun-cc-pvdz,-114.86310342756599,-3125.584272780366,,1.4198771999945166,ok,
formaldehyde_grid_0009,formaldehyde,train,grid,off_path,0,2,wb97x-d,jun-cc-pvdz,-114.88201227337053,-3126.0988086870193,,1.3563538000016706,ok,
formaldehyde_grid_0010,formaldehyde,train,grid,transfer_region,0,2,wb97x-d,jun-cc-pvdz,-114.87987484513843,-3126.0406463018226,,1.3858824000053573,ok,
formaldehyde_grid_0011,formaldehyde,train,grid,transfer_region,0,2,wb97x-d,jun-cc-pvdz,-114.96397656326003,-3128.329170637581,,1.165788500002236,ok,
formaldehyde_grid_0012,formaldehyde,train,grid,transfer_region,0,2,wb97x-d,jun-cc-pvdz,-114.96794650909183,-3128.4371983669853,,1.1865371999883791,ok,
formaldehyde_grid_0013,formaldehyde,train,grid,reactant_like,0,2,wb97x-d,jun-cc-pvdz,-114.97013935470903,-3128.496868736053,,1.290611300006276,ok,
formaldehyde_grid_0014,formaldehyde,train,grid,reactant_like,0,2,wb97x-d,jun-cc-pvdz,-114.9716088930092,-3128.536856910342,,1.2053033000120195,ok,
formaldehyde_grid_0015,formaldehyde,train,grid,reactant_like,0,2,wb97x-d,jun-cc-pvdz,-114.97277360383251,-3128.56855030642,,1.1642474999971455,ok,
formaldehyde_grid_0016,formaldehyde,train,grid,off_path,0,2,wb97x-d,jun-cc-pvdz,-114.92392460625346,-3127.2393013655674,,1.1775280000001658,ok,
formaldehyde_grid_0017,formaldehyde,train,grid,off_path,0,2,wb97x-d,jun-cc-pvdz,-114.95624596559136,-3128.1188103585064,,1.1347167999920202,ok,
formaldehyde_grid_0018,formaldehyde,train,grid,transfer_region,0,2,wb97x-d,jun-cc-pvdz,-114.96731202830671,-3128.4199332652756,,1.1731815000093775,ok,
formaldehyde_grid_0019,formaldehyde,train,grid,transfer_region,0,2,wb97x-d,jun-cc-pvdz,-114.96968588256622,-3128.484529130423,,1.2073937999957707,ok,
formaldehyde_grid_0020,formaldehyde,train,grid,transfer_region,0,2,wb97x-d,jun-cc-pvdz,-114.96908156534673,-3128.4680848211483,,1.1920493000070564,ok,
formaldehyde_grid_0021,formaldehyde,train,grid,off_path,0,2,wb97x-d,jun-cc-pvdz,-114.96794689659396,-3128.4372089114554,,1.1790896000020439,ok,
formaldehyde_grid_0022,formaldehyde,train,grid,off_path,0,2,wb97x-d,jun-cc-pvdz,-114.96713137841425,-3128.415017531277,,1.1793077000038465,ok,
formaldehyde_grid_0023,formaldehyde,train,grid,off_path,0,2,wb97x-d,jun-cc-pvdz,-114.96678840978772,-3128.4056848795103,,1.2428989000036381,ok,
formaldehyde_grid_0024,formaldehyde,train,grid,off_path,0,2,wb97x-d,jun-cc-pvdz,-114.94187447508213,-3127.7277421793287,,1.1814702000119723,ok,
formaldehyde_grid_0025,formaldehyde,train,grid,off_path,0,2,wb97x-d,jun-cc-pvdz,-114.96749578475612,-3128.424933532996,,1.1452778999955626,ok,
formaldehyde_grid_0026,formaldehyde,train,grid,transfer_region,0,2,wb97x-d,jun-cc-pvdz,-114.97230308165877,-3128.555746745813,,1.1881649999995716,ok,
formaldehyde_grid_0027,formaldehyde,train,grid,transfer_region,0,2,wb97x-d,jun-cc-pvdz,-114.96902342495075,-3128.4665027403767,,1.232019399991259,ok,
formaldehyde_grid_0028,formaldehyde,train,grid,transfer_region,0,2,wb97x-d,jun-cc-pvdz,-114.96362665531394,-3128.319649157309,,1.2722403000079794,ok,
formaldehyde_grid_0029,formaldehyde,train,grid,off_path,0,2,wb97x-d,jun-cc-pvdz,-114.9587718289834,-3128.1875426028714,,1.2338558999908855,ok,
formaldehyde_grid_0030,formaldehyde,train,grid,off_path,0,2,wb97x-d,jun-cc-pvdz,-114.9553083266258,-3128.093295902455,,1.2223173000093084,ok,
formaldehyde_grid_0031,formaldehyde,train,grid,off_path,0,2,wb97x-d,jun-cc-pvdz,-114.95320751005782,-3128.0361297713916,,1.2129897999984678,ok,
formaldehyde_grid_0032,formaldehyde,train,grid,product_like,0,2,wb97x-d,jun-cc-pvdz,-114.954845051936,-3128.080689555933,,1.1285238999989815,ok,
formaldehyde_grid_0033,formaldehyde,train,grid,product_like,0,2,wb97x-d,jun-cc-pvdz,-114.9753648196432,-3128.6390608806914,,1.19723880001402,ok,
formaldehyde_grid_0034,formaldehyde,train,grid,transfer_region,0,2,wb97x-d,jun-cc-pvdz,-114.97507871298839,-3128.6312755219997,,1.2328573999984656,ok,
formaldehyde_grid_0035,formaldehyde,train,grid,transfer_region,0,2,wb97x-d,jun-cc-pvdz,-114.96680604253113,-3128.4061646909017,,1.1933195000019623,ok,
formaldehyde_grid_0036,formaldehyde,train,grid,transfer_region,0,2,wb97x-d,jun-cc-pvdz,-114.95673198270433,-3128.132035557889,,1.1528965000034077,ok,
formaldehyde_grid_0037,formaldehyde,train,grid,off_path,0,2,wb97x-d,jun-cc-pvdz,-114.94787471324116,-3127.891016977442,,1.2372396999999182,ok,
formaldehyde_grid_0038,formaldehyde,train,grid,off_path,0,2,wb97x-d,jun-cc-pvdz,-114.94135621594972,-3127.7136396299015,,1.307589599993662,ok,
formaldehyde_grid_0039,formaldehyde,train,grid,off_path,0,2,wb97x-d,jun-cc-pvdz,-114.93715474815764,-3127.599311867011,,1.184986200009007,ok,
formaldehyde_grid_0040,formaldehyde,train,grid,product_like,0,2,wb97x-d,jun-cc-pvdz,-114.96447979440659,-3128.3428642546805,,1.2205417000077432,ok,
formaldehyde_grid_0041,formaldehyde,train,grid,product_like,0,2,wb97x-d,jun-cc-pvdz,-114.9813820130641,-3128.8027970549847,,1.1881897999992361,ok,
formaldehyde_grid_0042,formaldehyde,train,grid,transfer_region,0,2,wb97x-d,jun-cc-pvdz,-114.9772948305803,-3128.69157915376,,1.1496572000032756,ok,
formaldehyde_grid_0043,formaldehyde,train,grid,transfer_region,0,2,wb97x-d,jun-cc-pvdz,-114.96503784645962,-3128.3580496246414,,1.303426699989359,ok,
formaldehyde_grid_0044,formaldehyde,train,grid,transfer_region,0,2,wb97x-d,jun-cc-pvdz,-114.9508589498781,-3127.9722221932193,,1.260385800007498,ok,
formaldehyde_grid_0045,formaldehyde,train,grid,off_path,0,2,wb97x-d,jun-cc-pvdz,-114.93805717773076,-3127.623868226685,,1.2614145999978064,ok,
formaldehyde_grid_0046,formaldehyde,train,grid,off_path,0,2,wb97x-d,jun-cc-pvdz,-114.92818354402671,-3127.3551929663126,,1.2952905999991344,ok,
formaldehyde_grid_0047,formaldehyde,train,grid,off_path,0,2,wb97x-d,jun-cc-pvdz,-114.92147477654133,-3127.1726381030335,,1.3093290999968303,ok,
formaldehyde_grid_0048,formaldehyde,train,grid,product_like,0,2,wb97x-d,jun-cc-pvdz,-114.97158607888207,-3128.5362361063167,,1.227891800008365,ok,
formaldehyde_grid_0049,formaldehyde,train,grid,product_like,0,2,wb97x-d,jun-cc-pvdz,-114.98603602691247,-3128.9294392234065,,1.2247513000038452,ok,
formaldehyde_grid_0050,formaldehyde,train,grid,transfer_region,0,2,wb97x-d,jun-cc-pvdz,-114.97928529750587,-3128.7457425180814,,1.2255098999885377,ok,
formaldehyde_grid_0051,formaldehyde,train,grid,transfer_region,0,2,wb97x-d,jun-cc-pvdz,-114.9641198891132,-3128.3330707327304,,1.2142220999958226,ok,
formaldehyde_grid_0052,formaldehyde,train,grid,transfer_region,0,2,wb97x-d,jun-cc-pvdz,-114.94673700105545,-3127.86005825172,,1.1932761999923969,ok,
formaldehyde_grid_0053,formaldehyde,train,grid,off_path,0,2,wb97x-d,jun-cc-pvdz,-114.93051003928797,-3127.4185001274664,,1.2649798000056762,ok,
formaldehyde_grid_0054,formaldehyde,train,grid,off_path,0,2,wb97x-d,jun-cc-pvdz,-114.9173418619615,-3127.06017576808,,1.3212074000039138,ok,
formaldehyde_grid_0055,formaldehyde,train,grid,off_path,0,2,wb97x-d,jun-cc-pvdz,-114.9078751908582,-3126.8025745242244,,1.2974777000054019,ok,
formaldehyde_grid_0056,formaldehyde,train,grid,product_like,0,2,wb97x-d,jun-cc-pvdz,-114.97670189497009,-3128.6754445538513,,1.159971700006281,ok,
formaldehyde_grid_0057,formaldehyde,train,grid,product_like,0,2,wb97x-d,jun-cc-pvdz,-114.98952106971845,-3129.024272069284,,1.192376199993305,ok,
formaldehyde_grid_0058,formaldehyde,train,grid,transfer_region,0,2,wb97x-d,jun-cc-pvdz,-114.98096664329294,-3128.7914942677066,,1.1945807999873068,ok,
formaldehyde_grid_0059,formaldehyde,train,grid,transfer_region,0,2,wb97x-d,jun-cc-pvdz,-114.96379674693574,-3128.324277586127,,1.2032083999947645,ok,
formaldehyde_grid_0060,formaldehyde,train,grid,transfer_region,0,2,wb97x-d,jun-cc-pvdz,-114.9441281178385,-3127.789066922833,,1.2209906000061892,ok,
formaldehyde_grid_0061,formaldehyde,train,grid,off_path,0,2,wb97x-d,jun-cc-pvdz,-114.92525976124865,-3127.2756327838397,,1.2849323999980697,ok,
formaldehyde_grid_0062,formaldehyde,train,grid,off_path,0,2,wb97x-d,jun-cc-pvdz,-114.9092577702362,-3126.840196425695,,1.3009890999965137,ok,
formaldehyde_grid_0063,formaldehyde,train,grid,off_path,0,2,wb97x-d,jun-cc-pvdz,-114.897175759292,-3126.511428159264,,1.305491199993412,ok,
formaldehyde_jitter_0000,formaldehyde,train,jitter,product_like,0,2,wb97x-d,jun-cc-pvdz,-114.97737835793586,-3128.6938520488943,,1.2127899000042817,ok,
formaldehyde_jitter_0001,formaldehyde,train,jitter,product_like,0,2,wb97x-d,jun-cc-pvdz,-114.98013974879238,-3128.768993322067,,1.2492300999874715,ok,
formaldehyde_jitter_0002,formaldehyde,train,jitter,off_path,0,2,wb97x-d,jun-cc-pvdz,-114.96332363134256,-3128.311403454982,,1.20534790000238,ok,
formaldehyde_jitter_0003,formaldehyde,train,jitter,product_like,0,2,wb97x-d,jun-cc-pvdz,-114.98397394993457,-3128.873327250292,,1.2181891999935033,ok,
formaldehyde_jitter_0004,formaldehyde,train,jitter,product_like,0,2,wb97x-d,jun-cc-pvdz,-114.97784324393093,-3128.706502241266,,1.244360400000005,ok,
formaldehyde_jitter_0005,formaldehyde,train,jitter,product_like,0,2,wb97x-d,jun-cc-pvdz,-114.95649201882618,-3128.125505808116,,1.2106384000071557,ok,
formaldehyde_jitter_0006,formaldehyde,train,jitter,product_like,0,2,wb97x-d,jun-cc-pvdz,-114.96504516474204,-3128.3582487652507,,1.2442518000025302,ok,
formaldehyde_jitter_0007,formaldehyde,train,jitter,off_path,0,2,wb97x-d,jun-cc-pvdz,-114.92550636206043,-3127.2823431337774,,1.2020548000000417,ok,
formaldehyde_jitter_0008,formaldehyde,train,jitter,off_path,0,2,wb97x-d,jun-cc-pvdz,-114.84372808082146,-3125.057042736451,,1.2888670999964233,ok,
formaldehyde_jitter_0009,formaldehyde,train,jitter,off_path,0,2,wb97x-d,jun-cc-pvdz,-114.95116452254368,-3127.9805372490487,,1.286262000008719,ok,
formaldehyde_jitter_0010,formaldehyde,train,jitter,transfer_region,0,2,wb97x-d,jun-cc-pvdz,-114.96867317429563,-3128.4569719345177,,1.2092333000036888,ok,
formaldehyde_jitter_0011,formaldehyde,train,jitter,off_path,0,2,wb97x-d,jun-cc-pvdz,-114.9275099987177,-3127.3368648647547,,1.2138476999971317,ok,
formaldehyde_jitter_0012,formaldehyde,train,jitter,transfer_region,0,2,wb97x-d,jun-cc-pvdz,-114.96738020402613,-3128.4217884211093,,1.2210139999951934,ok,
formaldehyde_jitter_0013,formaldehyde,train,jitter,transfer_region,0,2,wb97x-d,jun-cc-pvdz,-114.94312428820677,-3127.761751326999,,1.2325958000001265,ok,
formaldehyde_jitter_0014,formaldehyde,train,jitter,off_path,0,2,wb97x-d,jun-cc-pvdz,-114.96219753393483,-3128.2807607834698,,1.2866533999913372,ok,
formaldehyde_jitter_0015,formaldehyde,train,jitter,off_path,0,2,wb97x-d,jun-cc-pvdz,-114.93895853048313,-3127.648395284574,,1.2734009000123478,ok,
formaldehyde_jitter_0016,formaldehyde,train,jitter,transfer_region,0,2,wb97x-d,jun-cc-pvdz,-114.96852530048535,-3128.45294808315,,1.2049338999931933,ok,
formaldehyde_jitter_0017,formaldehyde,train,jitter,off_path,0,2,wb97x-d,jun-cc-pvdz,-114.95907546997007,-3128.19580509504,,1.2119342000078177,ok,
formaldehyde_jitter_0018,formaldehyde,train,jitter,transfer_region,0,2,wb97x-d,jun-cc-pvdz,-114.96756260802705,-3128.4267518868314,,1.2245239000039874,ok,
formaldehyde_jitter_0019,formaldehyde,train,jitter,off_path,0,2,wb97x-d,jun-cc-pvdz,-114.93082609777619,-3127.427100517066,,1.34888960000535,ok,
formaldehyde_jitter_0020,formaldehyde,train,jitter,off_path,0,2,wb97x-d,jun-cc-pvdz,-114.96561174919411,-3128.373666313617,,1.1573404999944614,ok,
formaldehyde_jitter_0021,formaldehyde,train,jitter,product_like,0,2,wb97x-d,jun-cc-pvdz,-114.9894431003194,-3129.0221504138513,,1.2033589000056963,ok,
formaldehyde_jitter_0022,formaldehyde,train,jitter,transfer_region,0,2,wb97x-d,jun-cc-pvdz,-114.96330363480118,-3128.310859321371,,1.2482642999966629,ok,
formaldehyde_jitter_0023,formaldehyde,train,jitter,off_path,0,2,wb97x-d,jun-cc-pvdz,-114.95395931837098,-3128.056587517784,,1.343167999992147,ok,
methane_reactant_reference_0000,methane,holdout,reactant_reference,reactant_reference,0,2,wb97x-d,jun-cc-pvdz,-41.00438517431789,-1115.786162757628,,0.7781611000100384,ok,
methane_product_reference_0000,methane,holdout,product_reference,product_reference,0,2,wb97x-d,jun-cc-pvdz,-40.98449463657582,-1115.244913652488,,0.9720715000003111,ok,
methane_grid_0000,methane,holdout,grid,off_path,0,2,wb97x-d,jun-cc-pvdz,-40.88146104111324,-1112.441226690043,,1.0993115000019316,ok,
methane_grid_0001,methane,holdout,grid,off_path,0,2,wb97x-d,jun-cc-pvdz,-40.929265509100745,-1113.742052532735,,1.0980951000092318,ok,
methane_grid_0002,methane,holdout,grid,off_path,0,2,wb97x-d,jun-cc-pvdz,-40.954059942035464,-1114.416743424072,,1.0819975000049453,ok,
methane_grid_0003,methane,holdout,grid,off_path,0,2,wb97x-d,jun-cc-pvdz,-40.967966535572714,-1114.79516111218,,1.0807949000009103,ok,
methane_grid_0004,methane,holdout,grid,off_path,0,2,wb97x-d,jun-cc-pvdz,-40.976422002693255,-1115.0252460938873,,1.089137100003427,ok,
methane_grid_0005,methane,holdout,grid,reactant_like,0,2,wb97x-d,jun-cc-pvdz,-40.98196472758008,-1115.176071321638,,1.1079560999933165,ok,
methane_grid_0006,methane,holdout,grid,reactant_like,0,2,wb97x-d,jun-cc-pvdz,-40.985826071198865,-1115.2811438342771,,1.088062799986801,ok,
methane_grid_0007,methane,holdout,grid,reactant_like,0,2,wb97x-d,jun-cc-pvdz,-40.988632324950196,-1115.3575058890087,,1.0862721000012243,ok,
methane_grid_0008,methane,holdout,grid,off_path,0,2,wb97x-d,jun-cc-pvdz,-40.91745282967069,-1113.4206131501637,,1.0840404000045964,ok,
methane_grid_0009,methane,holdout,grid,off_path,0,2,wb97x-d,jun-cc-pvdz,-40.95742441687737,-1114.50829544851,,1.07903599999554,ok,
methane_grid_0010,methane,holdout,grid,transfer_region,0,2,wb97x-d,jun-cc-pvdz,-40.97579993777151,-1115.0083188450317,,1.1090631999977631,ok,
methane_grid_0011,methane,holdout,grid,transfer_region,0,2,wb97x-d,jun-cc-pvdz,-40.98481413217461,-1115.2536075706307,,1.1036234000057448,ok,
methane_grid_0012,methane,holdout,grid,transfer_region,0,2,wb97x-d,jun-cc-pvdz,-40.98978640471121,-1115.3889099991445,,1.101640100008808,ok,
methane_grid_0013,methane,holdout,grid,reactant_like,0,2,wb97x-d,jun-cc-pvdz,-40.99297017258264,-1115.4755447364114,,1.0933686999924248,ok,
methane_grid_0014,methane,holdout,grid,reactant_like,0,2,wb97x-d,jun-cc-pvdz,-40.995282441075595,-1115.5384647674778,,1.0815597000037087,ok,
methane_grid_0015,methane,holdout,grid,reactant_like,0,2,wb97x-d,jun-cc-pvdz,-40.997085923535245,-1115.587540025275,,1.0502691000001505,ok,
methane_grid_0016,methane,holdout,grid,off_path,0,2,wb97x-d,jun-cc-pvdz,-40.9371052405981,-1113.9553824945745,,1.078321799999685,ok,
methane_grid_0017,methane,holdout,grid,off_path,0,2,wb97x-d,jun-cc-pvdz,-40.969493716730994,-1114.8367178285455,,1.085858799997368,ok,
methane_grid_0018,methane,holdout,grid,transfer_region,0,2,wb97x-d,jun-cc-pvdz,-40.98134227062285,-1115.159133404953,,1.087612999996054,ok,
methane_grid_0019,methane,holdout,grid,transfer_region,0,2,wb97x-d,jun-cc-pvdz,-40.985078030849394,-1115.2607886194,,1.0651057999930345,ok,
methane_grid_0020,methane,holdout,grid,transfer_region,0,2,wb97x-d,jun-cc-pvdz,-40.98610264501627,-1115.288669791248,,1.0727365000057034,ok,
methane_grid_0021,methane,holdout,grid,off_path,0,2,wb97x-d,jun-cc-pvdz,-40.98653246252647,-1115.3003657215334,,1.1351222000084817,ok,
methane_grid_0022,methane,holdout,grid,off_path,0,2,wb97x-d,jun-cc-pvdz,-40.987017807515954,-1115.313572631505,,1.1193696000118507,ok,
methane_grid_0023,methane,holdout,grid,off_path,0,2,wb97x-d,jun-cc-pvdz,-40.987645937036085,-1115.3306649064896,,1.060009100008756,ok,
methane_grid_0024,methane,holdout,grid,off_path,0,2,wb97x-d,jun-cc-pvdz,-40.949011645304864,-1114.2793722718511,,1.0990724000002956,ok,
methane_grid_0025,methane,holdout,grid,off_path,0,2,wb97x-d,jun-cc-pvdz,-40.97482503492219,-1114.9817903870464,,1.0655383999983314,ok,
methane_grid_0026,methane,holdout,grid,transfer_region,0,2,wb97x-d,jun-cc-pvdz,-40.98052785693983,-1115.1369720796606,,1.0899658999987878,ok,
methane_grid_0027,methane,holdout,grid,transfer_region,0,2,wb97x-d,jun-cc-pvdz,-40.978838761294845,-1115.0910094456585,,1.1282624999876134,ok,
methane_grid_0028,methane,holdout,grid,transfer_region,0,2,wb97x-d,jun-cc-pvdz,-40.97548172924122,-1114.999659949807,,1.1297786999930395,ok,
methane_grid_0029,methane,holdout,grid,off_path,0,2,wb97x-d,jun-cc-pvdz,-40.97269487320258,-1114.9238257337277,,1.1494329999986803,ok,
methane_grid_0030,methane,holdout,grid,off_path,0,2,wb97x-d,jun-cc-pvdz,-40.970996315128694,-1114.877605613918,,1.1394950999965658,ok,
methane_grid_0031,methane,holdout,grid,off_path,0,2,wb97x-d,jun-cc-pvdz,-40.97022371872778,-1114.8565821948405,,1.1033651000034297,ok,
methane_grid_0032,methane,holdout,grid,product_like,0,2,wb97x-d,jun-cc-pvdz,-40.95706998582233,-1114.4986508881736,,1.0865389999962645,ok,
methane_grid_0033,methane,holdout,grid,product_like,0,2,wb97x-d,jun-cc-pvdz,-40.977765346285345,-1115.0618003352326,,1.0674698000075296,ok,
methane_grid_0034,methane,holdout,grid,transfer_region,0,2,wb97x-d,jun-cc-pvdz,-40.97822394460942,-1115.0742794313608,,1.1512434000032954,ok,
methane_grid_0035,methane,holdout,grid,transfer_region,0,2,wb97x-d,jun-cc-pvdz,-40.97138166602166,-1114.8880915459065,,1.154094100013026,ok,
methane_grid_0036,methane,holdout,grid,transfer_region,0,2,wb97x-d,jun-cc-pvdz,-40.9633758865254,-1114.6702431878336,,1.1835264000110328,ok,
methane_grid_0037,methane,holdout,grid,off_path,0,2,wb97x-d,jun-cc-pvdz,-40.95686626282137,-1114.4931073029074,,1.1273820000060368,ok,
methane_grid_0038,methane,holdout,grid,off_path,0,2,wb97x-d,jun-cc-pvdz,-40.95250881947483,-1114.3745352289595,,1.1357763999985764,ok,
methane_grid_0039,methane,holdout,grid,off_path,0,2,wb97x-d,jun-cc-pvdz,-40.95000254153067,-1114.3063359317814,,1.1511670999898342,ok,
methane_grid_0040,methane,holdout,grid,product_like,0,2,wb97x-d,jun-cc-pvdz,-40.96286102864669,-1114.6562331912344,,1.0925385000009555,ok,
methane_grid_0041,methane,holdout,grid,product_like,0,2,wb97x-d,jun-cc-pvdz,-40.9799096629275,-1115.120150163616,,1.0959814000088954,ok,
methane_grid_0042,methane,holdout,grid,transfer_region,0,2,wb97x-d,jun-cc-pvdz,-40.97635478032334,-1115.0234168800152,,1.1360990000102902,ok,
methane_grid_0043,methane,holdout,grid,transfer_region,0,2,wb97x-d,jun-cc-pvdz,-40.965168032498724,-1114.719009964123,,1.1239339000021573,ok,
methane_grid_0044,methane,holdout,grid,transfer_region,0,2,wb97x-d,jun-cc-pvdz,-40.9527172760922,-1114.3802076224904,,1.1302389000047697,ok,
methane_grid_0045,methane,holdout,grid,off_path,0,2,wb97x-d,jun-cc-pvdz,-40.942164057346325,-1114.093039911058,,1.2143729000090389,ok,
methane_grid_0046,methane,holdout,grid,off_path,0,2,wb97x-d,jun-cc-pvdz,-40.9346168649754,-1113.88767034438,,1.2036343999934616,ok,
methane_grid_0047,methane,holdout,grid,off_path,0,2,wb97x-d,jun-cc-pvdz,-40.92989419792069,-1113.759160027043,,1.186243000003742,ok,
methane_grid_0048,methane,holdout,grid,product_like,0,2,wb97x-d,jun-cc-pvdz,-40.967040243616566,-1114.7699554239846,,1.0962250999873504,ok,
methane_grid_0049,methane,holdout,grid,product_like,0,2,wb97x-d,jun-cc-pvdz,-40.98162423397309,-1115.1668060185839,,1.0705328999902122,ok,
methane_grid_0050,methane,holdout,grid,transfer_region,0,2,wb97x-d,jun-cc-pvdz,-40.97523850009079,-1114.9930413474485,,1.125204299998586,ok,
methane_grid_0051,methane,holdout,grid,transfer_region,0,2,wb97x-d,jun-cc-pvdz,-40.96079522248469,-1114.600019741851,,1.1253089999954682,ok,
methane_grid_0052,methane,holdout,grid,transfer_region,0,2,wb97x-d,jun-cc-pvdz,-40.944660453076274,-1114.1609702994886,,1.1867539999948349,ok,
methane_grid_0053,methane,holdout,grid,off_path,0,2,wb97x-d,jun-cc-pvdz,-40.930268761094375,-1113.7693524102358,,1.1699840000073891,ok,
methane_grid_0054,methane,holdout,grid,off_path,0,2,wb97x-d,jun-cc-pvdz,-40.919248509122255,-1113.4694760772943,,1.2136958000046434,ok,
methane_grid_0055,methane,holdout,grid,off_path,0,2,wb97x-d,jun-cc-pvdz,-40.91180341641481,-1113.2668847839948,,1.2043737000058172,ok,
methane_grid_0056,methane,holdout,grid,product_like,0,2,wb97x-d,jun-cc-pvdz,-40.969974456651784,-1114.849799428214,,1.074709399996209,ok,
methane_grid_0057,methane,holdout,grid,product_like,0,2,wb97x-d,jun-cc-pvdz,-40.982923862771656,-1115.202170719798,,1.0740684999909718,ok,
methane_grid_0058,methane,holdout,grid,transfer_region,0,2,wb97x-d,jun-cc-pvdz,-40.974625293275245,-1114.976355139942,,1.1320561999891652,ok,
methane_grid_0059,methane,holdout,grid,transfer_region,0,2,wb97x-d,jun-cc-pvdz,-40.95792449376716,-1114.5219032339107,,1.1268087999924319,ok,
methane_grid_0060,methane,holdout,grid,transfer_region,0,2,wb97x-d,jun-cc-pvdz,-40.93908465916911,-1114.0092452178526,,1.1816400999960024,ok,
methane_grid_0061,methane,holdout,grid,off_path,0,2,wb97x-d,jun-cc-pvdz,-40.921559070959965,-1113.5323496679055,,1.170206299997517,ok,
methane_grid_0062,methane,holdout,grid,off_path,0,2,wb97x-d,jun-cc-pvdz,-40.90732386426309,-1113.1449899601853,,1.1576231999933952,ok,
methane_grid_0063,methane,holdout,grid,off_path,0,2,wb97x-d,jun-cc-pvdz,-40.89702942707077,-1112.86486405356,,1.21096569999645,ok,
methane_jitter_0000,methane,holdout,jitter,product_like,0,2,wb97x-d,jun-cc-pvdz,-40.98572542926314,-1115.2784052276916,,1.1573735999991186,ok,
methane_jitter_0001,methane,holdout,jitter,transfer_region,0,2,wb97x-d,jun-cc-pvdz,-40.97863063835629,-1115.085346131991,,1.0841596999962348,ok,
methane_jitter_0002,methane,holdout,jitter,off_path,0,2,wb97x-d,jun-cc-pvdz,-40.9734091208948,-1114.9432614035559,,1.1292110000067623,ok,
methane_jitter_0003,methane,holdout,jitter,reactant_like,0,2,wb97x-d,jun-cc-pvdz,-40.99419286325978,-1115.5088158446865,,1.0793782999971882,ok,
methane_jitter_0004,methane,holdout,jitter,off_path,0,2,wb97x-d,jun-cc-pvdz,-40.9404586618542,-1114.0466337356197,,1.2048371999990195,ok,
methane_jitter_0005,methane,holdout,jitter,off_path,0,2,wb97x-d,jun-cc-pvdz,-40.961480863241796,-1114.6186769773185,,1.2308917999907862,ok,
methane_jitter_0006,methane,holdout,jitter,off_path,0,2,wb97x-d,jun-cc-pvdz,-40.95921118019451,-1114.5569157552627,,1.1123644999897806,ok,
methane_jitter_0007,methane,holdout,jitter,off_path,0,2,wb97x-d,jun-cc-pvdz,-40.926768772410504,-1113.6741128663023,,1.1684155999973882,ok,
methane_jitter_0008,methane,holdout,jitter,product_like,0,2,wb97x-d,jun-cc-pvdz,-40.975928034597736,-1115.011804537247,,1.1484433000005083,ok,
methane_jitter_0009,methane,holdout,jitter,transfer_region,0,2,wb97x-d,jun-cc-pvdz,-40.96314861104443,-1114.6640587069369,,1.1600039000040852,ok,
methane_jitter_0010,methane,holdout,jitter,reactant_like,0,2,wb97x-d,jun-cc-pvdz,-40.993413182283646,-1115.4875996444964,,1.1238411000085762,ok,
methane_jitter_0011,methane,holdout,jitter,off_path,0,2,wb97x-d,jun-cc-pvdz,-40.96655258700276,-1114.7566856115109,,1.1217653999920003,ok,
methane_jitter_0012,methane,holdout,jitter,off_path,0,2,wb97x-d,jun-cc-pvdz,-40.92101136429891,-1113.517445810402,,1.0878603999881307,ok,
methane_jitter_0013,methane,holdout,jitter,off_path,0,2,wb97x-d,jun-cc-pvdz,-40.91895132924401,-1113.4613894008428,,1.1695416000002297,ok,
methane_jitter_0014,methane,holdout,jitter,off_path,0,2,wb97x-d,jun-cc-pvdz,-40.97605991649435,-1115.0153932264745,,1.0913647999987006,ok,
methane_jitter_0015,methane,holdout,jitter,off_path,0,2,wb97x-d,jun-cc-pvdz,-40.97118349114339,-1114.88269893275,,1.1458846000023186,ok,
methane_jitter_0016,methane,holdout,jitter,transfer_region,0,2,wb97x-d,jun-cc-pvdz,-40.98284264397342,-1115.1999606437087,,1.144034199998714,ok,
methane_jitter_0017,methane,holdout,jitter,off_path,0,2,wb97x-d,jun-cc-pvdz,-40.97745426761443,-1115.0533354533657,,1.1274072000087472,ok,
methane_jitter_0018,methane,holdout,jitter,transfer_region,0,2,wb97x-d,jun-cc-pvdz,-40.983933753691915,-1115.2296512516955,,1.0734424000111176,ok,
methane_jitter_0019,methane,holdout,jitter,transfer_region,0,2,wb97x-d,jun-cc-pvdz,-40.95619531350218,-1114.4748498418312,,1.1997368000011193,ok,
methane_jitter_0020,methane,holdout,jitter,transfer_region,0,2,wb97x-d,jun-cc-pvdz,-40.953790053182374,-1114.409399374247,,1.1214766999910353,ok,
methane_jitter_0021,methane,holdout,jitter,off_path,0,2,wb97x-d,jun-cc-pvdz,-40.959928612376814,-1114.5764380794808,,1.1874892999912845,ok,
methane_jitter_0022,methane,holdout,jitter,transfer_region,0,2,wb97x-d,jun-cc-pvdz,-40.981651937243164,-1115.167559862966,,1.0609382999973604,ok,
methane_jitter_0023,methane,holdout,jitter,transfer_region,0,2,wb97x-d,jun-cc-pvdz,-40.97084755280786,-1114.8735575849469,,1.132884799997555,ok,
