geometry_id,system,split,sample_kind,region,donor_distance_angstrom,transfer_distance_angstrom,base_energy_eV,qm_energy_eV,base_reference_eV,qm_reference_eV,base_relative_eV,qm_relative_eV,residual_target_eV,base_force_max_eV_per_angstrom
h3_reactant_reference_0000,h3,train,reactant_reference,reactant_reference,0.74144,5.0,-4.512627573197906,-45.52929561847011,-4.512627573197906,-45.52929561847011,0.0,0.0,0.0,0.0
h3_product_reference_0000,h3,train,product_reference,product_reference,5.0,0.74144,-4.512627573197906,-45.52929561847188,-4.512627573197906,-45.52929561847011,0.0,-1.7692514120426495e-12,-1.7692514120426495e-12,3.552713678800501e-15
h3_grid_0000,h3,train,grid,off_path,0.7,0.7,-1.1803127623669853,-43.63062505890251,-4.512627573197906,-45.52929561847011,3.332314810830921,1.8986705595675986,-1.4336442512633223,1.6830518727720618
h3_grid_0001,h3,train,grid,off_path,0.7,0.8428571429,-1.0625674084445031,-44.41261466223006,-4.512627573197906,-45.52929561847011,3.450060164753403,1.116680956240046,-2.333379208513357,4.373809005623942
h3_grid_0002,h3,train,grid,off_path,0.7,0.9857142857,-1.8551717922829345,-44.770373707212705,-4.512627573197906,-45.52929561847011,2.6574557809149715,0.7589219112574028,-1.8985338696575687,35.141011027277145
h3_grid_0003,h3,train,grid,off_path,0.7,1.1285714286,-4.74826708251535,-44.960198471682574,-4.512627573197906,-45.52929561847011,-0.23563950931744415,0.5690971467875343,0.8047366561049785,7.596322036630713
h3_grid_0004,h3,train,grid,off_path,0.7,1.2714285714,-4.4791563811834925,-45.08093426962749,-4.512627573197906,-45.52929561847011,0.03347119201441373,0.44836134884261725,0.4148901568282035,1.6830518727720618
h3_grid_0005,h3,train,grid,reactant_like,0.7,1.4142857143,-4.4791563811834925,-45.168771140058254,-4.512627573197906,-45.52929561847011,0.03347119201441373,0.360524478411854,0.32705328639744025,1.6830518727720618
h3_grid_0006,h3,train,grid,reactant_like,0.7,1.5571428571,-4.4791563811834925,-45.23665448526603,-4.512627573197906,-45.52929561847011,0.03347119201441373,0.2926411332040786,0.25916994118966485,1.6830518727720618
h3_grid_0007,h3,train,grid,reactant_like,0.7,1.7,-4.4791563811834925,-45.28999699897768,-4.512627573197906,-45.52929561847011,0.03347119201441373,0.23929861949243048,0.20582742747801674,1.6830518727720618
h3_grid_0008,h3,train,grid,off_path,0.8428571429,0.7,-1.0625674084445031,-44.412614662272695,-4.512627573197906,-45.52929561847011,3.450060164753403,1.1166809561974134,-2.3333792085559897,4.373809005623942
h3_grid_0009,h3,train,grid,off_path,0.8428571429,0.8428571429,-0.9448220547910973,-44.98167487319245,-4.512627573197906,-45.52929561847011,3.567805518406809,0.5476207452776549,-3.020184773129154,2.6907571328518802
h3_grid_0010,h3,train,grid,transfer_region,0.8428571429,0.9857142857,-1.7374264383604514,-45.15468164777715,-4.512627573197906,-45.52929561847011,2.775201134837455,0.37461397069295543,-2.4005871641444996,37.83176816012902
h3_grid_0011,h3,train,grid,transfer_region,0.8428571429,1.1285714286,-4.630521729184197,-45.200816896894764,-4.512627573197906,-45.52929561847011,-0.11789415598629116,0.32847872157534397,0.44637287756163513,5.913270151525605
h3_grid_0012,h3,train,grid,off_path,0.8428571429,1.2714285714,-4.36141102726101,-45.22051272756951,-4.512627573197906,-45.52929561847011,0.15121654593689637,0.30878289090059496,0.1575663449636986,2.6907571328518802
h3_grid_0013,h3,train,grid,reactant_like,0.8428571429,1.4142857143,-4.36141102726101,-45.2418556550711,-4.512627573197906,-45.52929561847011,0.15121654593689637,0.28743996339900946,0.13622341746211308,2.6907571328518802
h3_grid_0014,h3,train,grid,reactant_like,0.8428571429,1.5571428571,-4.36141102726101,-45.26747647315519,-4.512627573197906,-45.52929561847011,0.15121654593689637,0.26181914531491657,0.1106025993780202,2.6907571328518802
h3_grid_0015,h3,train,grid,reactant_like,0.8428571429,1.7,-4.36141102726101,-45.29424256681467,-4.512627573197906,-45.52929561847011,0.15121654593689637,0.23505305165544144,0.08383650571854506,2.6907571328518802
h3_grid_0016,h3,train,grid,off_path,0.9857142857,0.7,-1.8551717922829312,-44.7703737072613,-4.512627573197906,-45.52929561847011,2.657455780914975,0.7589219112088088,-1.8985338697061662,35.141011027277116
h3_grid_0017,h3,train,grid,off_path,0.9857142857,0.8428571429,-1.7374264383604485,-45.154681647762914,-4.512627573197906,-45.52929561847011,2.7752011348374577,0.3746139707071947,-2.400587164130263,37.831768160129
h3_grid_0018,h3,train,grid,transfer_region,0.9857142857,0.9857142857,-2.2989807306299275,-45.147986935168355,-4.512627573197906,-45.52929561847011,2.2136468425679787,0.3813086833017536,-1.8323381592662251,27.63275955993688
h3_grid_0019,h3,train,grid,transfer_region,0.9857142857,1.1285714286,-3.748566449407244,-45.03728260099815,-4.512627573197906,-45.52929561847011,0.764061123790662,0.4920130174719617,-0.27204810631870036,19.93017235496518
h3_grid_0020,h3,train,grid,off_path,0.9857142857,1.2714285714,-3.3247077827859117,-44.93682117240001,-4.512627573197906,-45.52929561847011,1.1879197904119945,0.5924744460700992,-0.5954453443418952,19.66642647797145
h3_grid_0021,h3,train,grid,off_path,0.9857142857,1.4142857143,-3.3247077827859117,-44.87569354882653,-4.512627573197906,-45.52929561847011,1.1879197904119945,0.6536020696435756,-0.5343177207684189,19.66642647797145
h3_grid_0022,h3,train,grid,off_path,0.9857142857,1.5571428571,-3.3247077827859117,-44.84887491355596,-4.512627573197906,-45.52929561847011,1.1879197904119945,0.6804207049141482,-0.5074990854978463,19.66642647797145
h3_grid_0023,h3,train,grid,off_path,0.9857142857,1.7,-3.3247077827859117,-44.843622871504586,-4.512627573197906,-45.52929561847011,1.1879197904119945,0.6856727469655226,-0.5022470434464719,19.66642647797145
h3_grid_0024,h3,train,grid,off_path,1.1285714286,0.7,-4.748267082515355,-44.960198471621005,-4.512627573197906,-45.52929561847011,-0.2356395093174486,0.5690971468491028,0.8047366561665514,7.596322036630678
h3_grid_0025,h3,train,grid,off_path,1.1285714286,0.8428571429,-4.630521728861947,-45.20081689694148,-4.512627573197906,-45.52929561847011,-0.11789415566404049,0.3284787215286258,0.4463728771926663,5.9132701638586305
h3_grid_0026,h3,train,grid,transfer_region,1.1285714286,0.9857142857,-3.748566449407246,-45.03728260099474,-4.512627573197906,-45.52929561847011,0.7640611237906603,0.4920130174753652,-0.2720481063152951,19.93017235496516
h3_grid_0027,h3,train,grid,transfer_region,1.1285714286,1.1285714286,-0.7509697950822429,-44.769410048056045,-4.512627573197906,-45.52929561847011,3.761657778115663,0.7598855704140632,-3.0017722077016,12.966286127903608
h3_grid_0028,h3,train,grid,off_path,1.1285714286,1.2714285714,-0.3753260149596572,-44.53230601695344,-4.512627573197906,-45.52929561847011,4.137301558238249,0.9969896015166668,-3.1403119567215825,12.951113315507849
h3_grid_0029,h3,train,grid,off_path,1.1285714286,1.4142857143,-0.3753260149596572,-44.36926924669955,-4.512627573197906,-45.52929561847011,4.137301558238249,1.160026371770556,-2.9772751864676934,12.951113315507849
h3_grid_0030,h3,train,grid,off_path,1.1285714286,1.5571428571,-0.3753260149596572,-44.27540606523688,-4.512627573197906,-45.52929561847011,4.137301558238249,1.253889553233229,-2.8834120050050203,12.951113315507849
h3_grid_0031,h3,train,grid,off_path,1.1285714286,1.7,-0.3753260149596572,-44.22953914240107,-4.512627573197906,-45.52929561847011,4.137301558238249,1.2997564760690352,-2.837545082169214,12.951113315507849
h3_grid_0032,h3,train,grid,off_path,1.2714285714,0.7,-4.4791563811834925,-45.08093426960012,-4.512627573197906,-45.52929561847011,0.03347119201441373,0.44836134886998735,0.4148901568555736,1.6830518727720618
h3_grid_0033,h3,train,grid,off_path,1.2714285714,0.8428571429,-4.361411027261012,-45.220512727568895,-4.512627573197906,-45.52929561847011,0.1512165459368946,0.30878289090121314,0.15756634496431854,2.6907571328518802
h3_grid_0034,h3,train,grid,transfer_region,1.2714285714,0.9857142857,-3.3247077827859153,-44.936821172399064,-4.512627573197906,-45.52929561847011,1.187919790411991,0.5924744460710443,-0.5954453443409466,19.666426477971438
h3_grid_0035,h3,train,grid,transfer_region,1.2714285714,1.1285714286,-0.3753260149596572,-44.532306016949676,-4.512627573197906,-45.52929561847011,4.137301558238249,0.9969896015204327,-3.1403119567178166,12.951113315507849
h3_grid_0036,h3,train,grid,off_path,1.2714285714,1.2714285714,0.0,-44.15668817449597,-4.512627573197906,-45.52929561847011,4.512627573197906,1.3726074439741396,-3.1400201292237666,0.0
h3_grid_0037,h3,train,grid,off_path,1.2714285714,1.4142857143,0.0,-43.87476521238655,-4.512627573197906,-45.52929561847011,4.512627573197906,1.654530406083559,-2.858097167114347,0.0
h3_grid_0038,h3,train,grid,off_path,1.2714285714,1.5571428571,0.0,-43.69391040885131,-4.512627573197906,-45.52929561847011,4.512627573197906,1.8353852096187993,-2.677242363579107,0.0
h3_grid_0039,h3,train,grid,off_path,1.2714285714,1.7,0.0,-43.59221711990425,-4.512627573197906,-45.52929561847011,4.512627573197906,1.9370784985658602,-2.575549074632046,0.0
h3_grid_0040,h3,train,grid,off_path,1.4142857143,0.7,-4.479156381183492,-45.16877113997983,-4.512627573197906,-45.52929561847011,0.03347119201441462,0.3605244784902766,0.32705328647586196,1.6830518727720725
h3_grid_0041,h3,train,grid,off_path,1.4142857143,0.8428571429,-4.361411027530087,-45.241855655254554,-4.512627573197906,-45.52929561847011,0.15121654566781917,0.28743996321555443,0.13622341754773526,2.6907571309943314
h3_grid_0042,h3,train,grid,transfer_region,1.4142857143,0.9857142857,-3.3247077827859153,-44.87569354881899,-4.512627573197906,-45.52929561847011,1.187919790411991,0.6536020696511216,-0.5343177207608694,19.666426477971438
h3_grid_0043,h3,train,grid,transfer_region,1.4142857143,1.1285714286,-0.3753260149596572,-44.36926924669831,-4.512627573197906,-45.52929561847011,4.137301558238249,1.1600263717717993,-2.97727518646645,12.951113315507849
h3_grid_0044,h3,train,grid,off_path,1.4142857143,1.2714285714,0.0,-43.87476521238506,-4.512627573197906,-45.52929561847011,4.512627573197906,1.6545304060850512,-2.858097167112855,0.0
h3_grid_0045,h3,train,grid,off_path,1.4142857143,1.4142857143,0.0,-43.47344696315286,-4.512627573197906,-45.52929561847011,4.512627573197906,2.0558486553172486,-2.4567789178806576,0.0
h3_grid_0046,h3,train,grid,off_path,1.4142857143,1.5571428571,0.0,-43.191346725794375,-4.512627573197906,-45.52929561847011,4.512627573197906,2.3379488926757332,-2.174678680522173,0.0
h3_grid_0047,h3,train,grid,off_path,1.4142857143,1.7,0.0,-43.01464195522667,-4.512627573197906,-45.52929561847011,4.512627573197906,2.514653663243436,-1.99797390995447,0.0
h3_grid_0048,h3,train,grid,product_like,1.5571428571,0.7,-4.479156381183492,-45.23665448516853,-4.512627573197906,-45.52929561847011,0.03347119201441462,0.29264113330157926,0.25916994128716464,1.6830518727720725
h3_grid_0049,h3,train,grid,product_like,1.5571428571,0.8428571429,-4.361411027261012,-45.2674764731511,-4.512627573197906,-45.52929561847011,0.1512165459368946,0.2618191453190093,0.1106025993821147,2.6907571328518802
h3_grid_0050,h3,train,grid,transfer_region,1.5571428571,0.9857142857,-3.324707780819271,-44.84887491319777,-4.512627573197906,-45.52929561847011,1.187919792378635,0.6804207052723399,-0.5074990871062952,19.666426493049894
h3_grid_0051,h3,train,grid,transfer_region,1.5571428571,1.1285714286,-0.3753260149596572,-44.27540606523289,-4.512627573197906,-45.52929561847011,4.137301558238249,1.2538895532372152,-2.883412005001034,12.951113315507849
h3_grid_0052,h3,train,grid,off_path,1.5571428571,1.2714285714,0.0,-43.693910408558835,-4.512627573197906,-45.52929561847011,4.512627573197906,1.8353852099112729,-2.6772423632866333,0.0
h3_grid_0053,h3,train,grid,off_path,1.5571428571,1.4142857143,0.0,-43.191346725794595,-4.512627573197906,-45.52929561847011,4.512627573197906,2.337948892675513,-2.174678680522393,0.0
h3_grid_0054,h3,train,grid,off_path,1.5571428571,1.5571428571,0.0,-42.81291089554208,-4.512627573197906,-45.52929561847011,4.512627573197906,2.7163847229280265,-1.7962428502698797,0.0
h3_grid_0055,h3,train,grid,off_path,1.5571428571,1.7,0.0,-42.55673483808171,-4.512627573197906,-45.52929561847011,4.512627573197906,2.972560780388399,-1.5400667928095073,0.0
h3_grid_0056,h3,train,grid,product_like,1.7,0.7,-4.4791563811834925,-45.2899969990326,-4.512627573197906,-45.52929561847011,0.03347119201441373,0.23929861943750552,0.2058274274230918,1.6830518727720618
h3_grid_0057,h3,train,grid,product_like,1.7,0.8428571429,-4.36141102726101,-45.29424256682348,-4.512627573197906,-45.52929561847011,0.15121654593689637,0.2350530516466307,0.08383650570973433,2.6907571328518802
h3_grid_0058,h3,train,grid,transfer_region,1.7,0.9857142857,-3.3247077827859104,-44.84362287150494,-4.512627573197906,-45.52929561847011,1.1879197904119958,0.6856727469651673,-0.5022470434468285,19.66642647797147
h3_grid_0059,h3,train,grid,transfer_region,1.7,1.1285714286,-0.37532601495965395,-44.22953914239992,-4.512627573197906,-45.52929561847011,4.137301558238252,1.2997564760701863,-2.8375450821680657,12.951113315507794
h3_grid_0060,h3,train,grid,off_path,1.7,1.2714285714,0.0,-43.59221711990438,-4.512627573197906,-45.52929561847011,4.512627573197906,1.9370784985657252,-2.575549074632181,0.0
h3_grid_0061,h3,train,grid,off_path,1.7,1.4142857143,0.0,-43.01464195522678,-4.512627573197906,-45.52929561847011,4.512627573197906,2.5146536632433296,-1.9979739099545766,0.0
h3_grid_0062,h3,train,grid,off_path,1.7,1.5571428571,0.0,-42.55673483808247,-4.512627573197906,-45.52929561847011,4.512627573197906,2.9725607803876386,-1.5400667928102676,0.0
h3_grid_0063,h3,train,grid,off_path,1.7,1.7,0.0,-42.233901567563464,-4.512627573197906,-45.52929561847011,4.512627573197906,3.295394050906644,-1.217233522291262,0.0
h3_jitter_0000,h3,train,jitter,reactant_like,0.7876250195,1.4518423924,-4.477711356966941,-45.30224697921182,-4.512627573197906,-45.52929561847011,0.034916216230965524,0.22704863925828533,0.1921324230273198,1.4434738695955414
h3_jitter_0001,h3,train,jitter,transfer_region,1.2230785277,1.1382812179,-0.2596652074071462,-44.58055772273825,-4.512627573197906,-45.52929561847011,4.25296236579076,0.9487378957318597,-3.3042244700589,10.855236189374292
h3_jitter_0002,h3,train,jitter,transfer_region,1.5921208834,1.1853740684,-9.366439078419818e-05,-44.01876339824393,-4.512627573197906,-45.52929561847011,4.512533908807122,1.5105322202261817,-3.0020016885809406,0.20157964658385438
h3_jitter_0003,h3,train,jitter,off_path,1.4389615163,1.3368583982,0.0,-43.62976964705851,-4.512627573197906,-45.52929561847011,4.512627573197906,1.8995259714115988,-2.6131016017863073,0.0
h3_jitter_0004,h3,train,jitter,off_path,1.2506116128,1.5572299558,0.0,-43.775308858882525,-4.512627573197906,-45.52929561847011,4.512627573197906,1.7539867595875833,-2.758640813610323,0.0
h3_jitter_0005,h3,train,jitter,off_path,1.6468505437,1.3642899479,0.0,-43.25141615142198,-4.512627573197906,-45.52929561847011,4.512627573197906,2.2778794670481304,-2.234748106149776,0.0
h3_jitter_0006,h3,train,jitter,off_path,1.6718736938,1.5502963514,0.0,-42.616806216876206,-4.512627573197906,-45.52929561847011,4.512627573197906,2.912489401593902,-1.6001381716040042,0.0
h3_jitter_0007,h3,train,jitter,transfer_region,0.7580794525,1.2133219103,-4.50782342012962,-45.18923916054948,-4.512627573197906,-45.52929561847011,0.004804153068286077,0.34005645792063177,0.3352523048523457,0.5679166343928301
h3_jitter_0008,h3,train,jitter,reactant_like,0.80222518,1.6271003067,-4.4538510393215685,-45.34115831927065,-4.512627573197906,-45.52929561847011,0.058776533876337744,0.18813729919946098,0.12936076532312324,1.8190991367768274
h3_jitter_0009,h3,train,jitter,product_like,1.4852595124,0.8350791487,-4.381767350235258,-45.266776866360416,-4.512627573197906,-45.52929561847011,0.13086022296264854,0.2625187521096919,0.13165852914704335,2.542218837643537
h3_jitter_0010,h3,train,jitter,off_path,0.7257756341,1.0381119726,-3.8137945886620943,-44.96263437731891,-4.512627573197906,-45.52929561847011,0.6988329845358119,0.5666612411511949,-0.132171743384617,32.03388351134751
h3_jitter_0011,h3,train,jitter,off_path,1.2371748947,1.2523812419,0.0,-44.28064279519583,-4.512627573197906,-45.52929561847011,4.512627573197906,1.248652823274277,-3.263974749923629,0.0
h3_jitter_0012,h3,train,jitter,off_path,0.9674889088,1.2992509053,-3.6540722106602765,-44.97162119298914,-4.512627573197906,-45.52929561847011,0.8585553625376297,0.5576744254809682,-0.3008809370566614,16.24688850609096
h3_jitter_0013,h3,train,jitter,transfer_region,1.6306707845,1.020834935,-2.5653678539597347,-44.70519308972228,-4.512627573197906,-45.52929561847011,1.9472597192381715,0.8241025287478294,-1.1231571904903421,22.95510937426162
h3_jitter_0014,h3,train,jitter,off_path,1.0826675896,1.4946280189,-1.1639910478442248,-44.49074864417511,-4.512627573197906,-45.52929561847011,3.3486365253536814,1.038546974294995,-2.3100895510586863,20.696249442856768
h3_jitter_0015,h3,train,jitter,off_path,1.3940009406,1.3557365062,0.0,-43.667030948461026,-4.512627573197906,-45.52929561847011,4.512627573197906,1.8622646700090826,-2.6503629031888236,0.0
h3_jitter_0016,h3,train,jitter,transfer_region,1.2639751014,1.1501564411,-0.14654046513254734,-44.48295974717866,-4.512627573197906,-45.52929561847011,4.366087108065359,1.046335871291447,-3.3197512367739117,8.182134530588854
h3_jitter_0017,h3,train,jitter,transfer_region,1.6405606367,1.2055768333,0.0,-43.90743524615949,-4.512627573197906,-45.52929561847011,4.512627573197906,1.6218603723106213,-2.890767200887285,0.0
h3_jitter_0018,h3,train,jitter,transfer_region,1.2861261402,1.1412018503,-0.22890648671851305,-44.47495114274062,-4.512627573197906,-45.52929561847011,4.283721086479393,1.0543444757294864,-3.229376610749907,10.206642634104824
h3_jitter_0019,h3,train,jitter,off_path,1.4212309142,0.7444735966,-4.512463515728782,-45.27068723791593,-4.512627573197906,-45.52929561847011,0.00016405746912440122,0.258608380554179,0.2584443230850546,0.10783363719145456
h3_jitter_0020,h3,train,jitter,off_path,1.1805312334,1.3166491987,-0.0036338307189294743,-44.312872473359086,-4.512627573197906,-45.52929561847011,4.508993742478976,1.2164231451110226,-3.2925705973679538,1.2637823889639417
h3_jitter_0021,h3,train,jitter,transfer_region,1.5390874696,0.9456108861,-3.9478212504581576,-44.99115600854472,-4.512627573197906,-45.52929561847011,0.5648063227397486,0.5381396099253877,-0.02666671281436095,10.275864223119182
h3_jitter_0022,h3,train,jitter,transfer_region,0.8979043689,1.1834997506,-4.189449904177617,-45.15371254116616,-4.512627573197906,-45.52929561847011,0.3231776690202892,0.3755830773039506,0.05240540828366136,3.5294557666376942
h3_jitter_0023,h3,train,jitter,transfer_region,1.1292056095,1.1349403129,-0.6645361095337303,-44.75639279987534,-4.512627573197906,-45.52929561847011,3.8480914636641756,0.7729028185947655,-3.07518864506941,12.828340245588565
water_reactant_reference_0000,water,train,reactant_reference,reactant_reference,0.96,5.0,-15.151074770159095,-4139.1192280184405,-15.151074770159095,-4139.1192280184405,0.0,0.0,0.0,1.6767316312345555
water_product_reference_0000,water,train,product_reference,product_reference,5.0,0.96,-15.151074770159095,-4139.119228018615,-15.151074770159095,-4139.1192280184405,0.0,-1.7462298274040222e-10,-1.7462298274040222e-10,1.6767316312345568
water_grid_0004,water,train,grid,reactant_like,0.9,1.4142857143,-14.853512021471428,-4138.089917918205,-15.151074770159095,-4139.1192280184405,0.2975627486876675,1.029310100235307,0.7317473515476394,16.274230619072142
water_grid_0005,water,train,grid,reactant_like,0.9,1.5428571429,-15.188998594541788,-4138.433070764646,-15.151074770159095,-4139.1192280184405,-0.03792382438269293,0.6861572537945904,0.7240810781772833,2.517050313852128
water_grid_0006,water,train,grid,reactant_like,0.9,1.6714285714,-15.188998594541788,-4138.646576711943,-15.151074770159095,-4139.1192280184405,-0.03792382438269293,0.4726513064970277,0.5105751308797206,2.517050313852128
water_grid_0007,water,train,grid,reactant_like,0.9,1.8,-15.188998594541788,-4138.776013879011,-15.151074770159095,-4139.1192280184405,-0.03792382438269293,0.34321413942961954,0.38113796381231246,2.517050313852128
water_grid_0010,water,train,grid,transfer_region,1.0285714286,1.1571428571,-8.24270540383538,-4138.120600095372,-15.151074770159095,-4139.1192280184405,6.908369366323715,0.9986279230688524,-5.9097414432548625,38.710243117000836
water_grid_0011,water,train,grid,off_path,1.0285714286,1.2857142857,-12.233231401462328,-4138.44431270433,-15.151074770159095,-4139.1192280184405,2.917843368696767,0.6749153141108764,-2.2429280545858905,33.84789401578268
water_grid_0012,water,train,grid,reactant_like,1.0285714286,1.4142857143,-15.17274752137547,-4138.5427921143555,-15.151074770159095,-4139.1192280184405,-0.02167275121637502,0.576435904084974,0.598108655301349,8.809779454758386
water_grid_0013,water,train,grid,reactant_like,1.0285714286,1.5428571429,-15.039030186499849,-4138.779486295036,-15.151074770159095,-4139.1192280184405,0.1120445836592463,0.3397417234045861,0.22769713974533978,4.121722291126234
water_grid_0014,water,train,grid,reactant_like,1.0285714286,1.6714285714,-15.039030186499849,-4138.931157224258,-15.151074770159095,-4139.1192280184405,0.1120445836592463,0.18807079418274952,0.07602621052350322,4.121722291126234
water_grid_0015,water,train,grid,reactant_like,1.0285714286,1.8,-15.039030186499849,-4139.022465707108,-15.151074770159095,-4139.1192280184405,0.1120445836592463,0.09676231133289548,-0.015282272326350821,4.121722291126234
water_grid_0017,water,train,grid,transfer_region,1.1571428571,1.0285714286,-8.24270540383538,-4138.12060009671,-15.151074770159095,-4139.1192280184405,6.908369366323715,0.9986279217300762,-5.909741444593639,38.710243117000836
water_grid_0018,water,train,grid,transfer_region,1.1571428571,1.1571428571,-10.746926924146136,-4138.400778268322,-15.151074770159095,-4139.1192280184405,4.404147846012959,0.7184497501184524,-3.685698095894507,2.2740619801277324
water_grid_0019,water,train,grid,transfer_region,1.1571428571,1.2857142857,-11.866444696049607,-4138.465000460622,-15.151074770159095,-4139.1192280184405,3.2846300741094883,0.6542275578185581,-2.63040251629093,32.754547008312045
water_grid_0020,water,train,grid,off_path,1.1571428571,1.4142857143,-14.6428166085622,-4138.368001012006,-15.151074770159095,-4139.1192280184405,0.5082581615968955,0.7512270064344193,0.2429688448375238,11.182344867533514
water_grid_0021,water,train,grid,off_path,1.1571428571,1.5428571429,-14.50909927368658,-4138.508184795347,-15.151074770159095,-4139.1192280184405,0.6419754964725151,0.6110432230934748,-0.030932273379040254,6.4851831549437335
water_grid_0022,water,train,grid,off_path,1.1571428571,1.6714285714,-14.50909927368658,-4138.605151041753,-15.151074770159095,-4139.1192280184405,0.6419754964725151,0.5140769766876474,-0.12789851978486766,6.4851831549437335
water_grid_0023,water,train,grid,off_path,1.1571428571,1.8,-14.509099273686582,-4138.661814556846,-15.151074770159095,-4139.1192280184405,0.6419754964725133,0.4574134615941148,-0.1845620348783985,6.4851831549437335
water_grid_0025,water,train,grid,off_path,1.2857142857,1.0285714286,-12.233231401462326,-4138.4443127078075,-15.151074770159095,-4139.1192280184405,2.9178433686967686,0.6749153106329686,-2.2429280580638,33.847894015782686
water_grid_0026,water,train,grid,transfer_region,1.2857142857,1.1571428571,-11.866444692780394,-4138.4650004611985,-15.151074770159095,-4139.1192280184405,3.2846300773787007,0.6542275572419385,-2.6304025201367622,32.754546993565064
water_grid_0027,water,train,grid,transfer_region,1.2857142857,1.2857142857,-12.446401243867573,-4138.0497913926965,-15.151074770159095,-4139.1192280184405,2.704673526291522,1.069436625743947,-1.635236900547575,18.494042682234177
water_grid_0028,water,train,grid,transfer_region,1.2857142857,1.4142857143,-13.90309838261875,-4137.948337062385,-15.151074770159095,-4139.1192280184405,1.2479763875403442,1.1708909560557004,-0.07708543148464386,10.657940086158737
water_grid_0029,water,train,grid,off_path,1.2857142857,1.5428571429,-13.100613293059812,-4137.98871271938,-15.151074770159095,-4139.1192280184405,2.050461477099283,1.1305152990607894,-0.9199461780384937,19.757384152702365
water_grid_0030,water,train,grid,off_path,1.2857142857,1.6714285714,-13.100613293059814,-4138.038121489723,-15.151074770159095,-4139.1192280184405,2.0504614770992813,1.0811065287171004,-0.9693549483821808,19.757384152702365
water_grid_0031,water,train,grid,off_path,1.2857142857,1.8,-13.100613293059812,-4138.064115393195,-15.151074770159095,-4139.1192280184405,2.050461477099283,1.0551126252457834,-0.9953488518534996,19.757384152702365
water_grid_0032,water,train,grid,product_like,1.4142857143,0.9,-14.85351202147143,-4138.0899179192,-15.151074770159095,-4139.1192280184405,0.29756274868766575,1.0293100992403197,0.7317473505526539,16.274230619072146
water_grid_0033,water,train,grid,product_like,1.4142857143,1.0285714286,-15.172747521375468,-4138.542792115144,-15.151074770159095,-4139.1192280184405,-0.021672751216373243,0.5764359032964421,0.5981086545128154,8.809779454758326
water_grid_0034,water,train,grid,off_path,1.4142857143,1.1571428571,-14.642816608562201,-4138.3680010123435,-15.151074770159095,-4139.1192280184405,0.5082581615968937,0.7512270060969968,0.24296884450010303,11.182344867533455
water_grid_0035,water,train,grid,transfer_region,1.4142857143,1.2857142857,-13.90309838261875,-4137.94833706382,-15.151074770159095,-4139.1192280184405,1.2479763875403442,1.1708909546205177,-0.0770854329198265,10.657940086158732
water_grid_0036,water,train,grid,transfer_region,1.4142857143,1.4142857143,-11.856228841142888,-4137.5201746464745,-15.151074770159095,-4139.1192280184405,3.2948459290162067,1.5990533719659652,-1.6957925570502415,13.335678121512741
water_grid_0037,water,train,grid,transfer_region,1.4142857143,1.5428571429,-11.043303081941977,-4137.390117331191,-15.151074770159095,-4139.1192280184405,4.1077716882171185,1.7291106872498858,-2.3786610009672327,11.992044409595257
water_grid_0038,water,train,grid,off_path,1.4142857143,1.6714285714,-11.043303081941975,-4137.398416624836,-15.151074770159095,-4139.1192280184405,4.10777168821712,1.7208113936048903,-2.38696029461223,11.992044409595257
water_grid_0039,water,train,grid,off_path,1.4142857143,1.8,-11.043303081941975,-4137.397873895968,-15.151074770159095,-4139.1192280184405,4.10777168821712,1.7213541224728033,-2.386417565744317,11.992044409595257
water_grid_0040,water,train,grid,product_like,1.5428571429,0.9,-15.18899859454179,-4138.43307076435,-15.151074770159095,-4139.1192280184405,-0.037923824382694704,0.6861572540901761,0.7240810784728708,2.5170503138521285
water_grid_0041,water,train,grid,product_like,1.5428571429,1.0285714286,-15.039030186768693,-4138.779486294431,-15.151074770159095,-4139.1192280184405,0.1120445833904018,0.33974172400940006,0.22769714061899826,4.1217222881851185
water_grid_0042,water,train,grid,off_path,1.5428571429,1.1571428571,-14.509099273686578,-4138.508184794511,-15.151074770159095,-4139.1192280184405,0.6419754964725168,0.6110432239293004,-0.0309322725432164,6.48518315494374
water_grid_0043,water,train,grid,off_path,1.5428571429,1.2857142857,-13.100613293059807,-4137.988712719485,-15.151074770159095,-4139.1192280184405,2.0504614770992884,1.130515298955288,-0.9199461781440004,19.75738415270236
water_grid_0044,water,train,grid,transfer_region,1.5428571429,1.4142857143,-11.04330308314103,-4137.390117331954,-15.151074770159095,-4139.1192280184405,4.107771687018065,1.7291106864868198,-2.3786610005312454,11.99204441851703
water_grid_0045,water,train,grid,transfer_region,1.5428571429,1.5428571429,-10.313867233248688,-4136.78165821587,-15.151074770159095,-4139.1192280184405,4.837207536910407,2.337569802570215,-2.499637734340192,1.8515393662710265e-09
water_grid_0046,water,train,grid,transfer_region,1.5428571429,1.6714285714,-10.313867233248688,-4136.762508262919,-15.151074770159095,-4139.1192280184405,4.837207536910407,2.356719755521226,-2.480487781389181,1.8515393662710265e-09
water_grid_0047,water,train,grid,off_path,1.5428571429,1.8,-10.313867233248688,-4136.739473184402,-15.151074770159095,-4139.1192280184405,4.837207536910407,2.379754834038067,-2.45745270287234,1.8515393662710265e-09
water_grid_0048,water,train,grid,product_like,1.6714285714,0.9,-15.18899859454179,-4138.646576710293,-15.151074770159095,-4139.1192280184405,-0.037923824382694704,0.4726513081477606,0.5105751325304553,2.5170503138521285
water_grid_0049,water,train,grid,product_like,1.6714285714,1.0285714286,-15.039030186499847,-4138.931157223377,-15.151074770159095,-4139.1192280184405,0.11204458365924808,0.1880707950631404,0.07602621140389232,4.121722291126239
water_grid_0050,water,train,grid,off_path,1.6714285714,1.1571428571,-14.509099273175508,-4138.605151041738,-15.151074770159095,-4139.1192280184405,0.6419754969835871,0.5140769767021993,-0.12789852028138782,6.485183155885479
water_grid_0051,water,train,grid,off_path,1.6714285714,1.2857142857,-13.100613293177346,-4138.03812149128,-15.151074770159095,-4139.1192280184405,2.0504614769817486,1.0811065271600455,-0.9693549498217031,19.757384152576265
water_grid_0052,water,train,grid,off_path,1.6714285714,1.4142857143,-11.043303081941975,-4137.398416624173,-15.151074770159095,-4139.1192280184405,4.10777168821712,1.720811394267912,-2.3869602939492083,11.992044409595257
water_grid_0053,water,train,grid,transfer_region,1.6714285714,1.5428571429,-10.313867233248688,-4136.762508263867,-15.151074770159095,-4139.1192280184405,4.837207536910407,2.3567197545735326,-2.4804877823368745,1.8515393662710265e-09
water_grid_0054,water,train,grid,transfer_region,1.6714285714,1.6714285714,-10.313867233248688,-4135.979917936518,-15.151074770159095,-4139.1192280184405,4.837207536910407,3.1393100819223037,-1.6978974549881034,1.8515393662710265e-09
water_grid_0055,water,train,grid,transfer_region,1.6714285714,1.8,-10.313867233248688,-4136.122367286121,-15.151074770159095,-4139.1192280184405,4.837207536910407,2.996860732319874,-1.8403468045905331,1.8515393662710269e-09
water_grid_0056,water,train,grid,product_like,1.8,0.9,-15.18899859454179,-4138.776013880772,-15.151074770159095,-4139.1192280184405,-0.037923824382694704,0.3432141376688378,0.3811379620515325,2.5170503138521214
water_grid_0057,water,train,grid,product_like,1.8,1.0285714286,-15.03903018649985,-4139.0224657081635,-15.151074770159095,-4139.1192280184405,0.11204458365924452,0.09676231027697213,-0.015282273382272393,4.1217222911262335
water_grid_0058,water,train,grid,off_path,1.8,1.1571428571,-14.50909927381916,-4138.661814556958,-15.151074770159095,-4139.1192280184405,0.6419754963399349,0.45741346148224693,-0.18456203485768796,6.485183154295535
water_grid_0059,water,train,grid,off_path,1.8,1.2857142857,-13.100613293059812,-4138.064115393474,-15.151074770159095,-4139.1192280184405,2.050461477099283,1.0551126249665685,-0.9953488521327145,19.757384152702365
water_grid_0060,water,train,grid,off_path,1.8,1.4142857143,-11.043303081941975,-4137.397873896547,-15.151074770159095,-4139.1192280184405,4.10777168821712,1.7213541218934552,-2.386417566323665,11.992044409595282
water_grid_0061,water,train,grid,off_path,1.8,1.5428571429,-10.313867233248688,-4136.739473185366,-15.151074770159095,-4139.1192280184405,4.837207536910407,2.3797548330749123,-2.4574527038354947,1.8515393662710265e-09
water_grid_0062,water,train,grid,transfer_region,1.8,1.6714285714,-10.313867233248688,-4136.122367285308,-15.151074770159095,-4139.1192280184405,4.837207536910407,2.9968607331320527,-1.8403468037783544,1.8515393662710269e-09
water_grid_0063,water,train,grid,transfer_region,1.8,1.8,-10.313867233248688,-4135.186969004227,-15.151074770159095,-4139.1192280184405,4.837207536910407,3.9322590142137415,-0.9049485226966656,1.8515393662710265e-09
water_jitter_0000,water,train,jitter,off_path,1.4351976501,1.7333201415,-10.77380401965588,-4137.19719667874,-15.151074770159095,-4139.1192280184405,4.3772707505032145,1.9220313397008795,-2.455239410802335,10.312141615895577
water_jitter_0002,water,train,jitter,off_path,1.7394911386,1.4242949701,-10.888844232190456,-4137.284098687613,-15.151074770159095,-4139.1192280184405,4.262230537968639,1.83512933082784,-2.427101207140799,11.110452522417544
water_jitter_0003,water,train,jitter,off_path,1.2951182984,1.0325329128,-12.478334616505911,-4138.31763311216,-15.151074770159095,-4139.1192280184405,2.6727401536531836,0.8015949062801155,-1.871145247373068,33.03917718366409
water_jitter_0004,water,train,jitter,transfer_region,1.1598552739,1.1541120313,-10.604682592030727,-4138.220890499642,-15.151074770159095,-4139.1192280184405,4.546392178128368,0.8983375187981437,-3.6480546593302243,2.516165363614793
water_jitter_0005,water,train,jitter,off_path,1.1517584722,1.4483877562,-14.74920908700105,-4138.451128851673,-15.151074770159095,-4139.1192280184405,0.4018656831580447,0.668099166767206,0.2662334836091613,6.732473717153368
water_jitter_0006,water,train,jitter,off_path,1.3000659563,1.0005824414,-12.583281719499773,-4138.441083689337,-15.151074770159095,-4139.1192280184405,2.567793050659322,0.6781443291038158,-1.8896487215555062,37.46753612271842
water_jitter_0007,water,train,jitter,off_path,1.2065733592,1.5428646829,-14.292358600098321,-4138.381740150809,-15.151074770159095,-4139.1192280184405,0.8587161700607737,0.7374878676318986,-0.12122830242887517,8.003922536384618
water_jitter_0008,water,train,jitter,off_path,1.5349624361,1.7781021956,-10.306450611301187,-4136.802951205201,-15.151074770159095,-4139.1192280184405,4.844624158857908,2.3162768132397105,-2.5283473456181973,0.7127580019018261
water_jitter_0009,water,train,jitter,transfer_region,1.4535281997,1.4583124567,-10.952314068390388,-4137.310510078585,-15.151074770159095,-4139.1192280184405,4.198760701768707,1.8087179398553417,-2.3900427619133655,9.218401958793507
water_jitter_0011,water,train,jitter,reactant_like,1.0086403875,1.7477489682,-15.150878308257791,-4139.128707142699,-15.151074770159095,-4139.1192280184405,0.00019646190130373498,-0.009479124258177762,-0.009675586159481497,3.0902888888512563
water_jitter_0012,water,train,jitter,off_path,1.6834594973,1.2161643613,-14.114052924402182,-4138.307524354866,-15.151074770159095,-4139.1192280184405,1.0370218457569127,0.8117036635749173,-0.2253181821819954,10.715900016181568
water_jitter_0013,water,train,jitter,reactant_like,1.0188359316,1.7194732046,-14.99819583113447,-4138.8169922597735,-15.151074770159095,-4139.1192280184405,0.15287893902462457,0.30223575866693864,0.14935681964231406,4.159868409584697
water_jitter_0014,water,train,jitter,product_like,1.6356440764,0.9215545952,-15.153295123648109,-4138.86741493476,-15.151074770159095,-4139.1192280184405,-0.0022203534890135046,0.2518130836806449,0.2540334371696584,2.488734333372873
water_jitter_0016,water,train,jitter,transfer_region,1.1782116501,1.1096868132,-10.446856069605317,-4138.179522017768,-15.151074770159095,-4139.1192280184405,4.704218700553778,0.9397060006722313,-3.7645126998815464,7.522318602760309
water_jitter_0017,water,train,jitter,off_path,1.3370782118,1.6706530931,-12.206332768260433,-4137.868966104231,-15.151074770159095,-4139.1192280184405,2.9447420018986623,1.2502619142096592,-1.6944800876890032,18.41155599729019
water_jitter_0018,water,train,jitter,reactant_like,1.0034896677,1.7143215373,-15.10201518565419,-4138.746921480797,-15.151074770159095,-4139.1192280184405,0.04905958450490466,0.37230653764345334,0.3232469531385487,5.159596432297517
water_jitter_0020,water,train,jitter,off_path,1.1404113478,1.6355859187,-14.572970493848523,-4138.643408070739,-15.151074770159095,-4139.1192280184405,0.5781042763105724,0.4758199477018934,-0.10228432860867898,6.663645424639425
water_jitter_0021,water,train,jitter,transfer_region,1.7591629204,1.7127729492,-10.297918951473038,-4135.862971647987,-15.151074770159095,-4139.1192280184405,4.853155818686057,3.2562563704532295,-1.5968994482328274,1.165529725262413
water_jitter_0023,water,train,jitter,off_path,1.7956375406,1.1458342265,-14.616040740531771,-4138.77946157882,-15.151074770159095,-4139.1192280184405,0.5350340296273242,0.3397664396206892,-0.19526759000663496,6.374086123580598
formaldehyde_reactant_reference_0000,formaldehyde,train,reactant_reference,reactant_reference,1.09,5.0,-15.278360339065305,-3128.712103255751,-15.278360339065305,-3128.712103255751,0.0,0.0,0.0,0.5909819377291787
formaldehyde_product_reference_0000,formaldehyde,train,product_reference,product_reference,5.0,0.74144,-15.71694615227051,-3129.2079963042843,-15.278360339065305,-3128.712103255751,-0.4385858132052043,-0.4958930485331621,-0.057307235327957784,2.1916024948796298
formaldehyde_grid_0000,formaldehyde,train,grid,off_path,1.0,0.65,-11.308545605953702,-3124.6433262449627,-15.278360339065305,-3128.712103255751,3.969814733111603,4.068777010788381,0.09896227767677779,17.685056259683208
formaldehyde_grid_0001,formaldehyde,train,grid,off_path,1.0,0.7857142857,-11.875626716079175,-3125.204670296981,-15.278360339065305,-3128.712103255751,3.40273362298613,3.507432958770096,0.10469933578396606,4.048300550158939
formaldehyde_grid_0002,formaldehyde,train,grid,off_path,1.0,0.9214285714,-11.497616529736737,-3127.3561122470146,-15.278360339065305,-3128.712103255751,3.780743809328568,1.3559910087365097,-2.424752800592058,6.441371024480315
formaldehyde_grid_0003,formaldehyde,train,grid,off_path,1.0,1.0571428571,-15.007873263763043,-3127.733392903121,-15.278360339065305,-3128.712103255751,0.27048707530226146,0.9787103526300598,0.7082232773277983,23.164007126814422
formaldehyde_grid_0004,formaldehyde,train,grid,off_path,1.0,1.1928571429,-15.173206679646825,-3127.9547792191047,-15.278360339065305,-3128.712103255751,0.10515365941848032,0.7573240366464233,0.652170377227943,2.6630430635815263
formaldehyde_grid_0005,formaldehyde,train,grid,reactant_like,1.0,1.3285714286,-15.173206679646825,-3128.094135052647,-15.278360339065305,-3128.712103255751,0.10515365941848032,0.617968203104283,0.5128145436858027,2.6630430635815263
formaldehyde_grid_0006,formaldehyde,train,grid,reactant_like,1.0,1.4642857143,-15.173206679646825,-3128.1882335059163,-15.278360339065305,-3128.712103255751,0.10515365941848032,0.5238697498348301,0.41871609041634983,2.6630430635815263
formaldehyde_grid_0007,formaldehyde,train,grid,reactant_like,1.0,1.6,-15.173206679646825,-3128.2558597407037,-15.278360339065305,-3128.712103255751,0.10515365941848032,0.45624351504739025,0.35108985562890993,2.6630430635815263
formaldehyde_grid_0008,formaldehyde,train,grid,off_path,1.1285714286,0.65,-11.812283940811312,-3125.584272780366,-15.278360339065305,-3128.712103255751,3.4660763982539926,3.1278304753850534,-0.3382459228689392,5.249247813094792
formaldehyde_grid_0009,formaldehyde,train,grid,off_path,1.1285714286,0.7857142857,-11.960523521094387,-3126.0988086870193,-15.278360339065305,-3128.712103255751,3.3178368179709175,2.613294568731817,-0.7045422492391005,1.3916448793119507
formaldehyde_grid_0010,formaldehyde,train,grid,transfer_region,1.1285714286,0.9214285714,-11.582513334678204,-3126.0406463018226,-15.278360339065305,-3128.712103255751,3.695847004387101,2.671456953928555,-1.0243900504585461,3.789257908041938
formaldehyde_grid_0011,formaldehyde,train,grid,transfer_region,1.1285714286,1.0571428571,-15.092770067477002,-3128.329170637581,-15.278360339065305,-3128.712103255751,0.18559027158830332,0.38293261817034363,0.1973423465820403,24.090026736018473
formaldehyde_grid_0012,formaldehyde,train,grid,transfer_region,1.1285714286,1.1928571429,-15.25810348458829,-3128.4371983669853,-15.278360339065305,-3128.712103255751,0.020256854477015196,0.27490488876583186,0.25464803428881666,1.2424897462168611
formaldehyde_grid_0013,formaldehyde,train,grid,reactant_like,1.1285714286,1.3285714286,-15.25810348458829,-3128.496868736053,-15.278360339065305,-3128.712103255751,0.020256854477015196,0.21523451969824237,0.19497766522122717,1.2424897462168611
formaldehyde_grid_0014,formaldehyde,train,grid,reactant_like,1.1285714286,1.4642857143,-15.25810348458829,-3128.536856910342,-15.278360339065305,-3128.712103255751,0.020256854477015196,0.17524634540905026,0.15498949093203507,1.2424897462168611
formaldehyde_grid_0015,formaldehyde,train,grid,reactant_like,1.1285714286,1.6,-15.25810348458829,-3128.56855030642,-15.278360339065305,-3128.712103255751,0.020256854477015196,0.14355294933102414,0.12329609485400894,1.2424897462168611
formaldehyde_grid_0016,formaldehyde,train,grid,off_path,1.2571428571,0.65,-11.568559284064623,-3127.2393013655674,-15.278360339065305,-3128.712103255751,3.709801055000682,1.4728018901837459,-2.236999164816936,6.957986669285093
formaldehyde_grid_0017,formaldehyde,train,grid,off_path,1.2571428571,0.7857142857,-11.716798864273953,-3128.1188103585064,-15.278360339065305,-3128.712103255751,3.561561474791352,0.5932928972447371,-2.968268577546615,2.8901569793591606
formaldehyde_grid_0018,formaldehyde,train,grid,transfer_region,1.2571428571,0.9214285714,-11.338788677931515,-3128.4199332652756,-15.278360339065305,-3128.712103255751,3.9395716611337903,0.292169990475486,-3.6474016706583043,3.789257908041938
formaldehyde_grid_0019,formaldehyde,train,grid,transfer_region,1.2571428571,1.0571428571,-14.84904541269473,-3128.484529130423,-15.278360339065305,-3128.712103255751,0.42931492637057467,0.22757412532791932,-0.20174080104265535,25.80126451159421
formaldehyde_grid_0020,formaldehyde,train,grid,transfer_region,1.2571428571,1.1928571429,-15.014378827841599,-3128.4680848211483,-15.278360339065305,-3128.712103255751,0.2639815112237063,0.2440184346028218,-0.01996307662088448,2.8901569793591606
formaldehyde_grid_0021,formaldehyde,train,grid,off_path,1.2571428571,1.3285714286,-15.014378827841599,-3128.4372089114554,-15.278360339065305,-3128.712103255751,0.2639815112237063,0.274894344295717,0.010912833072010741,2.8901569793591606
formaldehyde_grid_0022,formaldehyde,train,grid,off_path,1.2571428571,1.4642857143,-15.014378827841599,-3128.415017531277,-15.278360339065305,-3128.712103255751,0.2639815112237063,0.2970857244740728,0.0331042132503665,2.8901569793591606
formaldehyde_grid_0023,formaldehyde,train,grid,off_path,1.2571428571,1.6,-15.014378827841599,-3128.4056848795103,-15.278360339065305,-3128.712103255751,0.2639815112237063,0.30641837624079926,0.042436865017092984,2.8901569793591606
formaldehyde_grid_0024,formaldehyde,train,grid,off_path,1.3857142857,0.65,-11.346511688300271,-3127.7277421793287,-15.278360339065305,-3128.712103255751,3.9318486507650334,0.984361076422374,-2.9474875743426594,8.234331845382203
formaldehyde_grid_0025,formaldehyde,train,grid,off_path,1.3857142857,0.7857142857,-11.494751268280808,-3128.424933532996,-15.278360339065305,-3128.712103255751,3.7836090707844967,0.2871697227551522,-3.4964393480293445,9.830536920409711
formaldehyde_grid_0026,formaldehyde,train,grid,transfer_region,1.3857142857,0.9214285714,-11.116741081617022,-3128.555746745813,-15.278360339065305,-3128.712103255751,4.161619257448283,0.15635650993817762,-4.0052627475101055,12.227664391774336
formaldehyde_grid_0027,formaldehyde,train,grid,transfer_region,1.3857142857,1.0571428571,-14.520980572931341,-3128.4665027403767,-15.278360339065305,-3128.712103255751,0.7573797661339636,0.2456005153744627,-0.5117792507595009,21.889695018512548
formaldehyde_grid_0028,formaldehyde,train,grid,transfer_region,1.3857142857,1.1928571429,-14.591098904675357,-3128.319649157309,-15.278360339065305,-3128.712103255751,0.6872614343899475,0.3924540984421583,-0.2948073359477892,5.965349121100451
formaldehyde_grid_0029,formaldehyde,train,grid,off_path,1.3857142857,1.3285714286,-14.591098904675357,-3128.1875426028714,-15.278360339065305,-3128.712103255751,0.6872614343899475,0.5245606528796998,-0.1627007815102477,5.965349121100451
formaldehyde_grid_0030,formaldehyde,train,grid,off_path,1.3857142857,1.4642857143,-14.591098904675357,-3128.093295902455,-15.278360339065305,-3128.712103255751,0.6872614343899475,0.6188073532962335,-0.06845408109371398,5.965349121100451
formaldehyde_grid_0031,formaldehyde,train,grid,off_path,1.3857142857,1.6,-14.591098904675357,-3128.0361297713916,-15.278360339065305,-3128.712103255751,0.6872614343899475,0.6759734843594742,-0.011287950030473226,5.965349121100451
formaldehyde_grid_0032,formaldehyde,train,grid,product_like,1.5142857143,0.65,-14.331617155018849,-3128.080689555933,-15.278360339065305,-3128.712103255751,0.946743184046456,0.6314136998180402,-0.3153294842284158,25.591750095438005
formaldehyde_grid_0033,formaldehyde,train,grid,product_like,1.5142857143,0.7857142857,-14.479856735183906,-3128.6390608806914,-15.278360339065305,-3128.712103255751,0.7985036038813984,0.07304237505968558,-0.7254612288217128,26.659949195331283
formaldehyde_grid_0034,formaldehyde,train,grid,transfer_region,1.5142857143,0.9214285714,-14.10184654856439,-3128.6312755219997,-15.278360339065305,-3128.712103255751,1.1765137905009144,0.08082773375144825,-1.0956860567494662,29.057550175654278
formaldehyde_grid_0035,formaldehyde,train,grid,transfer_region,1.5142857143,1.0571428571,-14.758640759516782,-3128.4061646909017,-15.278360339065305,-3128.712103255751,0.5197195795485232,0.3059385648493844,-0.2137810146991388,11.134202789554934
formaldehyde_grid_0036,formaldehyde,train,grid,transfer_region,1.5142857143,1.1928571429,-13.139814873231838,-3128.132035557889,-15.278360339065305,-3128.712103255751,2.1385454658334666,0.5800676978619776,-1.558477767971489,14.308603017140939
formaldehyde_grid_0037,formaldehyde,train,grid,off_path,1.5142857143,1.3285714286,-13.139814873231838,-3127.891016977442,-15.278360339065305,-3128.712103255751,2.1385454658334666,0.8210862783089397,-1.317459187524527,14.308603017140939
formaldehyde_grid_0038,formaldehyde,train,grid,off_path,1.5142857143,1.4642857143,-13.139814873231838,-3127.7136396299015,-15.278360339065305,-3128.712103255751,2.1385454658334666,0.9984636258495811,-1.1400818399838855,14.308603017140939
formaldehyde_grid_0039,formaldehyde,train,grid,off_path,1.5142857143,1.6,-13.139814873231838,-3127.599311867011,-15.278360339065305,-3128.712103255751,2.1385454658334666,1.1127913887403338,-1.0257540770931328,14.308603017140939
formaldehyde_grid_0040,formaldehyde,train,grid,product_like,1.6428571429,0.65,-15.764971630653141,-3128.3428642546805,-15.278360339065305,-3128.712103255751,-0.48661129158783645,0.36923900107058216,0.8558502926584186,5.92663691314389
formaldehyde_grid_0041,formaldehyde,train,grid,product_like,1.6428571429,0.7857142857,-15.91321121086247,-3128.8027970549847,-15.278360339065305,-3128.712103255751,-0.6348508717971644,-0.09069379923357701,0.5441570725635874,1.3916448807581663
formaldehyde_grid_0042,formaldehyde,train,grid,transfer_region,1.6428571429,0.9214285714,-15.53520102452003,-3128.69157915376,-15.278360339065305,-3128.712103255751,-0.2568406854547245,0.020524101991213684,0.2773647874459382,3.7892579080419395
formaldehyde_grid_0043,formaldehyde,train,grid,transfer_region,1.6428571429,1.0571428571,-13.336751277306396,-3128.3580496246414,-15.278360339065305,-3128.712103255751,1.9416090617589088,0.35405363110976396,-1.5875554306491448,23.33413267300428
formaldehyde_grid_0044,formaldehyde,train,grid,transfer_region,1.6428571429,1.1928571429,-11.596762901416342,-3127.9722221932193,-15.278360339065305,-3128.712103255751,3.6815974376489624,0.739881062531822,-2.9417163751171405,8.16882771083373
formaldehyde_grid_0045,formaldehyde,train,grid,off_path,1.6428571429,1.3285714286,-11.596762901416342,-3127.623868226685,-15.278360339065305,-3128.712103255751,3.6815974376489624,1.0882350290662544,-2.593362408582708,8.16882771083373
formaldehyde_grid_0046,formaldehyde,train,grid,off_path,1.6428571429,1.4642857143,-11.596762901416342,-3127.3551929663126,-15.278360339065305,-3128.712103255751,3.6815974376489624,1.3569102894384741,-2.3246871482104883,8.16882771083373
formaldehyde_grid_0047,formaldehyde,train,grid,off_path,1.6428571429,1.6,-11.596762901416342,-3127.1726381030335,-15.278360339065305,-3128.712103255751,3.6815974376489624,1.5394651527176393,-2.142132284931323,8.16882771083373
formaldehyde_grid_0048,formaldehyde,train,grid,product_like,1.7714285714,0.65,-15.536499035524422,-3128.5362361063167,-15.278360339065305,-3128.712103255751,-0.2581386964591168,0.17586714943445259,0.4340058458935694,4.3174504231728115
formaldehyde_grid_0049,formaldehyde,train,grid,product_like,1.7714285714,0.7857142857,-15.684738615504957,-3128.9294392234065,-15.278360339065305,-3128.712103255751,-0.40637827643965174,-0.21733596765534458,0.18904230878430717,2.1916024948796298
formaldehyde_grid_0050,formaldehyde,train,grid,transfer_region,1.7714285714,0.9214285714,-15.306728429162519,-3128.7457425180814,-15.278360339065305,-3128.712103255751,-0.02836809009721364,-0.03363926233032544,-0.005271172233111798,3.789257908041938
formaldehyde_grid_0051,formaldehyde,train,grid,transfer_region,1.7714285714,1.0571428571,-12.927758252395074,-3128.3330707327304,-15.278360339065305,-3128.712103255751,2.3506020866702304,0.37903252302066903,-1.9715695636495614,22.85238655860382
formaldehyde_grid_0052,formaldehyde,train,grid,transfer_region,1.7714285714,1.1928571429,-11.204318579072606,-3127.86005825172,-15.278360339065305,-3128.712103255751,4.074041759992699,0.8520450040309697,-3.2219967559617295,2.1916024948796298
formaldehyde_grid_0053,formaldehyde,train,grid,off_path,1.7714285714,1.3285714286,-11.204318579072606,-3127.4185001274664,-15.278360339065305,-3128.712103255751,4.074041759992699,1.293603128284758,-2.7804386317079413,2.1916024948796298
formaldehyde_grid_0054,formaldehyde,train,grid,off_path,1.7714285714,1.4642857143,-11.204318579072606,-3127.06017576808,-15.278360339065305,-3128.712103255751,4.074041759992699,1.651927487670946,-2.4221142723217532,2.1916024948796298
formaldehyde_grid_0055,formaldehyde,train,grid,off_path,1.7714285714,1.6,-11.204318579072606,-3126.8025745242244,-15.278360339065305,-3128.712103255751,4.074041759992699,1.9095287315267342,-2.164513028465965,2.1916024948796298
formaldehyde_grid_0056,formaldehyde,train,grid,product_like,1.9,0.65,-15.536499035524418,-3128.6754445538513,-15.278360339065305,-3128.712103255751,-0.25813869645911325,0.03665870189979614,0.2947973983589094,4.317450423172809
formaldehyde_grid_0057,formaldehyde,train,grid,product_like,1.9,0.7857142857,-15.684738615504957,-3129.024272069284,-15.278360339065305,-3128.712103255751,-0.40637827643965174,-0.312168813532935,0.09420946290671672,2.1916024948796298
formaldehyde_grid_0058,formaldehyde,train,grid,transfer_region,1.9,0.9214285714,-15.30672842896172,-3128.7914942677066,-15.278360339065305,-3128.712103255751,-0.02836808989641426,-0.07939101195552212,-0.051022922059107856,3.789257908569038
formaldehyde_grid_0059,formaldehyde,train,grid,transfer_region,1.9,1.0571428571,-12.927758250457085,-3128.324277586127,-15.278360339065305,-3128.712103255751,2.3506020886082197,0.38782566962390774,-1.962776418984312,22.85238655432323
formaldehyde_grid_0060,formaldehyde,train,grid,transfer_region,1.9,1.1928571429,-11.204318579072606,-3127.789066922833,-15.278360339065305,-3128.712103255751,4.074041759992699,0.9230363329179454,-3.151005427074754,2.1916024948796298
formaldehyde_grid_0061,formaldehyde,train,grid,off_path,1.9,1.3285714286,-11.204318579072606,-3127.2756327838397,-15.278360339065305,-3128.712103255751,4.074041759992699,1.4364704719114343,-2.637571288081265,2.1916024948796298
formaldehyde_grid_0062,formaldehyde,train,grid,off_path,1.9,1.4642857143,-11.204318579072606,-3126.840196425695,-15.278360339065305,-3128.712103255751,4.074041759992699,1.8719068300561048,-2.2021349299365944,2.1916024948796298
formaldehyde_grid_0063,formaldehyde,train,grid,off_path,1.9,1.6,-11.204318579072606,-3126.511428159264,-15.278360339065305,-3128.712103255751,4.074041759992699,2.2006750964869752,-1.873366663505724,2.1916024948796298
formaldehyde_jitter_0000,formaldehyde,train,jitter,product_like,1.5352413291,0.8006961515,-14.932656140068296,-3128.6938520488943,-15.278360339065305,-3128.712103255751,0.34570419899700866,0.018251206856803037,-0.3274529921402056,22.94466257284968
formaldehyde_jitter_0001,formaldehyde,train,jitter,product_like,1.8175073921,0.8735975876,-15.447996525071279,-3128.768993322067,-15.278360339065305,-3128.712103255751,-0.16963618600597385,-0.056890066316100274,0.11274611968987358,3.4671586966320684
formaldehyde_jitter_0002,formaldehyde,train,jitter,off_path,1.2891403084,1.4729033747,-14.809027005993016,-3128.311403454982,-15.278360339065305,-3128.712103255751,0.46933333307228864,0.4006998007689617,-0.06863353230332692,6.362937198645456
formaldehyde_jitter_0003,formaldehyde,train,jitter,product_like,1.7290097548,0.8361428641,-15.463763695768463,-3128.873327250292,-15.278360339065305,-3128.712103255751,-0.18540335670315855,-0.16122399454070546,0.02417936216245309,2.5630172399891524
formaldehyde_jitter_0004,formaldehyde,train,jitter,product_like,1.5204033187,0.8831282309,-14.375931718112414,-3128.706502241266,-15.278360339065305,-3128.712103255751,0.9024286209528913,0.005601014484909683,-0.8968276064679817,27.830822173066966
formaldehyde_jitter_0005,formaldehyde,train,jitter,product_like,1.4549587514,0.6712112161,-12.757306546037325,-3128.125505808116,-15.278360339065305,-3128.712103255751,2.5210537930279795,0.5865974476350857,-1.9344563453928938,26.891797079606754
formaldehyde_jitter_0006,formaldehyde,train,jitter,product_like,1.4562870479,0.7319938221,-12.88619040418675,-3128.3582487652507,-15.278360339065305,-3128.712103255751,2.392169934878554,0.3538544905004528,-2.0383154443781013,28.399202821942204
formaldehyde_jitter_0007,formaldehyde,train,jitter,off_path,1.7084380804,1.423647828,-11.177602053884451,-3127.2823431337774,-15.278360339065305,-3128.712103255751,4.100758285180854,1.4297601219736862,-2.6709981632071678,4.15276694081382
formaldehyde_jitter_0008,formaldehyde,train,jitter,off_path,1.0362492347,0.7296313641,-11.912694603979531,-3125.057042736451,-15.278360339065305,-3128.712103255751,3.3656657350857735,3.65506051930015,0.2893947842143767,3.435275253429468
formaldehyde_jitter_0009,formaldehyde,train,jitter,off_path,1.3742678135,1.4381386108,-14.600342502886583,-3127.9805372490487,-15.278360339065305,-3128.712103255751,0.6780178361787215,0.731566006702451,0.05354817052372951,4.696418374014908
formaldehyde_jitter_0010,formaldehyde,train,jitter,transfer_region,1.4630209074,0.957891005,-12.80477819968969,-3128.4569719345177,-15.278360339065305,-3128.712103255751,2.4735821393756154,0.25513132123342075,-2.2184508181421947,27.061192426540977
formaldehyde_jitter_0011,formaldehyde,train,jitter,off_path,1.7002704703,1.412589038,-11.197352637420241,-3127.3368648647547,-15.278360339065305,-3128.712103255751,4.081007701645063,1.375238390996401,-2.7057693106486624,5.085241655272839
formaldehyde_jitter_0012,formaldehyde,train,jitter,transfer_region,1.2618723928,1.2173031155,-14.903679943244601,-3128.4217884211093,-15.278360339065305,-3128.712103255751,0.3746803958207039,0.29031483464177654,-0.08436556117892735,5.549395247625616
formaldehyde_jitter_0013,formaldehyde,train,jitter,transfer_region,1.7005710634,1.2184338143,-11.11244614471652,-3127.761751326999,-15.278360339065305,-3128.712103255751,4.165914194348785,0.9503519287522977,-3.2155622655964873,4.014780127425288
formaldehyde_jitter_0014,formaldehyde,train,jitter,off_path,1.2910240006,1.2979519445,-14.841730558151742,-3128.2807607834698,-15.278360339065305,-3128.712103255751,0.4366297809135631,0.4313424722813579,-0.005287308632205168,2.888135778411394
formaldehyde_jitter_0015,formaldehyde,train,jitter,off_path,1.6000939595,1.3694814906,-12.012364239594078,-3127.648395284574,-15.278360339065305,-3128.712103255751,3.265996099471227,1.0637079711773367,-2.2022881282938904,11.009848374285093
formaldehyde_jitter_0016,formaldehyde,train,jitter,transfer_region,1.5933707516,0.9736466636,-15.191535250661715,-3128.45294808315,-15.278360339065305,-3128.712103255751,0.08682508840358949,0.2591551726009129,0.17233008419732343,6.838821529667033
formaldehyde_jitter_0017,formaldehyde,train,jitter,off_path,1.2861777291,0.8442181337,-11.47643560934925,-3128.19580509504,-15.278360339065305,-3128.712103255751,3.8019247297160543,0.5162981607109032,-3.285626569005151,3.3657002497661472
formaldehyde_jitter_0018,formaldehyde,train,jitter,transfer_region,1.2643697126,1.1690441603,-15.002276199865625,-3128.4267518868314,-15.278360339065305,-3128.712103255751,0.2760841391996802,0.2853513689196916,0.009267229720011372,4.20777191951242
formaldehyde_jitter_0019,formaldehyde,train,jitter,off_path,1.5854373646,1.3804943343,-12.128248469821523,-3127.427100517066,-15.278360339065305,-3128.712103255751,3.1501118692437817,1.2850027386853071,-1.8651091305584746,11.654247456728323
formaldehyde_jitter_0020,formaldehyde,train,jitter,off_path,1.410401584,0.8138477308,-11.709694156139445,-3128.373666313617,-15.278360339065305,-3128.712103255751,3.5686661829258597,0.3384369421341944,-3.2302292407916653,19.452447542676946
formaldehyde_jitter_0021,formaldehyde,train,jitter,product_like,1.8996668007,0.8324813339,-15.556631134553898,-3129.0221504138513,-15.278360339065305,-3128.712103255751,-0.27827079548859324,-0.31004715810013295,-0.03177636261153971,2.6606470097746815
formaldehyde_jitter_0022,formaldehyde,train,jitter,transfer_region,1.4893512696,1.1255575701,-13.870475563736035,-3128.310859321371,-15.278360339065305,-3128.712103255751,1.4078847753292703,0.40124393438009065,-1.0066408409491796,15.077205250877933
formaldehyde_jitter_0023,formaldehyde,train,jitter,off_path,1.3584639412,1.4023673483,-14.559897076248614,-3128.056587517784,-15.278360339065305,-3128.712103255751,0.7184632628166909,0.6555157379671073,-0.06294752484958366,3.3651019961967097
methane_reactant_reference_0000,methane,holdout,reactant_reference,reactant_reference,1.09,5.0,-18.182950505049767,-1115.786162757628,-18.182950505049767,-1115.786162757628,0.0,0.0,0.0,0.11656616129668862
methane_product_reference_0000,methane,holdout,product_reference,product_reference,5.0,0.74144,-18.127770065517772,-1115.244913652488,-18.182950505049767,-1115.786162757628,0.05518043953199481,0.5412491051399684,0.48606866560797357,0.6617167972363673
methane_grid_0000,methane,holdout,grid,off_path,1.0,0.65,-14.617406476693365,-1112.441226690043,-18.182950505049767,-1115.786162757628,3.5655440283564026,3.3449360675849675,-0.22060796077143507,10.900623518804672
methane_grid_0001,methane,holdout,grid,off_path,1.0,0.7857142857,-14.758176624055647,-1113.742052532735,-18.182950505049767,-1115.786162757628,3.4247738809941204,2.0441102248930747,-1.3806636561010457,4.590369797411446
methane_grid_0002,methane,holdout,grid,off_path,1.0,0.9214285714,-14.380166437644547,-1114.416743424072,-18.182950505049767,-1115.786162757628,3.80278406740522,1.3694193335561522,-2.433364733849068,6.987982824963982
methane_grid_0003,methane,holdout,grid,off_path,1.0,1.0571428571,-17.89042317136926,-1114.79516111218,-18.182950505049767,-1115.786162757628,0.292527333680507,0.9910016454480228,0.6984743117675158,23.164007134986132
methane_grid_0004,methane,holdout,grid,off_path,1.0,1.1928571429,-18.055756587618077,-1115.0252460938873,-18.182950505049767,-1115.786162757628,0.12719391743168984,0.7609166637407725,0.6337227463090827,3.314952320134311
methane_grid_0005,methane,holdout,grid,reactant_like,1.0,1.3285714286,-18.055756587618077,-1115.176071321638,-18.182950505049767,-1115.786162757628,0.12719391743168984,0.6100914359901708,0.48289751855848095,3.314952320134311
methane_grid_0006,methane,holdout,grid,reactant_like,1.0,1.4642857143,-18.055756587618077,-1115.2811438342771,-18.182950505049767,-1115.786162757628,0.12719391743168984,0.5050189233509172,0.3778250059192274,3.314952320134311
methane_grid_0007,methane,holdout,grid,reactant_like,1.0,1.6,-18.055756587618077,-1115.3575058890087,-18.182950505049767,-1115.786162757628,0.12719391743168984,0.4286568686193277,0.3014629511876379,3.314952320134311
methane_grid_0008,methane,holdout,grid,off_path,1.1285714286,0.65,-14.712628260434542,-1113.4206131501637,-18.182950505049767,-1115.786162757628,3.4703222446152253,2.365549607464345,-1.1047726371508801,5.435618660758266
methane_grid_0009,methane,holdout,grid,off_path,1.1285714286,0.7857142857,-14.860867840524929,-1114.50829544851,-18.182950505049767,-1115.786162757628,3.3220826645248387,1.2778673091181645,-2.044215355406674,1.3916448806559512
methane_grid_0010,methane,holdout,grid,transfer_region,1.1285714286,0.9214285714,-14.482857654113829,-1115.0083188450317,-18.182950505049767,-1115.786162757628,3.7000928509359383,0.7778439125963814,-2.922248938339557,3.78925790820848
methane_grid_0011,methane,holdout,grid,transfer_region,1.1285714286,1.0571428571,-17.993114387838542,-1115.2536075706307,-18.182950505049767,-1115.786162757628,0.18983611721122529,0.5325551869973424,0.3427190697861171,24.28217537111125
methane_grid_0012,methane,holdout,grid,transfer_region,1.1285714286,1.1928571429,-18.158447804087363,-1115.3889099991445,-18.182950505049767,-1115.786162757628,0.02450270096240459,0.39725275848354613,0.37275005752114154,1.1181682361251184
methane_grid_0013,methane,holdout,grid,reactant_like,1.1285714286,1.3285714286,-18.158447804087363,-1115.4755447364114,-18.182950505049767,-1115.786162757628,0.02450270096240459,0.31061802121666915,0.28611532025426456,1.1181682361251184
methane_grid_0014,methane,holdout,grid,reactant_like,1.1285714286,1.4642857143,-18.158447804087363,-1115.5384647674778,-18.182950505049767,-1115.786162757628,0.02450270096240459,0.24769799015030003,0.22319528918789544,1.1181682361251184
methane_grid_0015,methane,holdout,grid,reactant_like,1.1285714286,1.6,-18.158447804087363,-1115.587540025275,-18.182950505049767,-1115.786162757628,0.02450270096240459,0.19862273235298744,0.17412003139058285,1.1181682361251184
methane_grid_0016,methane,holdout,grid,off_path,1.2571428571,0.65,-14.417818797747302,-1113.9553824945745,-18.182950505049767,-1115.786162757628,3.7651317073024657,1.8307802630536116,-1.934351444248854,7.50601435310746
methane_grid_0017,methane,holdout,grid,off_path,1.2571428571,0.7857142857,-14.566058377698525,-1114.8367178285455,-18.182950505049767,-1115.786162757628,3.6168921273512424,0.9494449290825742,-2.6674471982686683,3.0723365250954897
methane_grid_0018,methane,holdout,grid,transfer_region,1.2571428571,0.9214285714,-14.188048191047663,-1115.159133404953,-18.182950505049767,-1115.786162757628,3.994902314002104,0.627029352674981,-3.367872961327123,3.7892579092031613
methane_grid_0019,methane,holdout,grid,transfer_region,1.2571428571,1.0571428571,-17.698304927467696,-1115.2607886194,-18.182950505049767,-1115.786162757628,0.4846455775820715,0.5253741382280168,0.04072856064594532,26.35257101160626
methane_grid_0020,methane,holdout,grid,transfer_region,1.2571428571,1.1928571429,-17.86363834140012,-1115.288669791248,-18.182950505049767,-1115.786162757628,0.31931216364964854,0.4974929663801504,0.17818080273050185,3.1885639284742986
methane_grid_0021,methane,holdout,grid,off_path,1.2571428571,1.3285714286,-17.86363834140012,-1115.3003657215334,-18.182950505049767,-1115.786162757628,0.31931216364964854,0.48579703609470926,0.16648487244506072,3.1885639284742986
methane_grid_0022,methane,holdout,grid,off_path,1.2571428571,1.4642857143,-17.86363834140012,-1115.313572631505,-18.182950505049767,-1115.786162757628,0.31931216364964854,0.4725901261231229,0.15327796247347436,3.1885639284742986
methane_grid_0023,methane,holdout,grid,off_path,1.2571428571,1.6,-17.86363834140012,-1115.3306649064896,-18.182950505049767,-1115.786162757628,0.31931216364964854,0.45549785113848884,0.1361856874888403,3.1885639284742986
methane_grid_0024,methane,holdout,grid,off_path,1.3857142857,0.65,-14.105321358017655,-1114.2793722718511,-18.182950505049767,-1115.786162757628,4.077629147032113,1.5067904857769463,-2.5708386612551664,7.258850238079329
methane_grid_0025,methane,holdout,grid,off_path,1.3857142857,0.7857142857,-14.253560938108038,-1114.9817903870464,-18.182950505049767,-1115.786162757628,3.9293895669417296,0.8043723705816319,-3.1250171963600977,8.534070265553282
methane_grid_0026,methane,holdout,grid,transfer_region,1.3857142857,0.9214285714,-13.875550751696938,-1115.1369720796606,-18.182950505049767,-1115.786162757628,4.307399753352829,0.6491906779674537,-3.6582090753853755,10.931683293105824
methane_grid_0027,methane,holdout,grid,transfer_region,1.3857142857,1.0571428571,-17.279790242649746,-1115.0910094456585,-18.182950505049767,-1115.786162757628,0.9031602624000215,0.6951533119695341,-0.20800695043048734,22.22832884922415
methane_grid_0028,methane,holdout,grid,transfer_region,1.3857142857,1.1928571429,-17.31025159015739,-1114.999659949807,-18.182950505049767,-1115.786162757628,0.8726989148923785,0.7865028078210798,-0.08619610707129866,9.994123624417492
methane_grid_0029,methane,holdout,grid,off_path,1.3857142857,1.3285714286,-17.31025159015739,-1114.9238257337277,-18.182950505049767,-1115.786162757628,0.8726989148923785,0.8623370239004089,-0.010361890991969602,9.994123624417492
methane_grid_0030,methane,holdout,grid,off_path,1.3857142857,1.4642857143,-17.31025159015739,-1114.877605613918,-18.182950505049767,-1115.786162757628,0.8726989148923785,0.9085571437101407,0.03585822881776224,9.994123624417492
methane_grid_0031,methane,holdout,grid,off_path,1.3857142857,1.6,-17.31025159015739,-1114.8565821948405,-18.182950505049767,-1115.786162757628,0.8726989148923785,0.929580562787578,0.05688164789519945,9.994123624417492
methane_grid_0032,methane,holdout,grid,product_like,1.5142857143,0.65,-16.876991398115194,-1114.4986508881736,-18.182950505049767,-1115.786162757628,1.3059591069345728,1.2875118694544199,-0.018447237480152978,24.042271850383994
methane_grid_0033,methane,holdout,grid,product_like,1.5142857143,0.7857142857,-17.02523097820558,-1115.0618003352326,-18.182950505049767,-1115.786162757628,1.1577195268441862,0.7243624223954157,-0.4333571044487705,25.203498047794582
methane_grid_0034,methane,holdout,grid,transfer_region,1.5142857143,0.9214285714,-16.647220791794478,-1115.0742794313608,-18.182950505049767,-1115.786162757628,1.5357297132552894,0.7118833262672979,-0.8238463869879915,27.60111107534712
methane_grid_0035,methane,holdout,grid,transfer_region,1.5142857143,1.0571428571,-17.30401500237295,-1114.8880915459065,-18.182950505049767,-1115.786162757628,0.8789355026768177,0.8980712117215717,0.019135709044753924,11.134202772789298
methane_grid_0036,methane,holdout,grid,transfer_region,1.5142857143,1.1928571429,-15.302977355236102,-1114.6702431878336,-18.182950505049767,-1115.786162757628,2.879973149813665,1.1159195697944142,-1.764053580019251,14.562045924767633
methane_grid_0037,methane,holdout,grid,off_path,1.5142857143,1.3285714286,-15.302977355236102,-1114.4931073029074,-18.182950505049767,-1115.786162757628,2.879973149813665,1.2930554547206157,-1.5869176950930495,14.562045924767633
methane_grid_0038,methane,holdout,grid,off_path,1.5142857143,1.4642857143,-15.302977355236102,-1114.3745352289595,-18.182950505049767,-1115.786162757628,2.879973149813665,1.4116275286685322,-1.468345621145133,14.562045924767633
methane_grid_0039,methane,holdout,grid,off_path,1.5142857143,1.6,-15.302977355236102,-1114.3063359317814,-18.182950505049767,-1115.786162757628,2.879973149813665,1.4798268258466578,-1.4001463239670073,14.562045924767633
methane_grid_0040,methane,holdout,grid,product_like,1.6428571429,0.65,-18.184332956223194,-1114.6562331912344,-18.182950505049767,-1115.786162757628,-0.0013824511734270573,1.1299295663936846,1.1313120175671116,6.30587542783715
methane_grid_0041,methane,holdout,grid,product_like,1.6428571429,0.7857142857,-18.33257253631358,-1115.120150163616,-18.182950505049767,-1115.786162757628,-0.14962203126381368,0.6660125940120452,0.8156346252758588,1.4284161675319007
methane_grid_0042,methane,holdout,grid,transfer_region,1.6428571429,0.9214285714,-17.95456234990248,-1115.0234168800152,-18.182950505049767,-1115.786162757628,0.22838815514728594,0.7627458776128151,0.5343577224655292,3.78925790820848
methane_grid_0043,methane,holdout,grid,transfer_region,1.6428571429,1.0571428571,-15.745125944774468,-1114.719009964123,-18.182950505049767,-1115.786162757628,2.437824560275299,1.0671527935051017,-1.3706717667701973,23.277804637713277
methane_grid_0044,methane,holdout,grid,transfer_region,1.6428571429,1.1928571429,-13.980653706181993,-1114.3802076224904,-18.182950505049767,-1115.786162757628,4.202296798867774,1.405955135137674,-2.7963416637301,7.014332530250947
methane_grid_0045,methane,holdout,grid,off_path,1.6428571429,1.3285714286,-13.980653706181993,-1114.093039911058,-18.182950505049767,-1115.786162757628,4.202296798867774,1.693122846570077,-2.5091739522976972,7.014332530250947
methane_grid_0046,methane,holdout,grid,off_path,1.6428571429,1.4642857143,-13.980653706181993,-1113.88767034438,-18.182950505049767,-1115.786162757628,4.202296798867774,1.89849241324805,-2.303804385619724,7.014332530250947
methane_grid_0047,methane,holdout,grid,off_path,1.6428571429,1.6,-13.980653706181993,-1113.759160027043,-18.182950505049767,-1115.786162757628,4.202296798867774,2.0270027305850817,-2.1752940682826925,7.014332530250947
methane_grid_0048,methane,holdout,grid,product_like,1.7714285714,0.65,-17.947322948667047,-1114.7699554239846,-18.182950505049767,-1115.786162757628,0.23562755638272037,1.0162073336434787,0.7805797772607583,4.3174504246331615
methane_grid_0049,methane,holdout,grid,product_like,1.7714285714,0.7857142857,-18.095562528757434,-1115.1668060185839,-18.182950505049767,-1115.786162757628,0.08738797629233375,0.6193567390441785,0.5319687627518448,1.3916448806559512
methane_grid_0050,methane,holdout,grid,transfer_region,1.7714285714,0.9214285714,-17.71755234196741,-1114.9930413474485,-18.182950505049767,-1115.786162757628,0.4653981630823587,0.7931214101795376,0.3277232470971789,3.78925790920316
methane_grid_0051,methane,holdout,grid,transfer_region,1.7714285714,1.0571428571,-15.33858216371723,-1114.600019741851,-18.182950505049767,-1115.786162757628,2.8443683413325367,1.1861430157771338,-1.658225325555403,22.852386554351682
methane_grid_0052,methane,holdout,grid,transfer_region,1.7714285714,1.1928571429,-13.615142492319865,-1114.1609702994886,-18.182950505049767,-1115.786162757628,4.567808012729902,1.6251924581395087,-2.942615554590393,0.6617167972363673
methane_grid_0053,methane,holdout,grid,off_path,1.7714285714,1.3285714286,-13.615142492319865,-1113.7693524102358,-18.182950505049767,-1115.786162757628,4.567808012729902,2.0168103473922656,-2.5509976653376363,0.6617167972363673
methane_grid_0054,methane,holdout,grid,off_path,1.7714285714,1.4642857143,-13.615142492319865,-1113.4694760772943,-18.182950505049767,-1115.786162757628,4.567808012729902,2.31668668033376,-2.251121332396142,0.6617167972363673
methane_grid_0055,methane,holdout,grid,off_path,1.7714285714,1.6,-13.615142492319865,-1113.2668847839948,-18.182950505049767,-1115.786162757628,4.567808012729902,2.5192779736332795,-2.0485300390966223,0.6617167972363673
methane_grid_0056,methane,holdout,grid,product_like,1.9,0.65,-17.947322948667047,-1114.849799428214,-18.182950505049767,-1115.786162757628,0.23562755638272037,0.9363633294140072,0.7007357730312869,4.3174504246331615
methane_grid_0057,methane,holdout,grid,product_like,1.9,0.7857142857,-18.095562528757434,-1115.202170719798,-18.182950505049767,-1115.786162757628,0.08738797629233375,0.5839920378300576,0.49660406153772385,1.3916448806559512
methane_grid_0058,methane,holdout,grid,transfer_region,1.9,0.9214285714,-17.717552342346334,-1114.976355139942,-18.182950505049767,-1115.786162757628,0.46539816270343337,0.8098076176861468,0.34440945498271347,3.78925790820848
methane_grid_0059,methane,holdout,grid,transfer_region,1.9,1.0571428571,-15.338582166002471,-1114.5219032339107,-18.182950505049767,-1115.786162757628,2.8443683390472962,1.2642595237173282,-1.580108815329968,22.852386559399278
methane_grid_0060,methane,holdout,grid,transfer_region,1.9,1.1928571429,-13.615142492319865,-1114.0092452178526,-18.182950505049767,-1115.786162757628,4.567808012729902,1.776917539775468,-2.790890472954434,0.6617167972363673
methane_grid_0061,methane,holdout,grid,off_path,1.9,1.3285714286,-13.615142492319865,-1113.5323496679055,-18.182950505049767,-1115.786162757628,4.567808012729902,2.2538130897225983,-2.3139949230073036,0.6617167972363673
methane_grid_0062,methane,holdout,grid,off_path,1.9,1.4642857143,-13.615142492319865,-1113.1449899601853,-18.182950505049767,-1115.786162757628,4.567808012729902,2.6411727974427777,-1.9266352152871242,0.6617167972363673
methane_grid_0063,methane,holdout,grid,off_path,1.9,1.6,-13.615142492319865,-1112.86486405356,-18.182950505049767,-1115.786162757628,4.567808012729902,2.921298704068022,-1.64650930866188,0.6617167972363673
methane_jitter_0000,methane,holdout,jitter,product_like,1.8673049191,0.825948959,-18.023395598104017,-1115.2784052276916,-18.182950505049767,-1115.786162757628,0.15955490694575047,0.507757529936498,0.34820262299074756,2.357212944062139
methane_jitter_0001,methane,holdout,jitter,transfer_region,1.3943992348,0.872929374,-14.11992229116132,-1115.085346131991,-18.182950505049767,-1115.786162757628,4.0630282138884475,0.7008166256371169,-3.3622115882513306,13.521472813279512
methane_jitter_0002,methane,holdout,jitter,off_path,1.3787111094,1.3636848373,-17.344687726258496,-1114.9432614035559,-18.182950505049767,-1115.786162757628,0.8382627787912718,0.8429013540721826,0.004638575280910828,8.73903740109915
methane_jitter_0003,methane,holdout,jitter,reactant_like,1.143370215,1.5944959106,-18.073066408104086,-1115.5088158446865,-18.182950505049767,-1115.786162757628,0.10988409694568091,0.2773469129415389,0.167462815995858,2.344464683923288
methane_jitter_0004,methane,holdout,jitter,off_path,1.5974965953,1.5136845641,-14.342832610308562,-1114.0466337356197,-18.182950505049767,-1115.786162757628,3.840117894741205,1.7395290220083552,-2.1005888727328497,8.930495971483202
methane_jitter_0005,methane,holdout,jitter,off_path,1.4930198888,1.2980110901,-15.603984865183516,-1114.6186769773185,-18.182950505049767,-1115.786162757628,2.578965639866251,1.167485780309562,-1.4114798595566889,16.262481257618344
methane_jitter_0006,methane,holdout,jitter,off_path,1.4563142692,1.5397544713,-16.250731833412136,-1114.5569157552627,-18.182950505049767,-1115.786162757628,1.9322186716376315,1.229247002365355,-0.7029716692722765,17.428752245747923
methane_jitter_0007,methane,holdout,jitter,off_path,1.8704840661,1.3088124949,-13.611266435329552,-1113.6741128663023,-18.182950505049767,-1115.786162757628,4.571684069720215,2.112049891325796,-2.4596341783944187,1.2399731280482993
methane_jitter_0008,methane,holdout,jitter,product_like,1.5415560936,0.8469772118,-17.44751113033653,-1115.011804537247,-18.182950505049767,-1115.786162757628,0.7354393747132377,0.7743582203811457,0.03891884566790793,21.27102767563947
methane_jitter_0009,methane,holdout,jitter,transfer_region,1.5934470671,1.0926443226,-15.449798930095472,-1114.6640587069369,-18.182950505049767,-1115.786162757628,2.733151574954295,1.1221040506911777,-1.6110475242631175,20.533844736136864
methane_jitter_0010,methane,holdout,jitter,reactant_like,1.1785076185,1.4862849007,-18.064448606923825,-1115.4875996444964,-18.182950505049767,-1115.786162757628,0.1185018981259418,0.2985631131316495,0.1800612150057077,2.2561459952964706
methane_jitter_0011,methane,holdout,jitter,off_path,1.439477107,1.2894045253,-16.47333618704748,-1114.7566856115109,-18.182950505049767,-1115.786162757628,1.7096143180022878,1.0294771461171877,-0.6801371718851001,16.97024608648504
methane_jitter_0012,methane,holdout,jitter,off_path,1.0880745514,0.6931719652,-14.823113657183145,-1113.517445810402,-18.182950505049767,-1115.786162757628,3.3598368478666227,2.2687169472260393,-1.0911199006405834,2.061779803840814
methane_jitter_0013,methane,holdout,jitter,off_path,1.7857011884,1.4917685822,-13.601502008330169,-1113.4613894008428,-18.182950505049767,-1115.786162757628,4.581448496719599,2.324773356785272,-2.256675139934327,0.9674921510637926
methane_jitter_0014,methane,holdout,jitter,off_path,1.0590950791,1.050169396,-17.780048537406792,-1115.0153932264745,-18.182950505049767,-1115.786162757628,0.4029019676429755,0.770769531153519,0.3678675635105435,26.676213338331024
methane_jitter_0015,methane,holdout,jitter,off_path,1.3888194286,1.4186435028,-17.257990329360403,-1114.88269893275,-18.182950505049767,-1115.786162757628,0.924960175689364,0.9034638248781448,-0.021496350811219145,10.898505214494573
methane_jitter_0016,methane,holdout,jitter,transfer_region,1.2199883997,0.9892716558,-15.463424289903388,-1115.1999606437087,-18.182950505049767,-1115.786162757628,2.719526215146379,0.5862021139193985,-2.1333241012269806,38.97224991130477
methane_jitter_0017,methane,holdout,jitter,off_path,1.3395980209,1.317362295,-17.54048764426874,-1115.0533354533657,-18.182950505049767,-1115.786162757628,0.642462860781027,0.7328273042624005,0.09036444348137351,4.397628538374027
methane_jitter_0018,methane,holdout,jitter,transfer_region,1.0925737764,1.08991816,-18.473823734003314,-1115.2296512516955,-18.182950505049767,-1115.786162757628,-0.29087322895354717,0.5565115059325763,0.8473847348861234,6.283622818368933
methane_jitter_0019,methane,holdout,jitter,transfer_region,1.6956307121,1.1239832799,-14.103102045844242,-1114.4748498418312,-18.182950505049767,-1115.786162757628,4.079848459205525,1.3113129157968615,-2.768535543408664,13.910812218311264
methane_jitter_0020,methane,holdout,jitter,transfer_region,1.7081488457,1.096325371,-14.49645075731947,-1114.409399374247,-18.182950505049767,-1115.786162757628,3.6864997477302968,1.3767633833811033,-2.3097363643491935,18.865445020946524
methane_jitter_0021,methane,holdout,jitter,off_path,1.5020167696,1.3025082082,-15.443688981549695,-1114.5764380794808,-18.182950505049767,-1115.786162757628,2.7392615235000726,1.2097246781472677,-1.5295368453528049,15.370438899373971
methane_jitter_0022,methane,holdout,jitter,transfer_region,1.1671549609,0.9970859319,-15.876501040330469,-1115.167559862966,-18.182950505049767,-1115.786162757628,2.3064494647192983,0.6186028946619899,-1.6878465700573084,39.81566432736186
methane_jitter_0023,methane,holdout,jitter,transfer_region,1.4301062871,1.2429215399,-16.647920766633213,-1114.8735575849469,-18.182950505049767,-1115.786162757628,1.5350297384165543,0.9126051726811966,-0.6224245657353578,16.9303307083485
