geometry_id,system,sample_kind,region,transfer_distance_angstrom,donor_distance_angstrom,qm_energy_eV,hstate_energy_eV,smooth_valence_energy_eV,over_delta_eV,angle_delta_eV,qm_relative_eV,hstate_relative_eV,smooth_valence_relative_eV,hstate_residual_eV,smooth_valence_residual_eV
h3_reactant_reference_0000,h3,reactant_reference,reactant_reference,5.0,0.74144,-45.52929561847012,-4.512627573197906,-4.512627573197906,0.0,0.0,0.0,0.0,0.0,0.0,0.0
h3_product_reference_0000,h3,product_reference,product_reference,0.74144,5.0,-45.52929561847183,-4.512627573197906,-4.512627573197906,0.0,0.0,-1.7053025658242404e-12,0.0,0.0,-1.7053025658242404e-12,-1.7053025658242404e-12
h3_dense_transfer_0000,h3,dense_transfer_scan,transfer_microscope,0.84,0.8428571429,-44.97550801683555,-3.4696721092062868,-3.4696721092062868,0.0,0.0,0.5537876016345749,1.0429554639916194,1.0429554639916194,-0.48916786235704457,-0.48916786235704457
h3_dense_transfer_0001,h3,dense_transfer_scan,transfer_microscope,0.86,0.8428571429,-45.01569604084599,-3.5617235717026947,-3.5617235717026947,0.0,0.0,0.5135995776241344,0.9509040014952115,0.9509040014952115,-0.43730442387107704,-0.43730442387107704
h3_dense_transfer_0002,h3,dense_transfer_scan,transfer_microscope,0.88,0.8428571429,-45.04953306501061,-3.650627261239462,-3.650627261239462,0.0,0.0,0.4797625534595156,0.8620003119584441,0.8620003119584441,-0.3822377584989285,-0.3822377584989285
h3_dense_transfer_0003,h3,dense_transfer_scan,transfer_microscope,0.9,0.8428571429,-45.0779112123627,-3.7363257761525017,-3.7363257761525017,0.0,0.0,0.45138440610742236,0.7763017970454045,0.7763017970454045,-0.3249173909379821,-0.3249173909379821
h3_dense_transfer_0004,h3,dense_transfer_scan,transfer_microscope,0.92,0.8428571429,-45.10161893402429,-3.818709621061279,-3.818709621061279,0.0,0.0,0.42767668444583506,0.6939179521366272,0.6939179521366272,-0.26624126769079215,-0.26624126769079215
h3_dense_transfer_0005,h3,dense_transfer_scan,transfer_microscope,0.94,0.8428571429,-45.12135171363247,-3.8905226998971814,-3.8905226998971814,0.0,0.0,0.4079439048376514,0.6221048733007248,0.6221048733007248,-0.21416096846307342,-0.21416096846307342
h3_dense_transfer_0006,h3,dense_transfer_scan,transfer_microscope,0.96,0.8428571429,-45.13772135153172,-3.933545059751787,-3.933545059751787,0.0,0.0,0.3915742669384059,0.579082513446119,0.579082513446119,-0.18750824650771314,-0.18750824650771314
h3_dense_transfer_0007,h3,dense_transfer_scan,transfer_microscope,0.98,0.8428571429,-45.1512642838287,-3.9591230851618455,-3.9591230851618455,0.0,0.0,0.37803133464142036,0.5535044880360607,0.5535044880360607,-0.1754731533946403,-0.1754731533946403
h3_dense_transfer_0008,h3,dense_transfer_scan,transfer_microscope,1.0,0.8428571429,-45.162448987367426,-3.97943478165497,-3.97943478165497,0.0,0.0,0.3668466311026961,0.5331927915429362,0.5331927915429362,-0.1663461604402401,-0.1663461604402401
h3_dense_transfer_0009,h3,dense_transfer_scan,transfer_microscope,1.02,0.8428571429,-45.1716826943268,-4.001992713179578,-4.001992713179578,0.0,0.0,0.357612924143325,0.5106348600183281,0.5106348600183281,-0.15302193587500312,-0.15302193587500312
h3_dense_transfer_0010,h3,dense_transfer_scan,transfer_microscope,1.04,0.8428571429,-45.17931777514866,-4.029867910655264,-4.029867910655264,0.0,0.0,0.34997784332146153,0.4827596625426418,0.4827596625426418,-0.13278181922118026,-0.13278181922118026
h3_dense_transfer_0011,h3,dense_transfer_scan,transfer_microscope,1.06,0.8428571429,-45.185657744681286,-4.064635481716023,-4.064635481716023,0.0,0.0,0.34363787378883615,0.44799209148188357,0.44799209148188357,-0.10435421769304742,-0.10435421769304742
h3_dense_transfer_0012,h3,dense_transfer_scan,transfer_microscope,1.08,0.8428571429,-45.19096242868305,-4.108906799055033,-4.108906799055033,0.0,0.0,0.33833318978707183,0.4037207741428732,0.4037207741428732,-0.06538758435580139,-0.06538758435580139
h3_dense_transfer_0013,h3,dense_transfer_scan,transfer_microscope,1.1,0.8428571429,-45.19545245440071,-4.165219284981884,-4.165219284981884,0.0,0.0,0.33384316406941394,0.3474082882160223,0.3474082882160223,-0.013565124146608376,-0.013565124146608376
h3_dense_transfer_0014,h3,dense_transfer_scan,transfer_microscope,1.12,0.8428571429,-45.19931424163144,-4.230916619070232,-4.230916619070232,0.0,0.0,0.32998137683868123,0.2817109541276741,0.2817109541276741,0.04827042271100712,0.04827042271100712
h3_dense_transfer_0015,h3,dense_transfer_scan,transfer_microscope,1.14,0.8428571429,-45.20270507121753,-4.294370548467185,-4.294370548467185,0.0,0.0,0.32659054725259296,0.21825702473072095,0.21825702473072095,0.108333522521872,0.108333522521872
h3_dense_transfer_0016,h3,dense_transfer_scan,transfer_microscope,1.16,0.8428571429,-45.20575590331278,-4.340177079261208,-4.340177079261208,0.0,0.0,0.32353971515734514,0.1724504939366982,0.1724504939366982,0.15108922122064694,0.15108922122064694
h3_dense_transfer_0017,h3,dense_transfer_scan,transfer_microscope,1.18,0.8428571429,-45.20857301219492,-4.360268221494962,-4.360268221494962,0.0,0.0,0.3207226062752042,0.1523593517029438,0.1523593517029438,0.16836325457226042,0.16836325457226042
h3_dense_transfer_0018,h3,dense_transfer_scan,transfer_microscope,1.2,0.8428571429,-45.21124246183231,-4.36141102726101,-4.36141102726101,0.0,0.0,0.3180531566378093,0.15121654593689637,0.15121654593689637,0.16683661070091294,0.16683661070091294
h3_dense_transfer_0019,h3,dense_transfer_scan,transfer_microscope,1.22,0.8428571429,-45.21383571398944,-4.36141102726101,-4.36141102726101,0.0,0.0,0.31545990448068295,0.15121654593689637,0.15121654593689637,0.16424335854378658,0.16424335854378658
h3_dense_transfer_0020,h3,dense_transfer_scan,transfer_microscope,1.24,0.8428571429,-45.216410269244165,-4.36141102726101,-4.36141102726101,0.0,0.0,0.312885349225958,0.15121654593689637,0.15121654593689637,0.16166880328906164,0.16166880328906164
h3_dense_transfer_0021,h3,dense_transfer_scan,transfer_microscope,1.26,0.8428571429,-45.21900736177095,-4.36141102726101,-4.36141102726101,0.0,0.0,0.3102882566991738,0.15121654593689637,0.15121654593689637,0.15907171076227744,0.15907171076227744
h3_dense_transfer_0022,h3,dense_transfer_scan,transfer_microscope,1.28,0.8428571429,-45.22165537340447,-4.36141102726101,-4.36141102726101,0.0,0.0,0.3076402450656559,0.15121654593689637,0.15121654593689637,0.15642369912875953,0.15642369912875953
water_reactant_reference_0000,water,reactant_reference,reactant_reference,5.0,0.96,-4139.119228018444,-15.135009322487559,-15.135009322487559,0.0,0.0,0.0,0.0,0.0,0.0,0.0
water_product_reference_0000,water,product_reference,product_reference,0.96,5.0,-4139.119228018612,-15.135009322487559,-15.135009322487559,0.0,0.0,-1.6825651982799172e-10,0.0,0.0,-1.6825651982799172e-10,-1.6825651982799172e-10
water_dense_transfer_0000,water,dense_transfer_scan,transfer_microscope,1.08,1.0285714286,-4137.8034006296875,-6.04843901732192,-13.829953125076413,-3.578584763084658,-4.202929344669835,1.3158273887565883,9.086570305165639,1.3050561974111456,-7.77074291640905,0.010771191345442688
water_dense_transfer_0001,water,dense_transfer_scan,transfer_microscope,1.1,1.0285714286,-4137.898642239152,-7.5173027152398095,-13.929824811876689,-2.7326891290151365,-3.679832967621741,1.220585779292378,7.617706607247749,1.20518451061087,-6.397120827955371,0.01540126868150793
water_dense_transfer_0002,water,dense_transfer_scan,transfer_microscope,1.12,1.0285714286,-4137.984025472869,-8.840185393754268,-14.026037673430041,-2.0140540794233854,-3.171798200252388,1.1352025455753392,6.29482392873329,1.1089716490575174,-5.159621383157951,0.026230896517821733
water_dense_transfer_0003,water,dense_transfer_scan,transfer_microscope,1.14,1.0285714286,-4138.060804366496,-10.010928132895344,-14.11734352729115,-1.4243047357908427,-2.682110658604963,1.0584236519480328,5.124081189592214,1.0176657951964092,-4.0656575376441815,0.04075785675162358
water_dense_transfer_0004,water,dense_transfer_scan,transfer_microscope,1.16,1.0285714286,-4138.130073393572,-11.029362714880072,-14.205386835501587,-0.9588920022660814,-2.217132118355433,0.9891546248718441,4.105646607607486,0.9296224869859717,-3.116491982735642,0.059532137885872416
water_dense_transfer_0005,water,dense_transfer_scan,transfer_microscope,1.18,1.0285714286,-4138.192784040764,-11.900276894193915,-14.288680130627062,-0.6079425089455364,-1.7804607274876108,0.9264439776798099,3.2347324282936434,0.8463291918604963,-2.3082884506138335,0.08011478581931364
water_dense_transfer_0006,water,dense_transfer_scan,transfer_microscope,1.2,1.0285714286,-4138.249761842807,-12.632212094035864,-14.36637228963857,-0.35739278573759836,-1.3767674098651064,0.8694661756371715,2.502797228451694,0.7686370328489893,-1.6333310528145226,0.10082914278818222
water_dense_transfer_0007,water,dense_transfer_scan,transfer_microscope,1.22,1.0285714286,-4138.30172483687,-13.25052035306213,-14.434708284875763,-0.1759246671946541,-1.008263264618979,0.817503181574466,1.884488969425428,0.700301037611796,-1.066985787850962,0.11720214396267004
water_dense_transfer_0008,water,dense_transfer_scan,transfer_microscope,1.24,1.0285714286,-4138.349297846798,-13.752785500261021,-14.492217819850604,-0.05721521142766421,-0.6822171081619188,0.769930171645683,1.3822238222265373,0.6427915026369551,-0.6122936505808543,0.12713866900872794
water_dense_transfer_0009,water,dense_transfer_scan,transfer_microscope,1.26,1.0285714286,-4138.393021556673,-14.112548442236886,-14.54239287668523,-0.016815025321536056,-0.4130294091268081,0.7262064617707438,1.022460880250673,0.592616445802328,-0.29625441847992917,0.1335900159684158
water_dense_transfer_0010,water,dense_transfer_scan,transfer_microscope,1.28,1.0285714286,-4138.433356238197,-14.3718830774005,-14.587599404153238,-0.004588065790515798,-0.21112826096222193,0.6858717802469982,0.763126245087058,0.5474099183343206,-0.07725446484005971,0.13846186191267762
water_dense_transfer_0011,water,dense_transfer_scan,transfer_microscope,1.3,1.0285714286,-4138.47067864717,-14.551369786267177,-14.628969312135737,-0.0006464832602808369,-0.07695304260827962,0.6485493712743846,0.5836395362203817,0.5060400103518212,0.06490983505400294,0.1425093609225634
water_dense_transfer_0012,water,dense_transfer_scan,transfer_microscope,1.32,1.0285714286,-4138.505301404755,-14.657025571099016,-14.666869182009314,-1.136383329617231e-05,-0.009832247077002365,0.6139266136888182,0.47798375138854254,0.46814014047824415,0.13594286230027564,0.14578647321057403
water_dense_transfer_0013,water,dense_transfer_scan,transfer_microscope,1.34,1.0285714286,-4138.359175758805,-14.70149631550484,-14.70149631550484,0.0,0.0,0.7600522596394512,0.433513006982718,0.433513006982718,0.3265392526567332,0.3265392526567332
water_dense_transfer_0014,water,dense_transfer_scan,transfer_microscope,1.36,1.0285714286,-4138.41223143956,-14.732707334229936,-14.732707334229936,0.0,0.0,0.7069965788841728,0.40230198825762287,0.40230198825762287,0.3046945906265499,0.3046945906265499
water_dense_transfer_0015,water,dense_transfer_scan,transfer_microscope,1.38,1.0285714286,-4138.46258794179,-14.762859958990102,-14.762859958990102,0.0,0.0,0.6566400766541847,0.3721493634974564,0.3721493634974564,0.28449071315672825,0.28449071315672825
water_dense_transfer_0016,water,dense_transfer_scan,transfer_microscope,1.4,1.0285714286,-4138.510302873076,-14.795642476173075,-14.795642476173075,0.0,0.0,0.6089251453677207,0.33936684631448344,0.33936684631448344,0.26955829905323725,0.26955829905323725
water_dense_transfer_0017,water,dense_transfer_scan,transfer_microscope,1.42,1.0285714286,-4138.5554243140605,-14.83449400707593,-14.83449400707593,0.0,0.0,0.5638037043836448,0.30051531541162824,0.30051531541162824,0.26328838897201656,0.26328838897201656
water_dense_transfer_0018,water,dense_transfer_scan,transfer_microscope,1.44,1.0285714286,-4138.598031232143,-14.880480607038969,-14.880480607038969,0.0,0.0,0.5211967863015161,0.2545287154485898,0.2545287154485898,0.2666680708529263,0.2666680708529263
water_dense_transfer_0019,water,dense_transfer_scan,transfer_microscope,1.46,1.0285714286,-4138.638147471282,-14.930462397254265,-14.930462397254265,0.0,0.0,0.4810805471624917,0.2045469252332932,0.2045469252332932,0.2765336219291985,0.2765336219291985
water_dense_transfer_0020,water,dense_transfer_scan,transfer_microscope,1.48,1.0285714286,-4138.675826062988,-14.977394087484917,-14.977394087484917,0.0,0.0,0.44340195545646566,0.15761523500264119,0.15761523500264119,0.28578672045382447,0.28578672045382447
water_dense_transfer_0021,water,dense_transfer_scan,transfer_microscope,1.5,1.0285714286,-4138.7112036449325,-15.013498561270788,-15.013498561270788,0.0,0.0,0.40802437351158005,0.12151076121677029,0.12151076121677029,0.28651361229480976,0.28651361229480976
water_dense_transfer_0022,water,dense_transfer_scan,transfer_microscope,1.52,1.0285714286,-4138.744332962799,-15.034122974778452,-15.034122974778452,0.0,0.0,0.3748950556455384,0.10088634770910687,0.10088634770910687,0.2740087079364315,0.2740087079364315
water_dense_transfer_0023,water,dense_transfer_scan,transfer_microscope,1.54,1.0285714286,-4138.775243356848,-15.039030186499849,-15.039030186499849,0.0,0.0,0.3439846615965507,0.0959791359877098,0.0959791359877098,0.24800552560884093,0.24800552560884093
water_dense_transfer_0024,water,dense_transfer_scan,transfer_microscope,1.56,1.0285714286,-4138.804090220661,-15.039030186499849,-15.039030186499849,0.0,0.0,0.31513779778288153,0.0959791359877098,0.0959791359877098,0.21915866179517174,0.21915866179517174
water_dense_transfer_0025,water,dense_transfer_scan,transfer_microscope,1.58,1.0285714286,-4138.830993008928,-15.039030186499849,-15.039030186499849,0.0,0.0,0.2882350095160291,0.0959791359877098,0.0959791359877098,0.1922558735283193,0.1922558735283193
water_dense_transfer_0026,water,dense_transfer_scan,transfer_microscope,1.6,1.0285714286,-4138.855954871499,-15.039030186499849,-15.039030186499849,0.0,0.0,0.26327314694481174,0.0959791359877098,0.0959791359877098,0.16729401095710195,0.16729401095710195
water_dense_transfer_0027,water,dense_transfer_scan,transfer_microscope,1.62,1.0285714286,-4138.879066206727,-15.039030186499849,-15.039030186499849,0.0,0.0,0.24016181171737117,0.0959791359877098,0.0959791359877098,0.14418267572966137,0.14418267572966137
water_dense_transfer_0028,water,dense_transfer_scan,transfer_microscope,1.64,1.0285714286,-4138.900530246584,-15.039030186499849,-15.039030186499849,0.0,0.0,0.21869777186020656,0.0959791359877098,0.0959791359877098,0.12271863587249676,0.12271863587249676
formaldehyde_reactant_reference_0000,formaldehyde,reactant_reference,reactant_reference,5.0,1.09,-3128.712103255752,-15.278360339065305,-15.278360339065305,0.0,0.0,0.0,0.0,0.0,0.0,0.0
formaldehyde_product_reference_0000,formaldehyde,product_reference,product_reference,0.74144,5.0,-3129.2079963042843,-15.716946152270513,-15.716946152270513,0.0,0.0,-0.4958930485322526,-0.43858581320520784,-0.43858581320520784,-0.05730723532704474,-0.05730723532704474
formaldehyde_dense_transfer_0000,formaldehyde,dense_transfer_scan,transfer_microscope,0.84,1.3857142857,-3128.5198545859234,-15.558696945785833,-15.558696945785833,0.0,0.0,0.19224866982858657,-0.2803366067205282,-0.2803366067205282,0.47258527654911475,0.47258527654911475
formaldehyde_dense_transfer_0001,formaldehyde,dense_transfer_scan,transfer_microscope,0.86,1.3857142857,-3128.538540172527,-15.559440092718685,-15.559440092718685,0.0,0.0,0.1735630832249626,-0.2810797536533798,-0.2810797536533798,0.4546428368783424,0.4546428368783424
formaldehyde_dense_transfer_0002,formaldehyde,dense_transfer_scan,transfer_microscope,0.88,1.3857142857,-3128.550174803572,-15.556813972424669,-15.556813972424669,0.0,0.0,0.1619284521798363,-0.2784536333593639,-0.2784536333593639,0.4403820855392002,0.4403820855392002
formaldehyde_dense_transfer_0003,formaldehyde,dense_transfer_scan,transfer_microscope,0.9,1.3857142857,-3128.5556879220735,-15.551737835616924,-15.551737835616924,0.0,0.0,0.1564153336785239,-0.27337749655161936,-0.27337749655161936,0.42979283023014325,0.42979283023014325
formaldehyde_dense_transfer_0004,formaldehyde,dense_transfer_scan,transfer_microscope,0.92,1.3857142857,-3128.55591278455,-15.545000454999599,-15.545000454999599,0.0,0.0,0.15619047120208052,-0.26664011593429393,-0.26664011593429393,0.42283058713637445,0.42283058713637445
formaldehyde_dense_transfer_0005,formaldehyde,dense_transfer_scan,transfer_microscope,0.94,1.3857142857,-3128.551597634878,-15.517447960239178,-15.517447960239178,0.0,0.0,0.1605056208741189,-0.23908762117387283,-0.23908762117387283,0.39959324204799174,0.39959324204799174
formaldehyde_dense_transfer_0006,formaldehyde,dense_transfer_scan,transfer_microscope,0.96,1.3857142857,-3128.543415087589,-15.411326242890174,-15.411326242890174,0.0,0.0,0.16868816816304388,-0.1329659038248696,-0.1329659038248696,0.3016540719879135,0.3016540719879135
formaldehyde_dense_transfer_0007,formaldehyde,dense_transfer_scan,transfer_microscope,0.98,1.3857142857,-3128.531969909391,-15.242699664389281,-15.242699664389281,0.0,0.0,0.18013334636088985,0.03566067467602352,0.03566067467602352,0.14447267168486633,0.14447267168486633
formaldehyde_dense_transfer_0008,formaldehyde,dense_transfer_scan,transfer_microscope,1.0,1.3857142857,-3128.5178057548574,-15.039367476191615,-15.039367476191615,0.0,0.0,0.19429750089466324,0.23899286287369037,0.23899286287369037,-0.044695361979027126,-0.044695361979027126
formaldehyde_dense_transfer_0009,formaldehyde,dense_transfer_scan,transfer_microscope,1.02,1.3857142857,-3128.501410733337,-14.832105986433083,-14.832105986433083,0.0,0.0,0.21069252241522918,0.4462543526322218,0.4462543526322218,-0.23556183021699262,-0.23556183021699262
formaldehyde_dense_transfer_0010,formaldehyde,dense_transfer_scan,transfer_microscope,1.04,1.3857142857,-3128.4832223753433,-14.650050721577943,-14.650050721577943,0.0,0.0,0.2288808804087239,0.6283096174873624,0.6283096174873624,-0.39942873707863846,-0.39942873707863846
formaldehyde_dense_transfer_0011,formaldehyde,dense_transfer_scan,transfer_microscope,1.06,1.3857142857,-3128.4636319179363,-14.515838869356882,-14.515838869356882,0.0,0.0,0.24847133781577213,0.7625214697084228,0.7625214697084228,-0.5140501318926507,-0.5140501318926507
formaldehyde_dense_transfer_0012,formaldehyde,dense_transfer_scan,transfer_microscope,1.08,1.3857142857,-3128.4429880506914,-14.44223006023542,-14.44223006023542,0.0,0.0,0.26911520506064335,0.8361302788298843,0.8361302788298843,-0.567015073769241,-0.567015073769241
formaldehyde_dense_transfer_0013,formaldehyde,dense_transfer_scan,transfer_microscope,1.1,1.3857142857,-3128.4216002995377,-14.429757675176804,-14.429757675176804,0.0,0.0,0.29050295621436817,0.8486026638885011,0.8486026638885011,-0.558099707674133,-0.558099707674133
formaldehyde_dense_transfer_0014,formaldehyde,dense_transfer_scan,transfer_microscope,1.12,1.3857142857,-3128.39974217119,-14.46413942789613,-14.46413942789613,0.0,0.0,0.3123610845618714,0.8142209111691745,0.8142209111691745,-0.5018598266073031,-0.5018598266073031
formaldehyde_dense_transfer_0015,formaldehyde,dense_transfer_scan,transfer_microscope,1.14,1.3857142857,-3128.3776541406205,-14.51783487655461,-14.51783487655461,0.0,0.0,0.33444911513151965,0.7605254625106941,0.7605254625106941,-0.42607634737917444,-0.42607634737917444
formaldehyde_dense_transfer_0016,formaldehyde,dense_transfer_scan,transfer_microscope,1.16,1.3857142857,-3128.3555460209095,-14.562058332894377,-14.562058332894377,0.0,0.0,0.3565572348425121,0.7163020061709275,0.7163020061709275,-0.3597447713284154,-0.3597447713284154
formaldehyde_dense_transfer_0017,formaldehyde,dense_transfer_scan,transfer_microscope,1.18,1.3857142857,-3128.333599197464,-14.589142343857853,-14.589142343857853,0.0,0.0,0.37850405828794464,0.6892179952074518,0.6892179952074518,-0.3107139369195071,-0.3107139369195071
formaldehyde_dense_transfer_0018,formaldehyde,dense_transfer_scan,transfer_microscope,1.2,1.3857142857,-3128.311969440319,-14.59109890467536,-14.59109890467536,0.0,0.0,0.40013381543303694,0.6872614343899457,0.6872614343899457,-0.28712761895690875,-0.28712761895690875
formaldehyde_dense_transfer_0019,formaldehyde,dense_transfer_scan,transfer_microscope,1.22,1.3857142857,-3128.290789258928,-14.59109890467536,-14.59109890467536,0.0,0.0,0.42131399682421034,0.6872614343899457,0.6872614343899457,-0.26594743756573536,-0.26594743756573536
formaldehyde_dense_transfer_0020,formaldehyde,dense_transfer_scan,transfer_microscope,1.24,1.3857142857,-3128.2701691997395,-14.59109890467536,-14.59109890467536,0.0,0.0,0.441934056012542,0.6872614343899457,0.6872614343899457,-0.2453273783774037,-0.2453273783774037
formaldehyde_dense_transfer_0021,formaldehyde,dense_transfer_scan,transfer_microscope,1.26,1.3857142857,-3128.2501994565037,-14.59109890467536,-14.59109890467536,0.0,0.0,0.46190379924837544,0.6872614343899457,0.6872614343899457,-0.22535763514157026,-0.22535763514157026
formaldehyde_dense_transfer_0022,formaldehyde,dense_transfer_scan,transfer_microscope,1.28,1.3857142857,-3128.230952639451,-14.59109890467536,-14.59109890467536,0.0,0.0,0.48115061630096534,0.6872614343899457,0.6872614343899457,-0.20611081808898035,-0.20611081808898035
methane_reactant_reference_0000,methane,reactant_reference,reactant_reference,5.0,1.09,-1115.7861627576292,-18.182950505049764,-18.182950505049764,0.0,0.0,0.0,0.0,0.0,0.0,0.0
methane_product_reference_0000,methane,product_reference,product_reference,0.74144,5.0,-1115.2449136524867,-18.127770065517772,-18.127770065517772,0.0,0.0,0.5412491051424695,0.055180439531991254,0.055180439531991254,0.48606866561047823,0.48606866561047823
methane_dense_transfer_0000,methane,dense_transfer_scan,transfer_microscope,0.84,1.3857142857,-1115.0840765090138,-17.779771549267863,-17.779771549267863,0.0,0.0,0.7020862486153874,0.40317895578190033,0.40317895578190033,0.29890729283348705,0.29890729283348705
methane_dense_transfer_0001,methane,dense_transfer_scan,transfer_microscope,0.86,1.3857142857,-1115.1062736163965,-17.805657540714865,-17.805657540714865,0.0,0.0,0.6798891412327066,0.3772929643348988,0.3772929643348988,0.3025961768978078,0.3025961768978078
methane_dense_transfer_0002,methane,dense_transfer_scan,transfer_microscope,0.88,1.3857142857,-1115.1218533049846,-17.82884337745182,-17.82884337745182,0.0,0.0,0.6643094526446021,0.3541071275979455,0.3541071275979455,0.31020232504665657,0.31020232504665657
methane_dense_transfer_0003,methane,dense_transfer_scan,transfer_microscope,0.9,1.3857142857,-1115.1317447119097,-17.85003277099601,-17.85003277099601,0.0,0.0,0.654418045719467,0.3329177340537548,0.3329177340537548,0.32150031166571225,0.32150031166571225
methane_dense_transfer_0004,methane,dense_transfer_scan,transfer_microscope,0.92,1.3857142857,-1115.1367783041985,-17.869778291856434,-17.869778291856434,0.0,0.0,0.6493844534306845,0.31317221319332944,0.31317221319332944,0.3362122402373551,0.3362122402373551
methane_dense_transfer_0005,methane,dense_transfer_scan,transfer_microscope,0.94,1.3857142857,-1115.1376964158392,-17.87188419896907,-17.87188419896907,0.0,0.0,0.6484663417900265,0.3110663060806935,0.3110663060806935,0.33740003570933297,0.33740003570933297
methane_dense_transfer_0006,methane,dense_transfer_scan,transfer_microscope,0.96,1.3857142857,-1115.1351620745086,-17.80913774291275,-17.80913774291275,0.0,0.0,0.6510006831206283,0.373812762137014,0.373812762137014,0.27718792098361433,0.27718792098361433
methane_dense_transfer_0007,methane,dense_transfer_scan,transfer_microscope,0.98,1.3857142857,-1115.1297664497174,-17.69771142417335,-17.69771142417335,0.0,0.0,0.6563963079117912,0.4852390808764149,0.4852390808764149,0.17115722703537628,0.17115722703537628
methane_dense_transfer_0008,methane,dense_transfer_scan,transfer_microscope,1.0,1.3857142857,-1115.1220352724151,-17.562201776153294,-17.562201776153294,0.0,0.0,0.6641274852140668,0.6207487288964693,0.6207487288964693,0.04337875631759758,0.04337875631759758
methane_dense_transfer_0009,methane,dense_transfer_scan,transfer_microscope,1.02,1.3857142857,-1115.1124344217199,-17.426385151601373,-17.426385151601373,0.0,0.0,0.6737283359093453,0.7565653534483907,0.7565653534483907,-0.08283701753904538,-0.08283701753904538
methane_dense_transfer_0010,methane,dense_transfer_scan,transfer_microscope,1.04,1.3857142857,-1115.1013749950237,-17.30938096855882,-17.30938096855882,0.0,0.0,0.6847877626055379,0.8735695364909439,0.8735695364909439,-0.18878177388540607,-0.18878177388540607
methane_dense_transfer_0011,methane,dense_transfer_scan,transfer_microscope,1.06,1.3857142857,-1115.0892179309435,-17.224700641420462,-17.224700641420462,0.0,0.0,0.6969448266856944,0.9582498636293018,0.9582498636293018,-0.2613050369436074,-0.2613050369436074
methane_dense_transfer_0012,methane,dense_transfer_scan,transfer_microscope,1.08,1.3857142857,-1115.0762782082288,-17.18143597057276,-17.18143597057276,0.0,0.0,0.7098845494003854,1.0015145344770033,1.0015145344770033,-0.29162998507661797,-0.29162998507661797
methane_dense_transfer_0013,methane,dense_transfer_scan,transfer_microscope,1.1,1.3857142857,-1115.0628288215808,-17.183099068988902,-17.183099068988902,0.0,0.0,0.7233339360484479,0.9998514360608617,0.9998514360608617,-0.2765175000124138,-0.2765175000124138
methane_dense_transfer_0014,methane,dense_transfer_scan,transfer_microscope,1.12,1.3857142857,-1115.0491047991832,-17.22203069010956,-17.22203069010956,0.0,0.0,0.7370579584460302,0.9609198149402047,0.9609198149402047,-0.22386185649417456,-0.22386185649417456
methane_dense_transfer_0015,methane,dense_transfer_scan,transfer_microscope,1.14,1.3857142857,-1115.0353068001518,-17.27657813169903,-17.27657813169903,0.0,0.0,0.7508559574773699,0.9063723733507345,0.9063723733507345,-0.15551641587336462,-0.15551641587336462
methane_dense_transfer_0016,methane,dense_transfer_scan,transfer_microscope,1.16,1.3857142857,-1115.0216040343857,-17.32086716342923,-17.32086716342923,0.0,0.0,0.7645587232434536,0.8620833416205329,0.8620833416205329,-0.09752461837707926,-0.09752461837707926
methane_dense_transfer_0017,methane,dense_transfer_scan,transfer_microscope,1.18,1.3857142857,-1115.0081373816533,-17.31611574384323,-17.31611574384323,0.0,0.0,0.778025375975858,0.8668347612065332,0.8668347612065332,-0.08880938523067528,-0.08880938523067528
methane_dense_transfer_0018,methane,dense_transfer_scan,transfer_microscope,1.2,1.3857142857,-1114.995023136077,-17.31025159015739,-17.31025159015739,0.0,0.0,0.7911396215522473,0.8726989148923749,0.8726989148923749,-0.08155929334012768,-0.08155929334012768
methane_dense_transfer_0019,methane,dense_transfer_scan,transfer_microscope,1.22,1.3857142857,-1114.9823559001202,-17.31025159015739,-17.31025159015739,0.0,0.0,0.8038068575090165,0.8726989148923749,0.8726989148923749,-0.06889205738335846,-0.06889205738335846
methane_dense_transfer_0020,methane,dense_transfer_scan,transfer_microscope,1.24,1.3857142857,-1114.9702099342373,-17.31025159015739,-17.31025159015739,0.0,0.0,0.8159528233918536,0.8726989148923749,0.8726989148923749,-0.056746091500521345,-0.056746091500521345
methane_dense_transfer_0021,methane,dense_transfer_scan,transfer_microscope,1.26,1.3857142857,-1114.958641034212,-17.31025159015739,-17.31025159015739,0.0,0.0,0.8275217234172487,0.8726989148923749,0.8726989148923749,-0.04517719147512622,-0.04517719147512622
methane_dense_transfer_0022,methane,dense_transfer_scan,transfer_microscope,1.28,1.3857142857,-1114.9476902637427,-17.31025159015739,-17.31025159015739,0.0,0.0,0.8384724938864565,0.8726989148923749,0.8726989148923749,-0.03422642100591844,-0.03422642100591844
