path_index,grid_i,grid_j,donor_ch_A,forming_hh_A,grid_energy_eV,relative_to_reactant_eV,reactant_diag_eV,product_diag_eV,signed_gap_product_minus_reactant_eV,abs_gap_eV,coupling_eV,reactant_covalent_eV,reactant_wall_total_eV,reactant_unoccupied_hh_wall_eV,product_covalent_eV,product_wall_total_eV,product_unoccupied_breaking_ch_wall_eV,lowest_h_state_component_eV,mixing_lowering_from_lower_diagonal_eV,full_energy_eV,state_count,candidate_edge_count,donor_edge_active
0,2,24,1.08,1.6100000000000008,-15.289267965344397,0.0,nan,nan,nan,nan,nan,nan,nan,nan,nan,nan,nan,-7.51604130199193,nan,-15.289267965344397,1,2,0
1,2,23,1.08,1.5700000000000007,-15.289267965128104,2.162927614790533e-10,nan,nan,nan,nan,nan,nan,nan,nan,nan,nan,nan,-7.51604130199193,nan,-15.289267965128104,1,2,0
2,2,22,1.08,1.5300000000000007,-15.289267964911778,4.326192737380552e-10,nan,nan,nan,nan,nan,nan,nan,nan,nan,nan,nan,-7.5160413019919305,nan,-15.289267964911778,1,2,0
3,2,21,1.08,1.4900000000000007,-15.289267964695423,6.489742077064875e-10,nan,nan,nan,nan,nan,nan,nan,nan,nan,nan,nan,-7.516041301991928,nan,-15.289267964695423,1,2,0
4,2,20,1.08,1.4500000000000006,-15.289267964479036,8.65361116098029e-10,nan,nan,nan,nan,nan,nan,nan,nan,nan,nan,nan,-7.51604130199193,nan,-15.289267964479036,1,2,0
5,2,19,1.08,1.4100000000000006,-15.289267964262622,1.0817746698421615e-09,nan,nan,nan,nan,nan,nan,nan,nan,nan,nan,nan,-7.51604130199193,nan,-15.289267964262622,1,2,0
6,2,18,1.08,1.3700000000000006,-15.289267964046171,1.2982255270799214e-09,nan,nan,nan,nan,nan,nan,nan,nan,nan,nan,nan,-7.51604130199193,nan,-15.289267964046171,1,2,0
7,2,17,1.08,1.3300000000000005,-15.289267963829696,1.514701253313433e-09,nan,nan,nan,nan,nan,nan,nan,nan,nan,nan,nan,-7.516041301991928,nan,-15.289267963829696,1,2,0
8,2,16,1.08,1.2900000000000005,-15.289267963613108,1.7312888900278267e-09,nan,nan,nan,nan,nan,nan,nan,nan,nan,nan,nan,-7.516041301991841,nan,-15.289267963613108,1,2,0
9,2,15,1.08,1.2500000000000004,-15.289267963395949,1.9484485136445073e-09,nan,nan,nan,nan,nan,nan,nan,nan,nan,nan,nan,-7.516041301991306,nan,-15.289267963395949,1,2,0
10,2,14,1.08,1.2100000000000004,-15.289267963162956,2.1814408057707624e-09,nan,nan,nan,nan,nan,nan,nan,nan,nan,nan,nan,-7.516041301973699,nan,-15.289267963162956,1,2,0
11,2,13,1.08,1.1700000000000004,-15.279513046726798,0.009754918617598918,-7.506281212437631,5.688778212681104,13.195059425118735,13.195059425118735,0.008262116216871285,-7.516041301891834,0.009760089454202942,0.009760089454202942,-3.787594175897299,9.476372388578403,9.476372388578403,-7.506286385778305,-5.173340674069493e-06,-15.279513046726798,2,3,1
12,3,13,1.12,1.1700000000000004,-15.266711697196419,0.022556268147978287,-7.493479570658445,4.785716008817387,12.279195579475832,12.279195579475832,0.008262116216869885,-7.503239660112646,0.009760089454201802,0.009760089454201802,-3.787594175890094,8.57331018470748,8.57331018470748,-7.49348512986084,-5.559202395311047e-06,-15.266711697196419,2,3,1
13,4,13,1.1600000000000001,1.1700000000000004,-15.2215089159755,0.0677590493688971,-7.448273975637596,3.9582036445820887,11.406477620219684,11.406477620219684,0.008262116216872263,-7.4580340650918,0.009760089454203742,0.009760089454203742,-3.787594175997397,7.745797820579486,7.745797820579486,-7.448279960178209,-5.98454061329079e-06,-15.2215089159755,2,3,1
14,5,13,1.2000000000000002,1.1700000000000004,-15.15061577482493,0.1386521905194673,-7.377380536438987,3.2019522864430314,10.57933282288202,10.57933282288202,0.008262116216871635,-7.38714062589319,0.009760089454203227,0.009760089454203227,-3.7875941759966114,6.989546462439643,6.989546462439643,-7.377386988880167,-6.4524411795829906e-06,-15.15061577482493,2,3,1
15,6,13,1.2400000000000002,1.1700000000000004,-15.059683187451363,0.22958477789303444,-7.286449984299591,2.5118301159254615,9.798280100225053,9.798280100225053,0.008262116216868624,-7.296210073753792,0.009760089454200774,0.009760089454200774,-3.7875941759233265,6.299424291848788,6.299424291848788,-7.2864569510851025,-6.966785511153262e-06,-15.059683187451363,2,3,1
16,7,13,1.2800000000000002,1.1700000000000004,-14.95345843279311,0.33580953255128776,-7.1802219919658254,1.8841638621593662,9.064385854125192,9.064385854125192,0.008262116216869324,-7.189982081420027,0.009760089454201345,0.009760089454201345,-3.787594175985668,5.671758038145034,5.671758038145034,-7.180229522813339,-7.5308475135926756e-06,-14.95345843279311,2,3,1
17,7,12,1.2800000000000002,1.1300000000000003,-14.845271072327991,0.443996893016406,-7.063819059061588,1.5379187494886857,8.601737808550274,8.601737808550274,0.266083821903269,-7.189982081431728,0.1261630223701396,0.1261630223701396,-4.115872896940824,5.65379164642951,5.65379164642951,-7.0720421626274845,-0.008223103565896395,-14.845271072327991,2,3,1
18,7,11,1.2800000000000002,1.0900000000000003,-14.678635509977651,0.6106324553667459,-6.806165101766276,0.6357434858392157,7.441908587605492,7.441908587605492,0.8651670725839808,-7.189982081431667,0.383816979665391,0.383816979665391,-4.782628673508929,5.418372159348145,5.418372159348145,-6.905422179085896,-0.09925707731961975,-14.678635509977651,2,3,1
19,7,10,1.2800000000000002,1.0500000000000003,-14.561569934250477,0.7276980310939205,-6.4244354721515595,-0.8336675145533157,5.590767957598244,5.590767957598244,1.4726255025012736,-7.189982081431751,0.7655466092801911,0.7655466092801911,-5.679330852973994,4.845663338420678,4.845663338420678,-6.788608022288727,-0.36417255013716776,-14.561569934250477,2,3,1
20,7,9,1.2800000000000002,1.0100000000000002,-14.534479736084695,0.7547882292597023,-5.972906706845767,-2.218935793875934,3.753970912969833,3.753970912969833,1.8947192744495904,-7.189982081431747,1.2170753745859804,1.2170753745859804,-6.624952215041398,4.406016421165464,4.406016421165464,-6.762948721690435,-0.7900420148446683,-14.534479736084695,2,3,1
21,7,8,1.2800000000000002,0.9700000000000003,-14.539186976403798,0.7500809889405993,-5.5368517173276475,-3.117558021978116,2.4192936953495314,2.4192936953495314,2.1241666802482864,-7.189982081431747,1.6531303641041,1.6531303641041,-7.4052758512013135,4.287717829223197,4.287717829223197,-6.771653597191776,-1.2348018798641283,-14.539186976403798,2,3,1
22,8,8,1.3200000000000003,0.9700000000000003,-14.573424390170182,0.7158435751742154,-5.419287727104891,-3.558542168653373,1.8607455584515176,1.8607455584515176,2.124166680248285,-7.072418091208984,1.6531303641040938,1.6531303641040938,-7.4052758512013055,3.8467336825479324,3.8467336825479324,-6.8078969645841525,-1.3886092374792618,-14.573424390170182,2,3,1
23,8,7,1.3200000000000003,0.9300000000000003,-14.577454718778958,0.7118132465654394,-5.098479412284595,-4.001879432283825,1.0965999800007697,1.0965999800007697,2.2011368978642287,-7.072418091202861,1.9739386789182665,1.9739386789182665,-7.826289947663035,3.82441051537921,3.82441051537921,-6.818578973107165,-1.72009956082257,-14.577454718778958,2,3,1
24,9,7,1.3600000000000003,0.9300000000000003,-14.662325893552842,0.6269420717915555,-4.9725365781843776,-4.403214576716575,0.5693220014678024,0.5693220014678024,2.2010194628961703,-6.946475257113749,1.973938678929372,1.973938678929372,-7.826289947668892,3.4230753709523167,3.4230753709523167,-6.907226509904957,-1.9346899317205795,-14.662325893552842,2,3,1
25,9,6,1.3600000000000003,0.8900000000000002,-14.609288570899935,0.6799793944444623,-4.749289418440666,-4.563577455210817,0.18571196322984918,0.18571196322984918,2.2014324614248193,-6.946475256962356,2.197185838521689,2.197185838521689,-7.974347796951929,3.4107703417411126,3.4107703417411126,-6.859823351374823,-2.110533932934157,-14.609288570899935,2,3,1
26,9,5,1.3600000000000003,0.8500000000000002,-14.550853406076373,0.7384145592680245,-4.506350133745847,-4.703123249097524,-0.19677311535167696,0.19677311535167696,2.2014324614248193,-6.946475257114008,2.440125123368161,2.440125123368161,-8.099967661024476,3.396844411926952,3.396844411926952,-6.808366605210804,-2.10524335611328,-14.550853406076373,2,3,1
27,10,5,1.4000000000000004,0.8500000000000002,-14.668955799625973,0.6203121657184241,-4.282118599862937,-5.167896643781169,-0.8857780439182319,0.8857780439182319,2.167159901681843,-6.722550553242378,2.440431953379442,2.440431953379442,-8.099967661024474,2.932071017243305,2.932071017243305,-6.936959864803252,-1.7690632210220834,-14.668955799625973,2,3,1
28,10,4,1.4000000000000004,0.8100000000000002,-14.628843820176979,0.6604241451674184,-4.017743384608212,-5.279882424117171,-1.2621390395089591,1.2621390395089591,2.1671599016818446,-6.7225505532423835,2.7048071686341713,2.7048071686341713,-8.197221394418703,2.9173389703015316,2.9173389703015316,-6.905986087399565,-1.626103663282394,-14.628843820176979,2,3,1
29,10,3,1.4000000000000004,0.7700000000000001,-14.570120224481506,0.7191477408628906,-3.7311488125080405,-5.354245125533856,-1.6230963130258154,1.6230963130258154,2.167159901681842,-6.722550553242375,2.991401740734334,2.991401740734334,-8.257046486379206,2.9028013608453507,2.9028013608453507,-6.856825843953619,-1.5025807184197628,-14.570120224481506,2,3,1
30,11,3,1.4400000000000004,0.7700000000000001,-14.747827245707452,0.5414407196369453,-3.3477453268653563,-5.916913401194222,-2.5691680743288656,2.5691680743288656,2.06755704120921,-6.3550585912076105,3.007313264342254,3.007313264342254,-8.257046486378776,2.340133085184554,2.340133085184554,-7.066451026394153,-1.1495376251999314,-14.747827245707452,2,3,1
31,11,2,1.4400000000000004,0.7300000000000001,-14.686938479378128,0.6023294859662691,-3.0366851908313626,-5.939901705789428,-2.903216514958065,2.903216514958065,2.067557041209212,-6.355058591199187,3.3183734003678245,3.3183734003678245,-8.26846829427173,2.3285665884823015,2.3285665884823015,-7.014547325464294,-1.0746456196748664,-14.686938479378128,2,3,1
32,12,2,1.4800000000000004,0.7300000000000001,-14.887819291465053,0.4014486738793437,-2.452840294047539,-6.534146016752269,-4.08130572270473,4.08130572270473,1.8912431133736343,-5.891118659935044,3.438278365887505,3.438278365887505,-8.268468294280588,1.7343222775283191,1.7343222775283191,-7.275770031346795,-0.7416240145945263,-14.887819291465053,2,3,1
33,13,2,1.5200000000000005,0.7300000000000001,-15.085765539119295,0.20350242622510173,-1.6006910755429002,-7.099378947520649,-5.498687871977749,5.498687871977749,1.6242134862272557,-5.384570298302545,3.783879222759645,3.783879222759645,-8.268468294276378,1.1690893467557286,1.1690893467557286,-7.5433031692663075,-0.44392422174565827,-15.085765539119295,2,3,1
34,14,2,1.5600000000000005,0.7300000000000001,-15.305238065704174,-0.01597010035977675,-0.5412141753929083,-7.5547063634199025,-7.013492188026994,7.013492188026994,1.260998633891993,-4.888906951849629,4.347692776456721,4.347692776456721,-8.268468294276618,0.7137619308567149,0.7137619308567149,-7.774538555523094,-0.21983219210319138,-15.305238065704174,2,3,1
35,15,2,1.6000000000000005,0.7300000000000001,-15.54720840438133,-0.25794043903693264,0.43955376281021685,-7.883728848128634,-8.32328261093885,8.32328261093885,0.826344424800863,-4.451049727711922,4.890603490522139,4.890603490522139,-8.268468294280467,0.3847394461518331,0.3847394461518331,-7.964976118121535,-0.08124726999290122,-15.54720840438133,2,3,1
36,16,2,1.6400000000000006,0.7300000000000001,-15.77715347551096,-0.48788551016656356,1.0666556242958007,-8.096717609292785,-9.163373233588587,9.163373233588587,0.3997922409788147,-4.106617813213297,5.173273437509097,5.173273437509097,-8.268468294267947,0.17175068497516305,0.17175068497516305,-8.11412721789526,-0.017409608602475757,-15.77715347551096,2,3,1
37,17,2,1.6800000000000006,0.7300000000000001,-15.949661043845236,-0.6603930785008387,1.3613570350986404,-8.215124042931803,-9.576481078030444,9.576481078030444,0.10360874847471523,-3.8770804643745604,5.238437499473201,5.238437499473201,-8.268468294280588,0.053344251348784566,0.053344251348784566,-8.216244863453912,-0.001120820522109156,-15.949661043845236,2,3,1
38,18,2,1.7200000000000006,0.7300000000000001,-16.033555951611614,-0.7442879862672171,1.4733651184640895,-8.264079764352347,-9.737444882816437,9.737444882816437,0.0033440194959090904,-3.768896552105935,5.2422616705700245,5.2422616705700245,-8.268468294277316,0.0043885299249690176,0.0043885299249690176,-8.26408091275064,-1.14839829201685e-06,-16.033555951611614,2,3,1
39,19,2,1.7600000000000007,0.7300000000000001,-16.041697293606912,-0.7524293282625152,nan,-8.268468294280588,nan,nan,nan,nan,nan,0.0,-8.268468294280588,0.0,nan,-8.268468294280588,nan,-16.041697293606912,1,2,0
