system,approach,contact_distance_A,stored_exch10_eV,rerun_exch10_eV,exch10_difference_eV,exchange_component_eV,electrostatics_eV,induction_eV,dispersion_eV,nonexchange_sum_eV,sapt_total_eV,component_sum_eV,total_minus_component_sum_eV,attractive_offset_from_exchange_eV,exchange_cancelled_percent,elapsed_s,basis,method,status,error
CH2O,CH_bond,1.2,1.092076577654417,1.092076469937602,-1.0771681502319552e-07,1.092076469937602,-0.08916419582689941,-0.28645954145396274,-0.16135096583400046,-0.5369747031148626,0.5551017668227394,0.5551017668227394,0.0,0.5369747031148626,49.17006435872973,1.5741053000019747,jun-cc-pvdz,SAPT0,ok,
CH2O,CH_bond,1.5,0.4180620191749402,0.41806196661521444,-5.255972573836587e-08,0.41806196661521444,-0.03528714322917399,-0.09929869319573409,-0.0778630842371758,-0.21244892066208387,0.20561304595313057,0.20561304595313057,0.0,0.21244892066208387,50.81756716166973,1.208957000002556,jun-cc-pvdz,SAPT0,ok,
CH2O,CH_bond,1.85,0.1310786810371439,0.13107866131599422,-1.9721149685514305e-08,0.13107866131599422,-0.0033870434308514094,-0.028778420268272393,-0.03427436605816388,-0.06643982975728768,0.06463883155870653,0.06463883155870653,0.0,0.06643982975728768,50.68699137620861,1.5890985000005458,jun-cc-pvdz,SAPT0,ok,
CH2O,CH_bond,2.2,0.040015504096336564,0.04001549741315044,-6.683186122569129e-09,0.04001549741315044,0.005793487816599624,-0.008778002951001142,-0.016321807452793005,-0.019306322587194523,0.020709174825955915,0.02070917482595592,-3.469446951953614e-18,0.019306322587194526,48.24711383157721,1.152851399994688,jun-cc-pvdz,SAPT0,ok,
CH2O,carbon_end,1.2,5.982058587882019,5.982058300186271,-2.876957481134923e-07,5.982058300186271,-1.4365135910526419,-0.9301075302033487,-0.6605638077053737,-3.027184928961364,2.9548733712249065,2.954873371224907,-4.440892098500626e-16,3.0271849289613644,50.60440365262075,1.1891156999990926,jun-cc-pvdz,SAPT0,ok,
CH2O,carbon_end,1.5,1.7052042565880965,1.7052040444775525,-2.1211054401781837e-07,1.7052040444775525,-0.4101070296642293,-0.22611459216306415,-0.22966984040378852,-0.865891462231082,0.8393125822464704,0.8393125822464704,0.0,0.865891462231082,50.77934602813926,1.3728629000033834,jun-cc-pvdz,SAPT0,ok,
CH2O,carbon_end,1.85,0.4314638258144299,0.43146373805615357,-8.775827631257727e-08,0.43146373805615357,-0.08383137182516198,-0.05223884546027361,-0.08176759946158006,-0.21783781674701563,0.21362592130913788,0.21362592130913793,-5.551115123125783e-17,0.2178378167470157,50.488093791711606,1.155807700000878,jun-cc-pvdz,SAPT0,ok,
CH2O,carbon_end,2.2,0.1111253441607023,0.11112532159952208,-2.2561180215707743e-08,0.11112532159952208,-0.008921081418504982,-0.013997576943664663,-0.033791226501259986,-0.05670988486342963,0.05441543673609245,0.054415436736092455,-6.938893903907228e-18,0.056709884863429635,51.03236962301266,1.1629975000032573,jun-cc-pvdz,SAPT0,ok,
CH2O,out_of_plane,1.2,5.881023543955904,5.881023079102262,-4.648536418017102e-07,5.881023079102262,-0.9756774988128256,-1.773843021852562,-0.6761698814142902,-3.425690402079678,2.4553326770225845,2.4553326770225845,0.0,3.425690402079678,58.24990577324191,1.1713435999990907,jun-cc-pvdz,SAPT0,ok,
CH2O,out_of_plane,1.5,2.4887569892124284,2.4887567900123546,-1.9920007376938997e-07,2.4887567900123546,-0.47686122397720904,-0.6069514468578536,-0.3240828669867939,-1.4078955378218565,1.0808612521904981,1.0808612521904981,0.0,1.4078955378218565,56.57023392048154,1.2629967000029865,jun-cc-pvdz,SAPT0,ok,
CH2O,out_of_plane,1.85,0.8615568005911719,0.8615566994337908,-1.0115738113825046e-07,0.8615566994337908,-0.156205924599951,-0.17094699655193105,-0.14018133232610744,-0.4673342534779895,0.3942224459558013,0.39422244595580125,5.551115123125783e-17,0.46733425347798946,54.2430061521335,1.3056020000003628,jun-cc-pvdz,SAPT0,ok,
CH2O,out_of_plane,2.2,0.28447246024735745,0.284472425508787,-3.473857046465412e-08,0.284472425508787,-0.040058368645892954,-0.04884916898053048,-0.0627913715285751,-0.15169890915499853,0.13277351635378848,0.13277351635378845,2.7755575615628914e-17,0.1516989091549985,53.3264019820834,1.2549846999972942,jun-cc-pvdz,SAPT0,ok,
CH2O,oxygen_end,1.2,5.177283749341099,5.17728342254833,-3.2679276884550745e-07,5.17728342254833,-1.6608699742253967,-1.0889984591832151,-0.477403396101758,-3.2272718295103697,1.9500115930379598,1.95001159303796,-2.220446049250313e-16,3.2272718295103697,62.33523580059023,1.344745000002149,jun-cc-pvdz,SAPT0,ok,
CH2O,oxygen_end,1.5,1.8877378811380796,1.8877376771767156,-2.0396136402034415e-07,1.8877376771767156,-0.6683921419634303,-0.33828739505023525,-0.20609571306347996,-1.2127752500771456,0.67496242709957,0.67496242709957,0.0,1.2127752500771456,64.24490355518898,1.521194100001594,jun-cc-pvdz,SAPT0,ok,
CH2O,oxygen_end,1.85,0.5530337030540489,0.5530336340385634,-6.901548543769565e-08,0.5530336340385634,-0.22370193891909984,-0.0935084419656844,-0.08458025831645757,-0.4017906392012418,0.15124299483732165,0.15124299483732162,2.7755575615628914e-17,0.4017906392012418,72.65211634003884,1.4734610999948927,jun-cc-pvdz,SAPT0,ok,
CH2O,oxygen_end,2.2,0.1553824636163894,0.15538245171960297,-1.1896786444864915e-08,0.15538245171960297,-0.08212541239360949,-0.028863972557940022,-0.03789023586124057,-0.14887962081279008,0.006502830906812867,0.00650283090681289,-2.2551405187698492e-17,0.1488796208127901,95.81495153741838,1.4538812000027974,jun-cc-pvdz,SAPT0,ok,
CH4,CH_bond,1.2,1.11863104109271,1.1186309901839504,-5.090875965230168e-08,1.1186309901839504,-0.13323324374516723,-0.2687026211030725,-0.16483012103047348,-0.5667659858787132,0.5518650043052371,0.5518650043052372,-1.1102230246251565e-16,0.5667659858787133,50.6660365082066,1.1035893999942346,jun-cc-pvdz,SAPT0,ok,
CH4,CH_bond,1.5,0.429560917936745,0.42956089151661797,-2.642012703057972e-08,0.42956089151661797,-0.061196757565400536,-0.08978696718041064,-0.07927591269392899,-0.23025963743974015,0.19930125407687782,0.19930125407687782,0.0,0.23025963743974015,53.603491841815476,1.033847999999125,jun-cc-pvdz,SAPT0,ok,
CH4,CH_bond,1.85,0.13474500458954647,0.1347449945362465,-1.0053299970280705e-08,0.1347449945362465,-0.01834296545629568,-0.02417648064232674,-0.03472655604423529,-0.0772460021428577,0.057498992393388806,0.05749899239338879,1.3877787807814457e-17,0.07724600214285769,57.32754853619328,1.3392288999966695,jun-cc-pvdz,SAPT0,ok,
CH4,CH_bond,2.2,0.0409866507634443,0.04098664680777651,-3.955667793320572e-09,0.04098664680777651,-0.003660653434508554,-0.0064461461674111395,-0.016438792722020194,-0.02654559232393989,0.014441054483836624,0.014441054483836618,5.204170427930421e-18,0.02654559232393988,64.76644075919701,1.3116825000033714,jun-cc-pvdz,SAPT0,ok,
CH4,edge,1.2,5.360874582481037,5.3608743763660405,-2.061149961818387e-07,5.3608743763660405,-1.4895913259095739,-0.8916860359054606,-0.6136888899479257,-2.9949662517629605,2.3659081246030804,2.36590812460308,4.440892098500626e-16,2.99496625176296,55.86712244119305,1.3302856999944197,jun-cc-pvdz,SAPT0,ok,
CH4,edge,1.5,1.6989919914664269,1.6989918266075459,-1.6485888099104784e-07,1.6989918266075459,-0.4936044845836115,-0.24350907861765098,-0.2273011523559218,-0.9644147155571843,0.7345771110503616,0.7345771110503616,0.0,0.9644147155571843,56.76394085325736,1.2915626000030898,jun-cc-pvdz,SAPT0,ok,
CH4,edge,1.85,0.4733405384873994,0.4733404837751626,-5.471223679665016e-08,0.4733404837751626,-0.13672785955313957,-0.05922462687762248,-0.08316890444695182,-0.27912139087771387,0.19421909289744868,0.1942190928974487,-2.7755575615628914e-17,0.2791213908777139,58.968417121552825,1.2860331000047154,jun-cc-pvdz,SAPT0,ok,
CH4,edge,2.2,0.13348056604375858,0.1334805581000224,-7.94373616885835e-09,0.1334805581000224,-0.0382261171919781,-0.014664286691591298,-0.03427305637002206,-0.08716346025359145,0.04631709784643097,0.046317097846430955,1.3877787807814457e-17,0.08716346025359144,65.30049131820105,1.2865996999971685,jun-cc-pvdz,SAPT0,ok,
CH4,face,1.2,7.380832558115903,7.380831862094783,-6.96021119850343e-07,7.380831862094783,-1.789487866842569,-1.4165743725088298,-0.8459612096502395,-4.052023449001639,3.3288084130931446,3.328808413093144,4.440892098500626e-16,4.052023449001638,54.89927862753965,1.1235610000003362,jun-cc-pvdz,SAPT0,ok,
CH4,face,1.5,3.133017048958555,3.133016717031486,-3.319270689416953e-07,3.133016717031486,-0.8661891614911327,-0.5078657349520438,-0.3939221388482515,-1.767977035291428,1.3650396817400579,1.3650396817400583,-4.440892098500626e-16,1.7679770352914284,56.430501174171056,1.1515651000008802,jun-cc-pvdz,SAPT0,ok,
CH4,face,1.85,0.9109432806320343,0.9109431748723119,-1.0575972242410359e-07,0.9109431748723119,-0.26223619668699744,-0.12274238088047201,-0.14446730194592552,-0.529445879513395,0.38149729535891697,0.38149729535891697,0.0,0.529445879513395,58.120626414222606,1.319528200001514,jun-cc-pvdz,SAPT0,ok,
CH4,face,2.2,0.24423761952940315,0.24423757865496684,-4.087443630784726e-08,0.24423757865496684,-0.0696639250636975,-0.02802883801804314,-0.055089306516173796,-0.15278206959791443,0.09145550905705241,0.09145550905705241,0.0,0.15278206959791443,62.55469385149321,1.3514394000012544,jun-cc-pvdz,SAPT0,ok,
CH4,off_axis,1.2,1.3283456809200478,1.3283455792382752,-1.0168177255742705e-07,1.3283455792382752,-0.23338253217668545,-0.28305749228294746,-0.18756075442873593,-0.7040007788883689,0.6243448003499065,0.6243448003499064,1.1102230246251565e-16,0.7040007788883688,52.99831533990349,1.3127936000018963,jun-cc-pvdz,SAPT0,ok,
CH4,off_axis,1.5,0.4966222683361671,0.4966222303909665,-3.794520064825946e-08,0.4966222303909665,-0.09472975592598629,-0.09328046652318536,-0.08782850703247946,-0.2758387294816511,0.22078350090931534,0.22078350090931537,-2.7755575615628914e-17,0.2758387294816511,55.54296859898856,1.3392027000008966,jun-cc-pvdz,SAPT0,ok,
CH4,off_axis,1.85,0.15276641881765432,0.1527664196900612,8.724068689680564e-10,0.1527664196900612,-0.028738114662024115,-0.024901775213651414,-0.03745237517342684,-0.09109226504910237,0.061674154640958816,0.06167415464095882,-6.938893903907228e-18,0.09109226504910237,59.628461041316605,1.3393437999984599,jun-cc-pvdz,SAPT0,ok,
CH4,off_axis,2.2,0.04583661980722679,0.04583662177045856,1.9632317715956304e-09,0.04583662177045856,-0.007414248397116835,-0.006598217671120602,-0.01730105963839326,-0.03131352570663069,0.014523096063827866,0.014523096063827866,0.0,0.03131352570663069,68.31551824094524,1.3152827000012621,jun-cc-pvdz,SAPT0,ok,
H2O,H_bisector,1.2,3.3423057303522454,3.3423058044393263,7.40870809146088e-08,3.3423058044393263,-0.8708392886912489,-0.5089278085860603,-0.3373590866556201,-1.7171261839329293,1.625179620506397,1.625179620506397,0.0,1.7171261839329293,51.37549597203832,1.1276720000023488,jun-cc-pvdz,SAPT0,ok,
H2O,H_bisector,1.5,1.0682402078281346,1.0682402328094127,2.4981278157198972e-08,1.0682402328094127,-0.25287950168359963,-0.1524043220241276,-0.13817538483227362,-0.5434592085400008,0.5247810242694118,0.5247810242694119,-1.1102230246251565e-16,0.543459208540001,50.87425017785871,1.1121630999987246,jun-cc-pvdz,SAPT0,ok,
H2O,H_bisector,1.85,0.29251369725627924,0.29251368326458344,-1.3991695801962578e-08,0.29251368326458344,-0.04941144273368779,-0.04139537880133494,-0.0522270590238982,-0.14303388055892094,0.1494798027056625,0.1494798027056625,0.0,0.14303388055892094,48.89818450972923,1.145368999998027,jun-cc-pvdz,SAPT0,ok,
H2O,H_bisector,2.2,0.08080123477658419,0.08080123574002351,9.6343932831644e-10,0.08080123574002351,0.0002638190292983605,-0.012710964014854564,-0.02124083341056999,-0.033687978396126195,0.047113257343897326,0.04711325734389732,6.938893903907228e-18,0.03368797839612619,41.692404933653044,1.1162294999958249,jun-cc-pvdz,SAPT0,ok,
H2O,OH_bond,1.2,0.7148297530041616,0.7148297842171484,3.121298675079487e-08,0.7148297842171484,0.09511303116671938,-0.2400346242854665,-0.11626601733728292,-0.26118761045603006,0.4536421737611183,0.4536421737611183,0.0,0.26118761045603006,36.53843421508685,0.9353387000010116,jun-cc-pvdz,SAPT0,ok,
H2O,OH_bond,1.5,0.25509510286240855,0.25509511854501554,1.5682606990807813e-08,0.25509511854501554,0.050033324321464456,-0.08443095221975082,-0.05609055917409502,-0.09048818707238138,0.16460693147263414,0.16460693147263417,-2.7755575615628914e-17,0.0904881870723814,35.47233188486645,0.938548099999025,jun-cc-pvdz,SAPT0,ok,
H2O,OH_bond,1.85,0.07381109544425603,0.0738110883664345,-7.077821523315819e-09,0.0738110883664345,0.03286617989485925,-0.02551232822317107,-0.024351981959347423,-0.01699813028765924,0.05681295807877527,0.05681295807877526,6.938893903907228e-18,0.016998130287659237,23.029236750001797,1.158050900005037,jun-cc-pvdz,SAPT0,ok,
H2O,OH_bond,2.2,0.02077282512583145,0.02077282269341113,-2.4324203207193307e-09,0.02077282269341113,0.022194056453812047,-0.008509763083790447,-0.011309264738083984,0.0023750286319376163,0.023147851325348745,0.023147851325348745,0.0,-0.0023750286319376146,-11.433345708433466,1.116735499999777,jun-cc-pvdz,SAPT0,ok,
H2O,lone_pair_side,1.2,5.501992148229024,5.501991968178051,-1.8005097324191865e-07,5.501991968178051,-1.9515136332200163,-1.2482871075277246,-0.47920238512924707,-3.679003125876988,1.8229888423010625,1.8229888423010627,-2.220446049250313e-16,3.6790031258769886,66.86674839140608,1.136389599996619,jun-cc-pvdz,SAPT0,ok,
H2O,lone_pair_side,1.5,2.068675393940939,2.068675298639986,-9.530095290699592e-08,2.068675298639986,-0.8093395073614889,-0.4046955076017783,-0.20320988110081414,-1.417244896064081,0.6514304025759045,0.6514304025759048,-3.3306690738754696e-16,1.4172448960640813,68.50978000248874,1.0746257999999216,jun-cc-pvdz,SAPT0,ok,
H2O,lone_pair_side,1.85,0.6309570304542567,0.6309569871610298,-4.3293226892338055e-08,0.6309569871610298,-0.28193047666448123,-0.11735858232383761,-0.0792348767776597,-0.4785239357659785,0.15243305139505123,0.15243305139505126,-2.7755575615628914e-17,0.4785239357659785,75.84097577222835,1.0967811000009533,jun-cc-pvdz,SAPT0,ok,
H2O,lone_pair_side,2.2,0.1855274033766178,0.18552738214346967,-2.1233148128629864e-08,0.18552738214346967,-0.10591156312624855,-0.0372191505886867,-0.0332121388568008,-0.17634285257173604,0.00918452957173363,0.00918452957173363,0.0,0.17634285257173604,95.04950187642321,1.1431698000014876,jun-cc-pvdz,SAPT0,ok,
H2O,out_of_plane,1.2,6.2028083712933215,6.202808147270021,-2.240233003547587e-07,6.202808147270021,-2.290401117596642,-1.4019244497128476,-0.5183012718945068,-4.2106268392039965,1.992181308066025,1.9921813080660247,2.220446049250313e-16,4.2106268392039965,67.88259025965807,1.1217420999964816,jun-cc-pvdz,SAPT0,ok,
H2O,out_of_plane,1.5,2.427036933942845,2.4270369584758877,2.4533042708441144e-08,2.4270369584758877,-0.959704175866402,-0.45944217729013126,-0.22266200961863594,-1.6418083627751694,0.7852285957007187,0.7852285957007183,3.3306690738754696e-16,1.6418083627751692,67.64661564141073,1.1188124000036623,jun-cc-pvdz,SAPT0,ok,
H2O,out_of_plane,1.85,0.7805429804369154,0.7805429932858897,1.2848974328960594e-08,0.7805429932858897,-0.3306718619405922,-0.13126295857517142,-0.08694675514832247,-0.5488815756640861,0.2316614176218036,0.2316614176218036,0.0,0.5488815756640861,70.32047951047933,1.1315832999971462,jun-cc-pvdz,SAPT0,ok,
H2O,out_of_plane,2.2,0.2435128752150919,0.24351288120704304,5.991951129713513e-09,0.24351288120704304,-0.11813646283113766,-0.03882833807212244,-0.03598141958445711,-0.1929462204877172,0.050566660719325834,0.050566660719325834,0.0,0.1929462204877172,79.2345027217134,1.1484325999990688,jun-cc-pvdz,SAPT0,ok,
NH3,H_face,1.2,8.656305770483224,8.6563053454696,-4.250136242944791e-07,8.6563053454696,-2.6509596799292683,-1.7722632963188225,-0.8570337288448744,-5.280256705092966,3.3760486403766348,3.3760486403766334,1.3322676295501878e-15,5.280256705092965,60.9989654287838,1.2646626999994623,jun-cc-pvdz,SAPT0,ok,
NH3,H_face,1.5,3.2202769150357486,3.2202766367247158,-2.7831103288633585e-07,3.2202766367247158,-1.071030686128067,-0.5426693038051548,-0.34931056441954245,-1.963010554352764,1.2572660823719515,1.2572660823719517,-2.220446049250313e-16,1.9630105543527643,60.95782368403313,1.2507545000044047,jun-cc-pvdz,SAPT0,ok,
NH3,H_face,1.85,0.9185818979844016,0.918581801273036,-9.671136558253579e-08,0.918581801273036,-0.30723848638542817,-0.13516576824071969,-0.12157706470107583,-0.5639813193272237,0.35460048194581234,0.3546004819458123,5.551115123125783e-17,0.5639813193272236,61.396961984835556,1.2095723999955226,jun-cc-pvdz,SAPT0,ok,
NH3,H_face,2.2,0.2744658519563143,0.27446582309032413,-2.8865990153725818e-08,0.27446582309032413,-0.08874233962118476,-0.03659706259017796,-0.04749072561500407,-0.1728301278263668,0.10163569526395735,0.10163569526395733,2.7755575615628914e-17,0.17283012782636678,62.96963530118284,1.196705499998643,jun-cc-pvdz,SAPT0,ok,
NH3,NH_bond,1.2,0.8895946724384934,0.8895945725421693,-9.989632410167815e-08,0.8895945725421693,-0.008177245340090313,-0.23957644192529676,-0.13904555586743783,-0.3867992431328249,0.5027953294093445,0.5027953294093445,0.0,0.3867992431328249,43.48039602214293,1.1422156999979052,jun-cc-pvdz,SAPT0,ok,
NH3,NH_bond,1.5,0.3287345577087821,0.32873450690818545,-5.080059667372794e-08,0.32873450690818545,-0.0004320528583241814,-0.08058453103704373,-0.06733250149932517,-0.14834908539469308,0.18038542151349238,0.18038542151349238,0.0,0.14834908539469308,45.127323806054385,1.1699277000006987,jun-cc-pvdz,SAPT0,ok,
NH3,NH_bond,1.85,0.09903782449649103,0.0990378051227921,-1.9373698922908744e-08,0.0990378051227921,0.009465054783965289,-0.022302767165942587,-0.029550375733979978,-0.042388088115957276,0.056649717006834834,0.05664971700683483,6.938893903907228e-18,0.04238808811595727,42.79990662495233,1.2018013999986579,jun-cc-pvdz,SAPT0,ok,
NH3,NH_bond,2.2,0.029083942326765973,0.029083934881642636,-7.445123337279647e-09,0.029083934881642636,0.01033253748898218,-0.00641113581368999,-0.013904118414421785,-0.009982716739129593,0.019101218142513043,0.019101218142513043,0.0,0.009982716739129593,34.323817529348624,1.1633931000033044,jun-cc-pvdz,SAPT0,ok,
NH3,lone_pair,1.2,7.341208848242191,7.341208882924735,3.468254394789483e-08,7.341208882924735,-2.610387447013144,-2.022269963888806,-0.7383625199916679,-5.371019930893619,1.9701889520311164,1.9701889520311164,0.0,5.371019930893619,73.16260872764876,1.2331401000046753,jun-cc-pvdz,SAPT0,ok,
NH3,lone_pair,1.5,3.104477985593649,3.104477981103351,-4.490297911274865e-09,3.104477981103351,-1.2179062021720535,-0.7441756545676429,-0.32628777274590864,-2.2883696294856053,0.8161083516177463,0.8161083516177459,4.440892098500626e-16,2.288369629485605,73.71189756908193,1.196333300002152,jun-cc-pvdz,SAPT0,ok,
NH3,lone_pair,1.85,1.0911871263931876,1.0911871734160334,4.702284583935068e-08,1.0911871734160334,-0.47403333303300715,-0.24507862626552676,-0.13105698510498934,-0.8501689444035232,0.2410182290125102,0.24101822901251024,-5.551115123125783e-17,0.8501689444035232,77.91229269512152,1.1800796000025002,jun-cc-pvdz,SAPT0,ok,
NH3,lone_pair,2.2,0.3727533971563396,0.37275346409708493,6.69407453357529e-08,0.37275346409708493,-0.1911127821292518,-0.08573312788894465,-0.056018156547816826,-0.3328640665660133,0.039889397531071666,0.039889397531071624,4.163336342344337e-17,0.33286406656601325,89.29871849006281,1.346215800003847,jun-cc-pvdz,SAPT0,ok,
NH3,side,1.2,1.0281261569816653,1.0281261120260436,-4.4955621669728885e-08,1.0281261120260436,-0.08910385516356187,-0.2394773137481326,-0.15230922179054504,-0.4808903907022395,0.5472357213238043,0.5472357213238042,1.1102230246251565e-16,0.4808903907022394,46.7734828516891,1.199757900001714,jun-cc-pvdz,SAPT0,ok,
NH3,side,1.5,0.36510490075293583,0.36510484772035934,-5.3032576496914174e-08,0.36510484772035934,-0.02850356957556675,-0.07759066529205715,-0.07179013200449606,-0.17788436687211995,0.18722048084823936,0.1872204808482394,-2.7755575615628914e-17,0.17788436687211998,48.72144754658666,1.1668499000006705,jun-cc-pvdz,SAPT0,ok,
NH3,side,1.85,0.10584674093576783,0.1058467256657043,-1.527006353307936e-08,0.1058467256657043,-0.0008206013495338141,-0.02052588878968577,-0.030782000171918532,-0.052128490311138115,0.05371823535456618,0.053718235354566185,-6.938893903907228e-18,0.05212849031113812,49.24903437804541,1.1745080999971833,jun-cc-pvdz,SAPT0,ok,
NH3,side,2.2,0.029986341792379887,0.029986336622737836,-5.169642051244816e-09,0.029986336622737836,0.005482670584051982,-0.005525657646007031,-0.014218284109770874,-0.014261271171725922,0.015725065451011908,0.01572506545101191,-3.469446951953614e-18,0.014261271171725928,47.559231229706086,1.12965119999717,jun-cc-pvdz,SAPT0,ok,
