pair,element_a,element_b,orientation,distance_A,exch10_hartree,exch10_eV,exch10_s2_hartree,exch10_s2_eV,exact_to_s2_ratio,status
H-H,H,H,end,0.95,0.08463106115837918,2.3029284935884884,0.07911599680573572,2.1528559473172275,1.0697085870786074,ok
H-H,H,H,end,1.2,0.039642750683108394,1.078734200691467,0.03834337058732963,1.0433762670248823,1.033887998782458,ok
H-H,H,H,end,1.45,0.01794110538085868,0.48820234819851915,0.017656183836950536,0.4804492380174314,1.0161372098602568,ok
H-H,H,H,end,1.7,0.007899087655592734,0.2149451251872497,0.007840016473719855,0.21333771644129979,1.007534573692656,ok
H-H,H,H,end,2.0,0.0028674052617110872,0.0780260721001987,0.0028589717102814076,0.07779658347482028,1.0029498548024631,ok
H-H,H,H,end,2.35,0.0008541928302691952,0.02324377103300874,0.0008533752353318727,0.02322152314137649,1.0009580720220979,ok
H-H,H,H,T,0.95,0.1603891830169057,4.364412008751479,0.14173063776792935,3.85668712719334,1.131647931194157,ok
H-H,H,H,T,1.2,0.07981560169620867,2.1718931662114693,0.07488509440200733,2.037727227840295,1.065840970537245,ok
H-H,H,H,T,1.45,0.037970394550613636,1.0332270720293055,0.036783485116698635,1.0009296209840375,1.032267454542424,ok
H-H,H,H,T,1.7,0.01745528066525469,0.4749823842143718,0.01718953285462455,0.4677510178952893,1.0154598622823334,ok
H-H,H,H,T,2.0,0.006638592411471968,0.18064530223824862,0.006597727803666577,0.17953331961146532,1.0061937395754157,ok
H-H,H,H,T,2.35,0.002067944155402241,0.05627162714778381,0.0020637214152433906,0.056156720534304885,1.0020461774189384,ok
H-H,H,H,side,0.95,0.39936601364319996,10.867302850765627,0.2957588249125191,8.048007620354095,1.3503097118448664,ok
H-H,H,H,side,1.2,0.2038603945431302,5.54732393617262,0.17444535659306307,4.746899977072948,1.1686203549612673,ok
H-H,H,H,side,1.45,0.09927647512458623,2.7014505097553356,0.09178419131223256,2.4975750810728163,1.081629349294655,ok
H-H,H,H,side,1.7,0.04672740244179556,1.2715173961154218,0.044973718806454364,1.2237972333608842,1.038993520702351,ok
H-H,H,H,side,2.0,0.018255908743579366,0.4967685840930476,0.017976177827581576,0.4891567180928877,1.015561200978363,ok
H-H,H,H,side,2.35,0.005838901727022878,0.1588846101463859,0.005809335306652319,0.15808006686177137,1.0050894670060968,ok
H-C,H,C,end,1.35,0.1879830510571032,5.115279410014118,0.16329338620584366,4.4434394034625,1.1511981925595955,ok
H-C,H,C,end,1.6,0.09130195243234854,2.4844526926494597,0.08494350346753543,2.3114304819425273,1.0748550354677007,ok
H-C,H,C,end,1.9,0.03683424580695169,1.0023108897326263,0.03570548182249192,0.9715956569709311,1.0316131844984298,ok
H-C,H,C,end,2.2,0.014344217582571232,0.39032604503583807,0.01416014528628461,0.3853171826843968,1.012999322575095,ok
H-C,H,C,end,2.55,0.004597806208271075,0.12511268061746578,0.0045773353726640915,0.124555640802986,1.0044722166807432,ok
H-C,H,C,end,2.9,0.0014264017228217446,0.038814368221645204,0.0014242599722998186,0.03875608822095053,1.0015037637535145,ok
H-C,H,C,T,1.35,0.14475213999803344,3.9389063914198164,0.1303976227743195,3.548300078870649,1.1100826603914202,ok
H-C,H,C,T,1.6,0.06916658982910918,1.882118791157715,0.06551659364349735,1.7827973351546487,1.0557110188828338,ok
H-C,H,C,T,1.9,0.02736594472246878,0.7446652918294548,0.026725989097726,0.7272512121442865,1.0239450679412734,ok
H-C,H,C,T,2.2,0.010448496797700919,0.28431808205220843,0.0103453006200323,0.28150997100255803,1.0099751743771268,ok
H-C,H,C,T,2.55,0.003275526579464748,0.08913161891281515,0.003264228231107094,0.08882417519171332,1.0034612617616574,ok
H-C,H,C,T,2.9,0.0009945394704287728,0.027062797666717694,0.0009933863624058041,0.02703141999892135,1.0011607850345117,ok
H-C,H,C,side,1.35,0.3680836408282935,10.016066121408212,0.29175194278673355,7.938974803187199,1.2616321842194458,ok
H-C,H,C,side,1.6,0.1787128447318113,4.863024245116598,0.15805640775781427,4.300933960151258,1.1306902849876757,ok
H-C,H,C,side,1.9,0.07211238688502272,1.9622780126484727,0.0682661770253235,1.85761731057307,1.0563413688490635,ok
H-C,H,C,side,2.2,0.028018270536411503,0.7624159815108787,0.0273693988151225,0.7447592824787846,1.0237079274437872,ok
H-C,H,C,side,2.55,0.008934643741636482,0.2431240418239697,0.00886105494360375,0.24112158861732308,1.008304744581891,ok
H-C,H,C,side,2.9,0.002754605069574544,0.07495662250334956,0.0027469326662003263,0.0747478457716987,1.0027930802486071,ok
H-N,H,N,end,1.3,0.17459450248874672,4.7509584436474,0.15620617454597913,4.250586549578857,1.1177183168092695,ok
H-N,H,N,end,1.55,0.07886067680380257,2.145908336128298,0.07471200136979475,2.0330171264842694,1.055528902424572,ok
H-N,H,N,end,1.8,0.03452981217416567,0.9396040560726406,0.03366358169658454,0.9160327239691338,1.0257319760383374,ok
H-N,H,N,end,2.05,0.014756858427611715,0.4015545744511055,0.014586426488184541,0.3969168851186998,1.0116842833003155,ok
H-N,H,N,end,2.35,0.005172599075015079,0.14075359132587556,0.005149805012895951,0.14013333329743694,1.0044261990623038,ok
H-N,H,N,end,2.7,0.001478308517860029,0.040226824070223294,0.0014762578318047957,0.04017102205990508,1.0013891110421587,ok
H-N,H,N,T,1.3,0.18160195521055064,4.9416409462609066,0.1614851196752704,4.394233964463379,1.1245739271564654,ok
H-N,H,N,T,1.55,0.08474445428453939,2.306014077742074,0.07980516739464828,2.1716092344015023,1.0618918179253432,ok
H-N,H,N,T,1.8,0.038460590111577576,1.046565972774764,0.03733162110368044,1.0158451610411252,1.0302416282636553,ok
H-N,H,N,T,2.05,0.017061151283113044,0.4642575773660228,0.01681729076250178,0.45762179454952195,1.0145005830044285,ok
H-N,H,N,T,2.35,0.006257778066717869,0.170282816015132,0.0062212986469802,0.16929016043462078,1.005863634235816,ok
H-N,H,N,T,2.7,0.0018849058960305112,0.05129090237422634,0.0018811867237449851,0.05118969854064952,1.0019770351547677,ok
H-N,H,N,side,1.3,0.47161976288963825,12.833427529231223,0.35691080890687676,9.712037876533037,1.3213938920316946,ok
H-N,H,N,side,1.55,0.22648167194473012,6.162880252925195,0.19575459924997932,5.32675400961978,1.1569673091333716,ok
H-N,H,N,side,1.8,0.10555635091497967,2.8723346354645605,0.09802341754833722,2.667353076059562,1.076848303752803,ok
H-N,H,N,side,2.05,0.047914992379798335,1.3038333646202642,0.04619644149283733,1.257069212651783,1.0372009365099575,ok
H-N,H,N,side,2.35,0.01801231883099034,0.49014016489596113,0.017742526487162402,0.48279874122184874,1.0152059710336714,ok
H-N,H,N,side,2.7,0.005573681262922315,0.1516675936574053,0.00554512154245882,0.1508904440727957,1.0051504228076542,ok
H-O,H,O,end,1.25,0.16593781492286033,4.515397974681224,0.15140198532721102,4.119857901148147,1.096008183540225,ok
H-O,H,O,end,1.5,0.07120272737621332,1.9375249164019241,0.06820877906035683,1.856055432378628,1.043893885172863,ok
H-O,H,O,end,1.75,0.02968941315334815,0.807890088732473,0.029116629546268126,0.7923038527648483,1.019672043639867,ok
H-O,H,O,end,2.0,0.012107303865774287,0.3294565218891278,0.012003509450847539,0.3266321319743797,1.0086470057237653,ok
H-O,H,O,end,2.3,0.004023225121601519,0.10947753273846096,0.004010562645441552,0.1091329692088415,1.0031572817281282,ok
H-O,H,O,end,2.55,0.0015834005205757275,0.04308652314748459,0.0015812796323714348,0.04302881083937302,1.001341248037902,ok
H-O,H,O,T,1.25,0.20411587893522593,5.554276020645759,0.18090041519804204,4.92255107001352,1.128332838328583,ok
H-O,H,O,T,1.5,0.09361013693027335,2.5472615925494937,0.08802948498905153,2.395404317072484,1.0633952583264108,ok
H-O,H,O,T,1.75,0.04194394549280888,1.14135290148549,0.0406848696110622,1.107091701354273,1.0309470300331096,ok
H-O,H,O,T,2.0,0.01844630792941274,0.5019496098796812,0.01817591110648048,0.49459173749118346,1.014876658526122,ok
H-O,H,O,T,2.3,0.006728152606439245,0.18308235929576916,0.006687707807828841,0.1819818002591403,1.0060476324284169,ok
H-O,H,O,T,2.55,0.0028609680951250226,0.07785090787389552,0.0028529651876780544,0.07763313766826518,1.0028051192077396,ok
H-O,H,O,side,1.25,0.512814121846253,13.954383141955542,0.38333404498684465,10.431050759373969,1.337773486474054,ok
H-O,H,O,side,1.5,0.24595412714408743,6.692752752512605,0.21097342505087766,5.740879356698432,1.1658062008747023,ok
H-O,H,O,side,1.75,0.11468762828925151,3.1208093510151227,0.10601242435432338,2.8847450259790786,1.0818319549596673,ok
H-O,H,O,side,2.0,0.0522133497160058,1.4207976263190816,0.050204687924973984,1.3661391544857568,1.0400094468077077,ok
H-O,H,O,side,2.3,0.01975454511814145,0.5375485573235436,0.019432759991641266,0.5287923379581331,1.01655889984946,ok
H-O,H,O,side,2.55,0.008622154876710619,0.2346207866229017,0.008555776092049919,0.23281452787496013,1.0077583592588848,ok
C-C,C,C,end,2.05,0.18602096476127286,5.061888321970319,0.16226886306253507,4.415560708491977,1.1463749806984487,ok
C-C,C,C,end,2.3,0.08874730360048351,2.414937156562718,0.08277711516087347,2.252480052971157,1.0721236591539491,ok
C-C,C,C,end,2.55,0.041475671132526266,1.1286105069987467,0.04006751448898495,1.0902926126764898,1.0351445968511084,ok
C-C,C,C,end,2.8,0.01904940310125662,0.5183606655438155,0.018732917456259313,0.5097486524164832,1.0168946265703829,ok
C-C,C,C,end,3.15,0.006231158713684225,0.16955846651811518,0.006194515123992272,0.16856134364556793,1.0059154895836846,ok
C-C,C,C,end,3.55,0.0016717835668122985,0.04549154835622494,0.0016689183836946422,0.04541358275174491,1.0017167904348403,ok
C-C,C,C,T,2.05,0.14270473133820394,3.883193563573815,0.12903595309335475,3.511247159242466,1.1059299979360024,ok
C-C,C,C,T,2.3,0.06757180116525471,1.8387223808448478,0.06412481166450662,1.7449250181541263,1.0537543801108116,ok
C-C,C,C,T,2.55,0.03123781818234134,0.850024336041637,0.030423312492003366,0.8278605071022953,1.0267724196880947,ok
C-C,C,C,T,2.8,0.014162009604208776,0.38536791335951665,0.013979108967980918,0.38039093350248343,1.0130838551045558,ok
C-C,C,C,T,3.15,0.0045530992259181155,0.12389614165276681,0.004531971391122203,0.12332122397959382,1.0046619523762441,ok
C-C,C,C,T,3.55,0.0012048419442263567,0.03278541950971052,0.0012031863909252318,0.03274036960938279,1.001375974091472,ok
C-C,C,C,side,2.05,0.15966060061469373,4.34458627159286,0.1489392705393583,4.05284401784218,1.0719845748976073,ok
C-C,C,C,side,2.3,0.06989425811200153,1.9019196538624537,0.06737613041596013,1.8333979085087513,1.0373741810414938,ok
C-C,C,C,side,2.55,0.030247157963643478,0.8230670981921145,0.029684862849550582,0.8077662686583008,1.0189421496384448,ok
C-C,C,C,side,2.8,0.012955665741846815,0.3525416245753083,0.01283552462959151,0.3492724183657066,1.0093600468794495,ok
C-C,C,C,side,3.15,0.0038984385509933,0.10608191716732847,0.0038854350631220293,0.1057280742363183,1.0033467263408133,ok
C-C,C,C,side,3.55,0.0009661189890555839,0.026289436970774946,0.0009651733641537772,0.026263705206328057,1.0009797461647068,ok
C-N,C,N,end,1.95,0.18850797551554088,5.129563332202632,0.16752578671111626,4.558608888359188,1.1252475169127638,ok
C-N,C,N,end,2.2,0.08481688865447444,2.3079851173598613,0.08007312381297131,2.1789006999975817,1.0592429096757014,ok
C-N,C,N,end,2.45,0.03742052414993012,1.0182643361710702,0.036413186177408026,0.9908532735205211,1.027664098593687,ok
C-N,C,N,end,2.7,0.01622763152348138,0.44157634924302247,0.016023758074870782,0.43602867008757795,1.0127231981198168,ok
C-N,C,N,end,3.05,0.004896961763680633,0.1332531179833483,0.004876612434858352,0.13269938453691862,1.0041728411051944,ok
C-N,C,N,end,3.4,0.0014365946801466886,0.03909173272040313,0.0014346950304064978,0.039040040617590706,1.0013240791247828,ok
C-N,C,N,T,1.95,0.2032869231743419,5.531718985255506,0.17917899890947847,4.875708946495281,1.1345465953688179,ok
C-N,C,N,T,2.2,0.0945952762438362,2.5740685989169596,0.08861406226267236,2.411311475055607,1.06749734555035,ok
C-N,C,N,T,2.45,0.0431756410691227,1.1748690455500401,0.0417805878206241,1.1369077127714242,1.03338998614591,ok
C-N,C,N,T,2.7,0.01936799139299918,0.5270298946038718,0.019058257547608523,0.5186016073034916,1.016251949823688,ok
C-N,C,N,T,3.05,0.006126299873760599,0.16670511212364716,0.006091198570070001,0.16574995699118458,1.0057626267288466,ok
C-N,C,N,T,3.4,0.0018859283535203183,0.051318724859901584,0.0018822168604396392,0.05121772998813391,1.0019718732515297,ok
C-N,C,N,side,1.95,0.23018686085413342,6.26370357945332,0.20968022106588868,5.7056894835680465,1.0977995906528581,ok
C-N,C,N,side,2.2,0.1004953464114901,2.7346176871274213,0.09567743532847414,2.6035156477486474,1.0503557716244734,ok
C-N,C,N,side,2.45,0.04331362673240163,1.1786238267299318,0.04224255966523504,1.1494786070699041,1.0253551649250097,ok
C-N,C,N,side,2.7,0.018448980543321412,0.5020223354090365,0.018221630755799,0.49583583252782076,1.012476917712212,ok
C-N,C,N,side,3.05,0.0054920245000315004,0.14944559994278628,0.005467785415611373,0.14878602085438108,1.0044330716327896,ok
C-N,C,N,side,3.4,0.0016096656608830342,0.04380123402519178,0.0016072642789204015,0.04373588909308243,1.0014940803414394,ok
C-O,C,O,end,1.9,0.1715980105442438,4.66941974396254,0.15625692986844875,4.251967672262618,1.0981785619921662,ok
C-O,C,O,end,2.15,0.07402579735079795,2.0143445638797983,0.07081483379553755,1.9269697943558166,1.0453430924448874,ok
C-O,C,O,end,2.4,0.03135863704018729,0.8533119846482823,0.030724880672303716,0.8360665953359478,1.0206268129937723,ok
C-O,C,O,end,2.65,0.013071508612355225,0.35569386966855665,0.012951930654045814,0.3524399876584926,1.0092324427533943,ok
C-O,C,O,end,2.95,0.004484200086074341,0.12202130054646153,0.0044688012684508255,0.12160227737237651,1.0034458497253458,ok
C-O,C,O,end,3.25,0.0015132723289126098,0.04117823783740682,0.001511369375999831,0.04112645585068926,1.001259091882499,ok
C-O,C,O,T,1.9,0.22422959488772518,6.101598114271305,0.19723032168971072,5.366910462919183,1.136892101410708,ok
C-O,C,O,T,2.15,0.10306620176966194,2.8045742252612027,0.09643886631324552,2.6242352403749245,1.0687205865204803,ok
C-O,C,O,T,2.4,0.04666768585213661,1.269892424928919,0.04512801216220054,1.227995769459283,1.0341179151521704,ok
C-O,C,O,T,2.65,0.020838708512796407,0.5670501462092612,0.020496412681544913,0.5577358021346852,1.016700280023133,ok
C-O,C,O,T,2.95,0.007776617437696505,0.2116125407844451,0.007722986385506157,0.21015316550851482,1.0069443411542196,ok
C-O,C,O,T,3.25,0.0028545441945464762,0.07767610463404688,0.002846513173979633,0.07745756943145303,1.0028213537320874,ok
C-O,C,O,side,1.9,0.2535850975847625,6.900402036605531,0.23004891997526442,6.259950016919304,1.1023094462344303,ok
C-O,C,O,side,2.15,0.11196186577371989,3.046637574390156,0.10628583150739837,2.892184813623818,1.0534034893063466,ok
C-O,C,O,side,2.4,0.04869129449505711,1.3249576213221481,0.04740258551071932,1.2898900633906576,1.0271864703254714,ok
C-O,C,O,side,2.65,0.020922211708738193,0.5693223839268076,0.02064305019557846,0.5617260121672035,1.0135232686310829,ok
C-O,C,O,side,2.95,0.007479883471705772,0.2035379982235674,0.007437712143958287,0.20239045793572444,1.0056699327604042,ok
C-O,C,O,side,3.25,0.0026350675284066145,0.07170384029973334,0.0026290392933463256,0.07153980366712621,1.0022929421692348,ok
N-N,N,N,end,1.85,0.19395255463240071,5.277717877498345,0.17466252022010714,4.752809300407025,1.1104417501132158,ok
N-N,N,N,end,2.1,0.08087944091924185,2.2008417062130565,0.07707475289325333,2.0973108707923975,1.0493636097835812,ok
N-N,N,N,end,2.35,0.03310020081906131,0.9007023493072456,0.03239583828600929,0.8815356683631645,1.0217423771175018,ok
N-N,N,N,end,2.6,0.01331522450112716,0.362325716852214,0.013191047203415258,0.3589466804411924,1.0094137558449303,ok
N-N,N,N,end,2.9,0.0043627132242634046,0.11871547462591116,0.004348079016334638,0.11831725754155739,1.0033656720298296,ok
N-N,N,N,end,3.2,0.00140112816760365,0.038126639748796334,0.0013994896017349946,0.03808205210005485,1.0011708310419916,ok
N-N,N,N,T,1.85,0.20483946715559181,5.573965859193182,0.1844667925155607,5.01959714069945,1.110440878611323,ok
N-N,N,N,T,2.1,0.08883255068500998,2.417256847906112,0.08437512203697083,2.2959640353003867,1.0528287075672143,ok
N-N,N,N,T,2.35,0.037842473252626706,1.029746156180695,0.03692536233150313,1.0047902966755875,1.024836883464814,ok
N-N,N,N,T,2.6,0.015855938789376068,0.43146207469045555,0.01567628491409688,0.426573443699645,1.011460232846217,ok
N-N,N,N,T,2.9,0.005460645720245191,0.14859173984609322,0.005436663011387839,0.14793913709215073,1.0044112921487165,ok
N-N,N,N,T,3.2,0.0018467348001617095,0.05025221394110774,0.0018437050640630792,0.050169770621904496,1.001643286747802,ok
N-N,N,N,side,1.85,0.33842117468754096,9.208909298243654,0.2977366140220125,8.101826003725629,1.136646145450289,ok
N-N,N,N,side,2.1,0.14753249144728559,4.014563608605009,0.13788439556007753,3.7520255448798623,1.0699723550878844,ok
N-N,N,N,side,2.35,0.06348935167038942,1.72763327081033,0.06133544042135503,1.6690223598732767,1.03511691175995,ok
N-N,N,N,side,2.6,0.027000276565581873,0.7347149543745467,0.026541851187675457,0.7222405643513722,1.01727179369159,ok
N-N,N,N,side,2.9,0.009509990037059565,0.25878001209392554,0.009442504321420617,0.2569436322195872,1.0071470145357364,ok
N-N,N,N,side,3.2,0.003304433766771912,0.08991822355191552,0.0032950934013178945,0.08966405925986756,1.0028346284358076,ok
N-O,N,O,end,1.8,0.17793160786553752,4.841765706998817,0.1635861759473936,4.451406618208679,1.087693424184921,ok
N-O,N,O,end,2.05,0.07025547806618335,1.9117489495554532,0.0676935934222264,1.8420365169910753,1.0378453043255904,ok
N-O,N,O,end,2.3,0.02728062977188268,0.7423437537564991,0.02684935479669164,0.7306081638283468,1.0160627686756996,ok
N-O,N,O,end,2.55,0.01042371105291801,0.28364362757752626,0.010354384067020673,0.28175714418700365,1.006695423450454,ok
N-O,N,O,end,2.85,0.00322190857450602,0.0876725986701439,0.0032145591771533645,0.08747261138010556,1.0022862846653715,ok
N-O,N,O,end,3.1,0.0011998148814687407,0.03264862616333021,0.001198719196237575,0.032618811049300936,1.0009140466212645,ok
N-O,N,O,T,1.8,0.2307836889346356,6.279944098874316,0.2070151834308588,5.633170115121154,1.1148152763959716,ok
N-O,N,O,T,2.05,0.09819732315686383,2.6720852887435234,0.09311935593756318,2.5339067613946678,1.0545318120832519,ok
N-O,N,O,T,2.3,0.04131152242590209,1.1241437931410168,0.040280135607076994,1.0960783280449464,1.0256053462402912,ok
N-O,N,O,T,2.55,0.017178539647010126,0.4674518774768109,0.01697738470153984,0.4619781725603283,1.0118484059239137,ok
N-O,N,O,T,2.85,0.005897646284257545,0.16048313098314798,0.005870677132323864,0.15974926297315387,1.0045938741521296,ok
N-O,N,O,T,3.1,0.00239642489776549,0.06521004350259904,0.0023915460923444568,0.0650772844438683,1.0020400214892993,ok
N-O,N,O,side,1.8,0.3753014898985532,10.212473800324295,0.32816458542367904,8.929813286218254,1.1436379992497294,ok
N-O,N,O,side,2.05,0.16528809316686827,4.497718145026502,0.1537689375887901,4.18426595336379,1.0749121100705188,ok
N-O,N,O,side,2.3,0.07173964924209726,1.952135304678409,0.0690987325047079,1.8802722992938123,1.0382194671546172,ok
N-O,N,O,side,2.55,0.030757388786642612,0.8369511861913523,0.03018192255725575,0.821291952351984,1.019066586241986,ok
N-O,N,O,side,2.85,0.01096772009059451,0.29844686762304967,0.010880438657341193,0.2960718188306903,1.0080218671325742,ok
N-O,N,O,side,3.1,0.004598050260286893,0.1251193216111323,0.004580692967983305,0.12464700562607486,1.0037892284911707,ok
O-O,O,O,end,1.75,0.16412736343563103,4.466133079982604,0.1534677851108966,4.176071176968893,1.0694580840990946,ok
O-O,O,O,end,2.0,0.06080920061870469,1.6547026453453457,0.05911633097413171,1.6086373155827618,1.028636243431849,ok
O-O,O,O,end,2.25,0.02220818552973631,0.6043155142722163,0.021953687952628947,0.5973902824028797,1.0115924749252385,ok
O-O,O,O,end,2.5,0.007996244470505662,0.21758889680427534,0.007959600842023953,0.2165917728762051,1.0046037017695966,ok
O-O,O,O,end,2.75,0.0028489971456291743,0.07752516174343278,0.0028439014543620586,0.07738650092017299,1.0017917960059057,ok
O-O,O,O,end,3.0,0.0010126609969486312,0.027555909524216476,0.001011970474828218,0.027537119460086516,1.000682354018807,ok
O-O,O,O,T,1.75,0.21440877095786057,5.834359881061918,0.19730016542903717,5.368811007886859,1.0867135893759643,ok
O-O,O,O,T,2.0,0.08638237502162692,2.350584171559276,0.08308330460363772,2.2608118921626588,1.0397079826534097,ok
O-O,O,O,T,2.25,0.0345282477735416,0.9395614865630155,0.033918385772637595,0.9229662960996656,1.017980277864402,ok
O-O,O,O,T,2.5,0.013675981567599117,0.372142416728952,0.013567122422017141,0.36918020847211264,1.0080237460970585,ok
O-O,O,O,T,2.75,0.005372283563320206,0.14618728306447884,0.005353462223001535,0.1456751283034003,1.003515732349395,ok
O-O,O,O,T,3.0,0.002102396289838657,0.05720911748493183,0.0020992300652413797,0.05712296012447377,1.0015082789874739,ok
O-O,O,O,side,1.75,0.4240615337114338,11.539302185887886,0.3675243137457836,10.000846056128193,1.1538325978747546,ok
O-O,O,O,side,2.0,0.18809471312479786,5.118317889667183,0.17386370502098983,4.7310724314846775,1.0818515175556047,ok
O-O,O,O,side,2.25,0.08252571529223295,2.245639114043389,0.07914704637439972,2.153700849122915,1.0426885028893014,ok
O-O,O,O,side,2.5,0.0357952239794731,0.9740376654670941,0.03503346788815179,0.9533092262409157,1.0217436679050245,ok
O-O,O,O,side,2.75,0.015360758087024603,0.41798752133721023,0.015196647251015718,0.41352183799142045,1.0107991475552554,ok
O-O,O,O,side,3.0,0.006535279640633774,0.17783401852682726,0.006501275773084336,0.1769087261530821,1.0052303376654497,ok
