donor_ch_A,forming_hh_A,reactant_diag_eV,product_diag_eV,signed_gap_product_minus_reactant_eV,abs_gap_eV,coupling_eV,reactant_covalent_eV,reactant_wall_total_eV,reactant_unoccupied_hh_wall_eV,product_covalent_eV,product_wall_total_eV,product_unoccupied_breaking_ch_wall_eV,lowest_h_state_component_eV,mixing_lowering_from_lower_diagonal_eV,full_energy_eV,state_count,candidate_edge_count,donor_edge_active
1.05,1.0100000000000002,-6.2825656817028666,1.316989761558096,7.599555443260963,7.599555443260963,1.8947192744495904,-7.499641056288848,1.2170753745859808,1.2170753745859808,-6.624952215041398,7.9419419765994945,7.9419419765994945,-6.728759210890049,-0.44619352918718214,-14.500290225284306,2,3,1
1.07,1.0100000000000002,-6.296200513168548,0.9331327642314031,7.2293332773999515,7.2293332773999515,1.8947192744495904,-7.51327588775453,1.2170753745859808,1.2170753745859808,-6.624952215041398,7.5580849792728015,7.5580849792728015,-6.7626827369705715,-0.4664822238020232,-14.534213751364831,2,3,1
1.09,1.0100000000000002,-6.299215622651841,0.5653251248437847,6.864540747495626,6.864540747495626,1.8947192744495904,-7.516290997237823,1.2170753745859808,1.2170753745859808,-6.624952215041398,7.190277339885183,7.190277339885183,-6.787460654750271,-0.48824503209842973,-14.55899166914453,2,3,1
1.11,1.0100000000000002,-6.2926907702808705,0.21309498157184326,6.505785751852714,6.505785751852714,1.8947192744495904,-7.509766144866851,1.2170753745859804,1.2170753745859804,-6.624952215041398,6.838047196613242,6.838047196613242,-6.804273049170019,-0.5115822788891489,-14.575804063564277,2,3,1
1.1300000000000001,1.0100000000000002,-6.277618612574557,-0.12403313057301446,6.153585482001542,6.153585482001542,1.894719274449583,-7.494693987160527,1.2170753745859706,1.2170753745859706,-6.624952215041379,6.500919084468364,6.500919084468364,-6.814219664124744,-0.5366010515501873,-14.585750678519004,2,3,1
1.1500000000000001,1.0100000000000002,-6.254911181079855,-0.4465362137053033,5.808374967374552,5.808374967374552,1.8947192744495782,-7.4719865556658185,1.2170753745859633,1.2170753745859633,-6.624952215041365,6.178416001336061,6.178416001336061,-6.8183260490725655,-0.5634148679927105,-14.589857063466825,2,3,1
1.1700000000000002,1.0100000000000002,-6.225405895823146,-0.7548909505988899,5.470514945224256,5.470514945224256,1.894719274449583,-7.442481270409116,1.2170753745859708,1.2170753745859708,-6.624952215041379,5.870061264442489,5.870061264442489,-6.817548995797859,-0.592143099974713,-14.589080010192117,2,3,1
1.1900000000000002,1.0100000000000002,-6.189871146426452,-1.0495720436532947,5.140299102773158,5.140299102773158,1.8947192744495782,-7.406946521012415,1.2170753745859628,1.2170753745859628,-6.624952215041365,5.57538017138807,5.57538017138807,-6.812781232043756,-0.6229100856173035,-14.584312246438015,2,3,1
1.2100000000000002,1.0100000000000002,-6.149011471437973,-1.3310507356931112,4.817960735744862,4.817960735744862,1.8947192744495904,-7.366086846023953,1.2170753745859808,1.2170753745859808,-6.624952215041398,5.293901479348287,5.293901479348287,-6.804855330461038,-0.6558438590230651,-14.576386344855296,2,3,1
1.2300000000000002,1.0100000000000002,-6.103472364286653,-1.5997934995663652,4.503678864720288,4.503678864720288,1.8947192744495782,-7.320547738872617,1.2170753745859633,1.2170753745859633,-6.624952215041365,5.0251587154749995,5.0251587154749995,-6.794546786952305,-0.6910744226656513,-14.566077801346562,2,3,1
1.2500000000000002,1.0100000000000002,-6.0538447322780495,-1.8562608840968187,4.197583848181231,4.197583848181231,1.8947192744495904,-7.270920106864031,1.2170753745859808,1.2170753745859808,-6.624952215041398,4.76869133094458,4.76869133094458,-6.782576224465144,-0.7287314921870944,-14.554107238859403,2,3,1
1.2700000000000002,1.0100000000000002,-6.000669033198356,-2.1009065045351836,3.8997625286631727,3.8997625286631727,1.8947192744495702,-7.217744407784309,1.217075374585953,1.217075374585953,-6.624952215041343,4.52404571050616,4.52404571050616,-6.769610689537046,-0.7689416563386899,-14.541141703931306,2,3,1
1.2900000000000003,1.0100000000000002,-5.9444391123682525,-2.334176166259356,3.6102629461088966,3.6102629461088966,1.894719274449583,-7.161514486954223,1.2170753745859706,1.2170753745859706,-6.624952215041379,4.290776048782023,4.290776048782023,-6.756264032527584,-0.8118249201593315,-14.527795046921842,2,3,1
1.3100000000000003,1.0100000000000002,-5.885605761388225,-2.556507111063376,3.329098650324849,3.329098650324849,1.894719274449583,-7.102681135974196,1.2170753745859708,1.2170753745859708,-6.624952215041379,4.068445103978003,4.068445103978003,-6.743096401188577,-0.8574906398003517,-14.514627415582835,2,3,1
1.3300000000000003,1.0100000000000002,-5.824580018323399,-2.7683273759728246,3.0562526423505743,3.0562526423505743,1.8947192744495904,-7.041655392909379,1.2170753745859808,1.2170753745859808,-6.624952215041398,3.856624839068574,3.856624839068574,-6.730612932374825,-0.9060329140514263,-14.502143946769083,2,3,1
1.3500000000000003,1.0100000000000002,-5.761736227691856,-2.9700552550972974,2.791680972594558,2.791680972594558,1.8947192744495782,-6.978811602277819,1.2170753745859633,1.2170753745859633,-6.624952215041365,3.6548969599440673,3.6548969599440673,-6.719261797102307,-0.9575255694104516,-14.490792811496567,2,3,1
1.3700000000000003,1.0100000000000002,-5.688999873539565,-3.1713311959315273,2.5176686776080377,2.5176686776080377,1.8928544030143424,-6.90607535442249,1.217075480882925,1.217075480882925,-6.624952215041398,3.453621019109871,3.453621019109871,-6.703392686509634,-1.014392812970069,-14.474923621510682,2,3,1
1.3900000000000003,1.0100000000000002,-5.576474101674358,-3.403670235461088,2.17280386621327,2.17280386621327,1.8819870225782154,-6.793581075040009,1.2171069733656517,1.2171069733656517,-6.624952215041398,3.2212819795803105,3.2212819795803105,-6.663121710895428,-1.0866476092210702,-14.43434222293995,2,3,1
1.4100000000000004,1.0100000000000002,-5.424881698793061,-3.662649652672287,1.7622320461207739,1.7622320461207739,1.860875005282381,-6.642479284123036,1.2175975853299754,1.2175975853299754,-6.624952215041379,2.962302562369092,2.962302562369092,-6.602702593508072,-1.177820894715011,-14.37202282875284,2,3,1
1.4300000000000004,1.0100000000000002,-5.237651676964341,-3.940238114066896,1.2974135628974452,1.2974135628974452,1.8284398009329998,-6.457984796485854,1.2203331195215128,1.2203331195215128,-6.624952215041343,2.6847141009744475,2.6847141009744475,-6.529051231244016,-1.2913995542796748,-14.292966906942151,2,3,1
1.4500000000000004,1.0100000000000002,-5.016753674328317,-4.228562564532957,0.7881911097953598,0.7881911097953598,1.783105877283057,-6.246071562475268,1.2293178881469502,1.2293178881469502,-6.624952215041379,2.396389650508422,2.396389650508422,-6.448795539230005,-1.432041864901688,-14.201972940883387,2,3,1
1.4700000000000004,1.0100000000000002,-4.762660839581146,-4.520133782929376,0.24252705665177032,0.24252705665177032,1.7228366925663756,-6.013248052142542,1.250587212561395,1.250587212561395,-6.624952215041398,2.104818432112022,2.104818432112022,-6.368496356636009,-1.6058355170548628,-14.104507371180318,2,3,1
1.4900000000000004,1.0100000000000002,-4.475628540374366,-4.808036812380426,-0.3324082720060595,0.3324082720060595,1.6452254960410588,-5.766328492863469,1.2906999524891032,1.2906999524891032,-6.624952215041398,1.8169154026609724,1.8169154026609724,-6.2954320074271095,-1.487395195046684,-14.007827005780168,2,3,1
1.5100000000000005,1.0100000000000002,-4.157841677164525,-5.086084009973547,-0.9282423328090221,0.9282423328090221,1.5476857267176467,-5.512207669108155,1.3543659919436304,1.3543659919436304,-6.624952215041398,1.5388682050678513,1.5388682050678513,-6.237741159363073,-1.1516571493895258,-13.921055811837133,2,3,1
1.5300000000000005,1.0100000000000002,-3.8157329106818105,-5.348929872287496,-1.533196961605685,1.533196961605685,1.427803954205973,-5.257646320137234,1.4419134094554238,1.4419134094554238,-6.624952215041365,1.2760223427538693,1.2760223427538693,-6.202916891362841,-0.8539870190753458,-13.853295306984327,2,3,1
1.5500000000000005,1.0100000000000002,-3.4616569113180873,-5.592148082067721,-2.130491170749634,2.130491170749634,1.2839318238408624,-5.009073324658298,1.5474164133402113,1.5474164133402113,-6.624952215041379,1.0328041329736577,1.0328041329736577,-6.195203754089739,-0.6030556720220179,-13.810526237710953,2,3,1
1.5700000000000005,1.0100000000000002,-3.1137031075240897,-5.812272359055068,-2.698569251530978,2.698569251530978,1.1160843238536442,-4.772409881849937,1.658706774325847,1.658706774325847,-6.624952215041379,0.8126798559863112,0.8126798559863112,-6.214048331692433,-0.4017759726373651,-13.793671039811493,2,3,1
1.5900000000000005,1.0100000000000002,-2.792460681430927,-6.0068036641186495,-3.2143429826877226,3.2143429826877226,0.9271441793790812,-4.552919827309088,1.7604591458781609,1.7604591458781609,-6.624952215041379,0.618148550922729,0.618148550922729,-6.255055717937715,-0.24825205381906557,-13.799403090177245,2,3,1
1.6100000000000005,1.0100000000000002,-2.5152576723326083,-6.17418708789883,-3.658929415566222,3.658929415566222,0.7241930414986314,-4.3550891014241895,1.8398314290915814,1.8398314290915814,-6.624952215041398,0.45076512714256844,0.45076512714256844,-6.312308891143629,-0.1381218032447986,-13.82256303929249,2,3,1
1.6300000000000006,1.0100000000000002,-2.291279763890202,-6.308835574546694,-4.017555810656492,4.017555810656492,0.5191716179252656,-4.182799758984308,1.8915199950941055,1.8915199950941055,-6.620025441640637,0.31118986709394286,0.31118986709394286,-6.374841475255616,-0.0660059007089222,-13.852456594893901,2,3,1
1.6500000000000006,1.0100000000000002,-2.1194128292074694,-6.4125382832362305,-4.293125454028761,4.293125454028761,0.3292768378842794,-4.038139041855592,1.9187262126481228,1.9187262126481228,-6.611798274902943,0.19925999166671252,0.19925999166671252,-6.437646520473683,-0.025108237237452258,-13.885841174590905,2,3,1
1.6700000000000006,1.0100000000000002,-1.9934721491412275,-6.4873473842757425,-4.4938752351345155,4.4938752351345155,0.17381086498277415,-3.9231468211051173,1.9296746719638898,1.9296746719638898,-6.601426118611101,0.11407873433535863,0.11407873433535863,-6.4940598890710675,-0.006712504795324925,-13.916720275950107,2,3,1
1.6900000000000006,1.0100000000000002,-1.9060391511339334,-6.535036879387401,-4.628997728253467,4.628997728253467,0.0676896292377287,-3.838737425022793,1.9326982738888596,1.9326982738888596,-6.589154192963118,0.054117313575716836,0.054117313575716836,-6.536026490280632,-0.0009896108932307968,-13.938116939606827,2,3,1
1.7100000000000006,1.0100000000000002,-1.8516095506058605,-6.559845881459811,-4.708236330853951,4.708236330853951,0.014214715217911168,-3.78475914079627,1.9331495901904094,1.9331495901904094,-6.577171169076454,0.01732528761664316,0.01732528761664316,-6.5598887969535955,-4.291549378443449e-05,-13.947691056555197,2,3,1
1.7300000000000006,1.0100000000000002,-1.8270342365460497,-6.568616945549372,-4.741582709003322,4.741582709003322,0.0003075567169973828,-3.760202883029526,1.9331686464834763,1.9331686464834763,-6.569861947550853,0.0012450020014819257,0.0012450020014819257,-6.568616965498645,-1.9949273344366247e-08,-13.949481017641892,2,3,1
1.7500000000000007,1.0100000000000002,nan,-6.569201851534421,nan,nan,nan,nan,nan,0.0,-6.569201851534421,0.0,nan,-6.569201851534421,nan,-13.949489396681804,1,2,0
1.7700000000000007,1.0100000000000002,nan,-6.569201851534421,nan,nan,nan,nan,nan,0.0,-6.569201851534421,0.0,nan,-6.569201851534421,nan,-13.949489396681804,1,2,0
1.7900000000000007,1.0100000000000002,nan,-6.569201851534421,nan,nan,nan,nan,nan,0.0,-6.569201851534421,0.0,nan,-6.569201851534421,nan,-13.949489396681804,1,2,0
1.8100000000000007,1.0100000000000002,nan,-6.569201851534386,nan,nan,nan,nan,nan,0.0,-6.569201851534386,0.0,nan,-6.569201851534386,nan,-13.94948939668177,1,2,0
1.8300000000000007,1.0100000000000002,nan,-6.569201851534421,nan,nan,nan,nan,nan,0.0,-6.569201851534421,0.0,nan,-6.569201851534421,nan,-13.949489396681804,1,2,0
1.8500000000000008,1.0100000000000002,nan,-6.569201851534402,nan,nan,nan,nan,nan,0.0,-6.569201851534402,0.0,nan,-6.569201851534402,nan,-13.949489396681786,1,2,0
1.8700000000000008,1.0100000000000002,nan,-6.569201851534402,nan,nan,nan,nan,nan,0.0,-6.569201851534402,0.0,nan,-6.569201851534402,nan,-13.949489396681786,1,2,0
1.8900000000000008,1.0100000000000002,nan,-6.569201851534421,nan,nan,nan,nan,nan,0.0,-6.569201851534421,0.0,nan,-6.569201851534421,nan,-13.949489396681804,1,2,0
1.9100000000000008,1.0100000000000002,nan,-6.569201851534386,nan,nan,nan,nan,nan,0.0,-6.569201851534386,0.0,nan,-6.569201851534386,nan,-13.94948939668177,1,2,0
1.9300000000000008,1.0100000000000002,nan,-6.569201851534421,nan,nan,nan,nan,nan,0.0,-6.569201851534421,0.0,nan,-6.569201851534421,nan,-13.949489396681804,1,2,0
1.9500000000000008,1.0100000000000002,nan,-6.569201851534421,nan,nan,nan,nan,nan,0.0,-6.569201851534421,0.0,nan,-6.569201851534421,nan,-13.949489396681804,1,2,0
1.9700000000000009,1.0100000000000002,nan,-6.569201851534421,nan,nan,nan,nan,nan,0.0,-6.569201851534421,0.0,nan,-6.569201851534421,nan,-13.949489396681804,1,2,0
1.9900000000000009,1.0100000000000002,nan,-6.569201851534386,nan,nan,nan,nan,nan,0.0,-6.569201851534386,0.0,nan,-6.569201851534386,nan,-13.94948939668177,1,2,0
