system,approach,contact_distance_A,actual_min_distance_A,probe_centre_distance_A,exch10_hartree,exch10_eV,exch10_s2_hartree,exch10_s2_eV,exact_to_s2_ratio,target_atoms_json,probe_atoms_json,target_bonds_json,approach_vector_json,status
CH3OH,O_end,1.2,1.2000000000000004,3.0007200000000003,0.1991465998193625,5.419055047259877,0.17760551974910077,4.83289239731223,1.1212860957288509,"[{""element"": ""C"", ""xyz"": [0.0, 0.0, 0.0]}, {""element"": ""O"", ""xyz"": [1.43, 0.0, 0.0]}, {""element"": ""H"", ""xyz"": [-0.36333333333333334, 1.0276618553244492, 0.0]}, {""element"": ""H"", ""xyz"": [-0.36333333333333334, -0.5138309276622244, 0.8899812732112216]}, {""element"": ""H"", ""xyz"": [-0.36333333333333334, -0.513830927662225, -0.8899812732112213]}, {""element"": ""H"", ""xyz"": [1.7346124701488885, 0.9103907089979513, 0.0]}]","[{""element"": ""H"", ""xyz"": [2.6300000000000003, 0.0, 0.0]}, {""element"": ""H"", ""xyz"": [3.37144, 0.0, 0.0]}]","[[0, 1], [0, 2], [0, 3], [0, 4], [1, 5]]","[1.0, 0.0, 0.0]",ok
CH3OH,O_end,1.5,1.5000000000000002,3.30072,0.0739727816367024,2.0129019328064373,0.07052304457696038,1.919029805226698,1.0489164510754694,"[{""element"": ""C"", ""xyz"": [0.0, 0.0, 0.0]}, {""element"": ""O"", ""xyz"": [1.43, 0.0, 0.0]}, {""element"": ""H"", ""xyz"": [-0.36333333333333334, 1.0276618553244492, 0.0]}, {""element"": ""H"", ""xyz"": [-0.36333333333333334, -0.5138309276622244, 0.8899812732112216]}, {""element"": ""H"", ""xyz"": [-0.36333333333333334, -0.513830927662225, -0.8899812732112213]}, {""element"": ""H"", ""xyz"": [1.7346124701488885, 0.9103907089979513, 0.0]}]","[{""element"": ""H"", ""xyz"": [2.93, 0.0, 0.0]}, {""element"": ""H"", ""xyz"": [3.67144, 0.0, 0.0]}]","[[0, 1], [0, 2], [0, 3], [0, 4], [1, 5]]","[1.0, 0.0, 0.0]",ok
CH3OH,O_end,1.85,1.8500000000000003,3.715825797353385,0.017625598440275655,0.4796169669750245,0.017392975051575603,0.4732869620952568,1.0133745600169177,"[{""element"": ""C"", ""xyz"": [0.0, 0.0, 0.0]}, {""element"": ""O"", ""xyz"": [1.43, 0.0, 0.0]}, {""element"": ""H"", ""xyz"": [-0.36333333333333334, 1.0276618553244492, 0.0]}, {""element"": ""H"", ""xyz"": [-0.36333333333333334, -0.5138309276622244, 0.8899812732112216]}, {""element"": ""H"", ""xyz"": [-0.36333333333333334, -0.513830927662225, -0.8899812732112213]}, {""element"": ""H"", ""xyz"": [1.7346124701488885, 0.9103907089979513, 0.0]}]","[{""element"": ""H"", ""xyz"": [3.345105797353385, 0.0, 0.0]}, {""element"": ""H"", ""xyz"": [4.086545797353385, 0.0, 0.0]}]","[[0, 1], [0, 2], [0, 3], [0, 4], [1, 5]]","[1.0, 0.0, 0.0]",ok
CH3OH,O_end,2.2,2.200000000000001,4.108127706055498,0.004326271209638301,0.11772383689036553,0.004310056834088316,0.11728262125453738,1.0037619864828105,"[{""element"": ""C"", ""xyz"": [0.0, 0.0, 0.0]}, {""element"": ""O"", ""xyz"": [1.43, 0.0, 0.0]}, {""element"": ""H"", ""xyz"": [-0.36333333333333334, 1.0276618553244492, 0.0]}, {""element"": ""H"", ""xyz"": [-0.36333333333333334, -0.5138309276622244, 0.8899812732112216]}, {""element"": ""H"", ""xyz"": [-0.36333333333333334, -0.513830927662225, -0.8899812732112213]}, {""element"": ""H"", ""xyz"": [1.7346124701488885, 0.9103907089979513, 0.0]}]","[{""element"": ""H"", ""xyz"": [3.737407706055498, 0.0, 0.0]}, {""element"": ""H"", ""xyz"": [4.4788477060554985, 0.0, 0.0]}]","[[0, 1], [0, 2], [0, 3], [0, 4], [1, 5]]","[1.0, 0.0, 0.0]",ok
CH3OH,methyl_face,1.2,1.2000000000000002,1.5707200000000001,0.24701460612960185,6.721609855793191,0.20764550420027253,5.650322017036539,1.1895976610760526,"[{""element"": ""C"", ""xyz"": [0.0, 0.0, 0.0]}, {""element"": ""O"", ""xyz"": [1.43, 0.0, 0.0]}, {""element"": ""H"", ""xyz"": [-0.36333333333333334, 1.0276618553244492, 0.0]}, {""element"": ""H"", ""xyz"": [-0.36333333333333334, -0.5138309276622244, 0.8899812732112216]}, {""element"": ""H"", ""xyz"": [-0.36333333333333334, -0.513830927662225, -0.8899812732112213]}, {""element"": ""H"", ""xyz"": [1.7346124701488885, 0.9103907089979513, 0.0]}]","[{""element"": ""H"", ""xyz"": [-1.2000000000000002, 0.0, 0.0]}, {""element"": ""H"", ""xyz"": [-1.94144, 0.0, 0.0]}]","[[0, 1], [0, 2], [0, 3], [0, 4], [1, 5]]","[-1.0, 0.0, 0.0]",ok
CH3OH,methyl_face,1.5,1.5000000000000002,1.8707200000000002,0.10194888371592244,2.7741704521412816,0.09429556874525609,2.565913142412277,1.0811630394991534,"[{""element"": ""C"", ""xyz"": [0.0, 0.0, 0.0]}, {""element"": ""O"", ""xyz"": [1.43, 0.0, 0.0]}, {""element"": ""H"", ""xyz"": [-0.36333333333333334, 1.0276618553244492, 0.0]}, {""element"": ""H"", ""xyz"": [-0.36333333333333334, -0.5138309276622244, 0.8899812732112216]}, {""element"": ""H"", ""xyz"": [-0.36333333333333334, -0.513830927662225, -0.8899812732112213]}, {""element"": ""H"", ""xyz"": [1.7346124701488885, 0.9103907089979513, 0.0]}]","[{""element"": ""H"", ""xyz"": [-1.5000000000000002, 0.0, 0.0]}, {""element"": ""H"", ""xyz"": [-2.2414400000000003, 0.0, 0.0]}]","[[0, 1], [0, 2], [0, 3], [0, 4], [1, 5]]","[-1.0, 0.0, 0.0]",ok
CH3OH,methyl_face,1.85,1.8500000000000003,2.272367706636499,0.02853585627454423,0.7765002069466231,0.027840517570255126,0.7575790768924275,1.0249757822401981,"[{""element"": ""C"", ""xyz"": [0.0, 0.0, 0.0]}, {""element"": ""O"", ""xyz"": [1.43, 0.0, 0.0]}, {""element"": ""H"", ""xyz"": [-0.36333333333333334, 1.0276618553244492, 0.0]}, {""element"": ""H"", ""xyz"": [-0.36333333333333334, -0.5138309276622244, 0.8899812732112216]}, {""element"": ""H"", ""xyz"": [-0.36333333333333334, -0.513830927662225, -0.8899812732112213]}, {""element"": ""H"", ""xyz"": [1.7346124701488885, 0.9103907089979513, 0.0]}]","[{""element"": ""H"", ""xyz"": [-1.9016477066364992, 0.0, 0.0]}, {""element"": ""H"", ""xyz"": [-2.643087706636499, 0.0, 0.0]}]","[[0, 1], [0, 2], [0, 3], [0, 4], [1, 5]]","[-1.0, 0.0, 0.0]",ok
CH3OH,methyl_face,2.2,2.2000000000000006,2.679281112055176,0.00727888446632304,0.19806853665303847,0.007227454880959049,0.1966690663412279,1.0071158639121336,"[{""element"": ""C"", ""xyz"": [0.0, 0.0, 0.0]}, {""element"": ""O"", ""xyz"": [1.43, 0.0, 0.0]}, {""element"": ""H"", ""xyz"": [-0.36333333333333334, 1.0276618553244492, 0.0]}, {""element"": ""H"", ""xyz"": [-0.36333333333333334, -0.5138309276622244, 0.8899812732112216]}, {""element"": ""H"", ""xyz"": [-0.36333333333333334, -0.513830927662225, -0.8899812732112213]}, {""element"": ""H"", ""xyz"": [1.7346124701488885, 0.9103907089979513, 0.0]}]","[{""element"": ""H"", ""xyz"": [-2.308561112055176, 0.0, 0.0]}, {""element"": ""H"", ""xyz"": [-3.0500011120551758, 0.0, 0.0]}]","[[0, 1], [0, 2], [0, 3], [0, 4], [1, 5]]","[-1.0, 0.0, 0.0]",ok
CH3OH,CH_bond,1.2,1.2000000000000008,2.6607200000000004,0.04155962680708346,1.130895057286665,0.040191331553568965,1.09366184664473,1.0340445364864501,"[{""element"": ""C"", ""xyz"": [0.0, 0.0, 0.0]}, {""element"": ""O"", ""xyz"": [1.43, 0.0, 0.0]}, {""element"": ""H"", ""xyz"": [-0.36333333333333334, 1.0276618553244492, 0.0]}, {""element"": ""H"", ""xyz"": [-0.36333333333333334, -0.5138309276622244, 0.8899812732112216]}, {""element"": ""H"", ""xyz"": [-0.36333333333333334, -0.513830927662225, -0.8899812732112213]}, {""element"": ""H"", ""xyz"": [1.7346124701488885, 0.9103907089979513, 0.0]}]","[{""element"": ""H"", ""xyz"": [-0.7633333333333334, 2.159032705222926, 0.0]}, {""element"": ""H"", ""xyz"": [-1.01048, 2.8580690410135308, 0.0]}]","[[0, 1], [0, 2], [0, 3], [0, 4], [1, 5]]","[-0.3333333333333333, 0.9428090415820635, 0.0]",ok
CH3OH,CH_bond,1.5,1.5000000000000002,2.96072,0.015971123790279203,0.43459641823977524,0.015749290379142054,0.4285600236070572,1.014085295641697,"[{""element"": ""C"", ""xyz"": [0.0, 0.0, 0.0]}, {""element"": ""O"", ""xyz"": [1.43, 0.0, 0.0]}, {""element"": ""H"", ""xyz"": [-0.36333333333333334, 1.0276618553244492, 0.0]}, {""element"": ""H"", ""xyz"": [-0.36333333333333334, -0.5138309276622244, 0.8899812732112216]}, {""element"": ""H"", ""xyz"": [-0.36333333333333334, -0.513830927662225, -0.8899812732112213]}, {""element"": ""H"", ""xyz"": [1.7346124701488885, 0.9103907089979513, 0.0]}]","[{""element"": ""H"", ""xyz"": [-0.8633333333333333, 2.4418754176975446, 0.0]}, {""element"": ""H"", ""xyz"": [-1.11048, 3.140911753488149, 0.0]}]","[[0, 1], [0, 2], [0, 3], [0, 4], [1, 5]]","[-0.3333333333333333, 0.9428090415820635, 0.0]",ok
CH3OH,CH_bond,1.85,1.8500000000000003,3.31072,0.005017425444947842,0.13653110174292393,0.004993062953002783,0.13586816456469214,1.0048792679312022,"[{""element"": ""C"", ""xyz"": [0.0, 0.0, 0.0]}, {""element"": ""O"", ""xyz"": [1.43, 0.0, 0.0]}, {""element"": ""H"", ""xyz"": [-0.36333333333333334, 1.0276618553244492, 0.0]}, {""element"": ""H"", ""xyz"": [-0.36333333333333334, -0.5138309276622244, 0.8899812732112216]}, {""element"": ""H"", ""xyz"": [-0.36333333333333334, -0.513830927662225, -0.8899812732112213]}, {""element"": ""H"", ""xyz"": [1.7346124701488885, 0.9103907089979513, 0.0]}]","[{""element"": ""H"", ""xyz"": [-0.98, 2.7718585822512667, 0.0]}, {""element"": ""H"", ""xyz"": [-1.2271466666666666, 3.4708949180418713, 0.0]}]","[[0, 1], [0, 2], [0, 3], [0, 4], [1, 5]]","[-0.3333333333333333, 0.9428090415820635, 0.0]",ok
CH3OH,CH_bond,2.2,2.200000000000001,3.660720000000001,0.0015296521544260616,0.04162395559609525,0.0015271519152147276,0.04155592062120827,1.001637190895303,"[{""element"": ""C"", ""xyz"": [0.0, 0.0, 0.0]}, {""element"": ""O"", ""xyz"": [1.43, 0.0, 0.0]}, {""element"": ""H"", ""xyz"": [-0.36333333333333334, 1.0276618553244492, 0.0]}, {""element"": ""H"", ""xyz"": [-0.36333333333333334, -0.5138309276622244, 0.8899812732112216]}, {""element"": ""H"", ""xyz"": [-0.36333333333333334, -0.513830927662225, -0.8899812732112213]}, {""element"": ""H"", ""xyz"": [1.7346124701488885, 0.9103907089979513, 0.0]}]","[{""element"": ""H"", ""xyz"": [-1.096666666666667, 3.1018417468049897, 0.0]}, {""element"": ""H"", ""xyz"": [-1.3438133333333335, 3.8008780825955943, 0.0]}]","[[0, 1], [0, 2], [0, 3], [0, 4], [1, 5]]","[-0.3333333333333333, 0.9428090415820635, 0.0]",ok
CH3OH,OH_bond,1.2,1.2000000000000006,3.4095173949946473,0.027035860897937473,0.7356832533865805,0.026508297307310757,0.7213275167527167,1.019901828642959,"[{""element"": ""C"", ""xyz"": [0.0, 0.0, 0.0]}, {""element"": ""O"", ""xyz"": [1.43, 0.0, 0.0]}, {""element"": ""H"", ""xyz"": [-0.36333333333333334, 1.0276618553244492, 0.0]}, {""element"": ""H"", ""xyz"": [-0.36333333333333334, -0.5138309276622244, 0.8899812732112216]}, {""element"": ""H"", ""xyz"": [-0.36333333333333334, -0.513830927662225, -0.8899812732112213]}, {""element"": ""H"", ""xyz"": [1.7346124701488885, 0.9103907089979513, 0.0]}]","[{""element"": ""H"", ""xyz"": [2.327544447629738, 1.9536699957091612, 0.0]}, {""element"": ""H"", ""xyz"": [2.8954449460614975, 2.4303483961857917, 0.0]}]","[[0, 1], [0, 2], [0, 3], [0, 4], [1, 5]]","[0.7659426230467193, 0.6429089346091803, 0.0]",ok
CH3OH,OH_bond,1.5,1.5000000000000002,3.7252454519265514,0.009568033726389742,0.26035946134343113,0.00949408960959161,0.2583473394206187,1.0077884367894978,"[{""element"": ""C"", ""xyz"": [0.0, 0.0, 0.0]}, {""element"": ""O"", ""xyz"": [1.43, 0.0, 0.0]}, {""element"": ""H"", ""xyz"": [-0.36333333333333334, 1.0276618553244492, 0.0]}, {""element"": ""H"", ""xyz"": [-0.36333333333333334, -0.5138309276622244, 0.8899812732112216]}, {""element"": ""H"", ""xyz"": [-0.36333333333333334, -0.513830927662225, -0.8899812732112213]}, {""element"": ""H"", ""xyz"": [1.7346124701488885, 0.9103907089979513, 0.0]}]","[{""element"": ""H"", ""xyz"": [2.5693740237256044, 2.1566543844174784, 0.0]}, {""element"": ""H"", ""xyz"": [3.137274522157364, 2.6333327848941086, 0.0]}]","[[0, 1], [0, 2], [0, 3], [0, 4], [1, 5]]","[0.7659426230467193, 0.6429089346091803, 0.0]",ok
CH3OH,OH_bond,1.85,1.850000000000001,4.086815974774625,0.0027492894425493776,0.07481197692322815,0.002742365267165155,0.0746235605124131,1.002524891730189,"[{""element"": ""C"", ""xyz"": [0.0, 0.0, 0.0]}, {""element"": ""O"", ""xyz"": [1.43, 0.0, 0.0]}, {""element"": ""H"", ""xyz"": [-0.36333333333333334, 1.0276618553244492, 0.0]}, {""element"": ""H"", ""xyz"": [-0.36333333333333334, -0.5138309276622244, 0.8899812732112216]}, {""element"": ""H"", ""xyz"": [-0.36333333333333334, -0.513830927662225, -0.8899812732112213]}, {""element"": ""H"", ""xyz"": [1.7346124701488885, 0.9103907089979513, 0.0]}]","[{""element"": ""H"", ""xyz"": [2.8463162984122317, 2.389111304047818, 0.0]}, {""element"": ""H"", ""xyz"": [3.4142167968439914, 2.865789704524448, 0.0]}]","[[0, 1], [0, 2], [0, 3], [0, 4], [1, 5]]","[0.7659426230467193, 0.6429089346091803, 0.0]",ok
CH3OH,OH_bond,2.2,2.200000000000002,4.444578073495198,0.0007688214837037003,0.020920698347274957,0.000768213917924296,0.020904165640181743,1.000790880984096,"[{""element"": ""C"", ""xyz"": [0.0, 0.0, 0.0]}, {""element"": ""O"", ""xyz"": [1.43, 0.0, 0.0]}, {""element"": ""H"", ""xyz"": [-0.36333333333333334, 1.0276618553244492, 0.0]}, {""element"": ""H"", ""xyz"": [-0.36333333333333334, -0.5138309276622244, 0.8899812732112216]}, {""element"": ""H"", ""xyz"": [-0.36333333333333334, -0.513830927662225, -0.8899812732112213]}, {""element"": ""H"", ""xyz"": [1.7346124701488885, 0.9103907089979513, 0.0]}]","[{""element"": ""H"", ""xyz"": [3.120341538732967, 2.619119753779806, 0.0]}, {""element"": ""H"", ""xyz"": [3.6882420371647266, 3.0957981542564363, 0.0]}]","[[0, 1], [0, 2], [0, 3], [0, 4], [1, 5]]","[0.7659426230467193, 0.6429089346091803, 0.0]",ok
CH3OH,O_lone,1.2,1.2000000000000004,2.632576417229804,0.2251491842815233,6.126621416453661,0.19777884162418805,5.381836450719869,1.1383886285942728,"[{""element"": ""C"", ""xyz"": [0.0, 0.0, 0.0]}, {""element"": ""O"", ""xyz"": [1.43, 0.0, 0.0]}, {""element"": ""H"", ""xyz"": [-0.36333333333333334, 1.0276618553244492, 0.0]}, {""element"": ""H"", ""xyz"": [-0.36333333333333334, -0.5138309276622244, 0.8899812732112216]}, {""element"": ""H"", ""xyz"": [-0.36333333333333334, -0.513830927662225, -0.8899812732112213]}, {""element"": ""H"", ""xyz"": [1.7346124701488885, 0.9103907089979513, 0.0]}]","[{""element"": ""H"", ""xyz"": [2.0003127455117635, -1.055814080369662, 0.0]}, {""element"": ""H"", ""xyz"": [2.656018329091059, -1.4019115540139178, 0.0]}]","[[0, 1], [0, 2], [0, 3], [0, 4], [1, 5]]","[0.8843676947282249, -0.4667909387735427, 0.0]",ok
CH3OH,O_lone,1.5,1.5000000000000002,2.9786561697680787,0.08253604270438493,2.245920137244378,0.07826684402858225,2.129749323116251,1.0545467078529909,"[{""element"": ""C"", ""xyz"": [0.0, 0.0, 0.0]}, {""element"": ""O"", ""xyz"": [1.43, 0.0, 0.0]}, {""element"": ""H"", ""xyz"": [-0.36333333333333334, 1.0276618553244492, 0.0]}, {""element"": ""H"", ""xyz"": [-0.36333333333333334, -0.5138309276622244, 0.8899812732112216]}, {""element"": ""H"", ""xyz"": [-0.36333333333333334, -0.513830927662225, -0.8899812732112213]}, {""element"": ""H"", ""xyz"": [1.7346124701488885, 0.9103907089979513, 0.0]}]","[{""element"": ""H"", ""xyz"": [2.306374498456152, -1.2173609729475185, 0.0]}, {""element"": ""H"", ""xyz"": [2.962080082035447, -1.5634584465917742, 0.0]}]","[[0, 1], [0, 2], [0, 3], [0, 4], [1, 5]]","[0.8843676947282249, -0.4667909387735427, 0.0]",ok
CH3OH,O_lone,1.85,1.8500000000000003,3.3607437354555185,0.024863774013052887,0.6765777582021412,0.024418652905555713,0.6644653958197936,1.018228733141782,"[{""element"": ""C"", ""xyz"": [0.0, 0.0, 0.0]}, {""element"": ""O"", ""xyz"": [1.43, 0.0, 0.0]}, {""element"": ""H"", ""xyz"": [-0.36333333333333334, 1.0276618553244492, 0.0]}, {""element"": ""H"", ""xyz"": [-0.36333333333333334, -0.5138309276622244, 0.8899812732112216]}, {""element"": ""H"", ""xyz"": [-0.36333333333333334, -0.513830927662225, -0.8899812732112213]}, {""element"": ""H"", ""xyz"": [1.7346124701488885, 0.9103907089979513, 0.0]}]","[{""element"": ""H"", ""xyz"": [2.6442803981074725, -1.3957159864284563, 0.0]}, {""element"": ""H"", ""xyz"": [3.299985981686768, -1.741813460072712, 0.0]}]","[[0, 1], [0, 2], [0, 3], [0, 4], [1, 5]]","[0.8843676947282249, -0.4667909387735427, 0.0]",ok
CH3OH,O_lone,2.2,2.2000000000000006,3.7316551461362786,0.007282370042905068,0.198163384023702,0.007239245621520226,0.1969899087367643,1.005957032491983,"[{""element"": ""C"", ""xyz"": [0.0, 0.0, 0.0]}, {""element"": ""O"", ""xyz"": [1.43, 0.0, 0.0]}, {""element"": ""H"", ""xyz"": [-0.36333333333333334, 1.0276618553244492, 0.0]}, {""element"": ""H"", ""xyz"": [-0.36333333333333334, -0.5138309276622244, 0.8899812732112216]}, {""element"": ""H"", ""xyz"": [-0.36333333333333334, -0.513830927662225, -0.8899812732112213]}, {""element"": ""H"", ""xyz"": [1.7346124701488885, 0.9103907089979513, 0.0]}]","[{""element"": ""H"", ""xyz"": [2.97230246731961, -1.5688540720219473, 0.0]}, {""element"": ""H"", ""xyz"": [3.6280080508989054, -1.914951545666203, 0.0]}]","[[0, 1], [0, 2], [0, 3], [0, 4], [1, 5]]","[0.8843676947282249, -0.4667909387735427, 0.0]",ok
CH3OH,out_of_plane,1.2,1.2000000000000002,1.9646698250025596,0.32307998893527023,8.791454367267168,0.26735370505478784,7.2750649325417855,1.2084365498845906,"[{""element"": ""C"", ""xyz"": [0.0, 0.0, 0.0]}, {""element"": ""O"", ""xyz"": [1.43, 0.0, 0.0]}, {""element"": ""H"", ""xyz"": [-0.36333333333333334, 1.0276618553244492, 0.0]}, {""element"": ""H"", ""xyz"": [-0.36333333333333334, -0.5138309276622244, 0.8899812732112216]}, {""element"": ""H"", ""xyz"": [-0.36333333333333334, -0.513830927662225, -0.8899812732112213]}, {""element"": ""H"", ""xyz"": [1.7346124701488885, 0.9103907089979513, 0.0]}]","[{""element"": ""H"", ""xyz"": [1.0998517638551366, 0.0, 1.153690661386507]}, {""element"": ""H"", ""xyz"": [1.6114576368890905, 0.0, 1.6903401785549899]}]","[[0, 1], [0, 2], [0, 3], [0, 4], [1, 5]]","[0.6900165529698342, 0.0, 0.7237935870312946]",ok
CH3OH,out_of_plane,1.5,1.5000000000000004,2.443134051293805,0.10491530355190738,2.854890848066028,0.09797256968757943,2.6659694352806995,1.0708640580365232,"[{""element"": ""C"", ""xyz"": [0.0, 0.0, 0.0]}, {""element"": ""O"", ""xyz"": [1.43, 0.0, 0.0]}, {""element"": ""H"", ""xyz"": [-0.36333333333333334, 1.0276618553244492, 0.0]}, {""element"": ""H"", ""xyz"": [-0.36333333333333334, -0.5138309276622244, 0.8899812732112216]}, {""element"": ""H"", ""xyz"": [-0.36333333333333334, -0.513830927662225, -0.8899812732112213]}, {""element"": ""H"", ""xyz"": [1.7346124701488885, 0.9103907089979513, 0.0]}]","[{""element"": ""H"", ""xyz"": [1.4300000000000004, 0.0, 1.5000000000000004]}, {""element"": ""H"", ""xyz"": [1.9416058730339543, 0.0, 2.0366495171684833]}]","[[0, 1], [0, 2], [0, 3], [0, 4], [1, 5]]","[0.6900165529698342, 0.0, 0.7237935870312946]",ok
CH3OH,out_of_plane,1.85,1.8500000000000003,2.8908136855874305,0.03086295079942208,0.8398236748939983,0.030172025940792352,0.8210226516988701,1.0228995182486438,"[{""element"": ""C"", ""xyz"": [0.0, 0.0, 0.0]}, {""element"": ""O"", ""xyz"": [1.43, 0.0, 0.0]}, {""element"": ""H"", ""xyz"": [-0.36333333333333334, 1.0276618553244492, 0.0]}, {""element"": ""H"", ""xyz"": [-0.36333333333333334, -0.5138309276622244, 0.8899812732112216]}, {""element"": ""H"", ""xyz"": [-0.36333333333333334, -0.513830927662225, -0.8899812732112213]}, {""element"": ""H"", ""xyz"": [1.7346124701488885, 0.9103907089979513, 0.0]}]","[{""element"": ""H"", ""xyz"": [1.7389063580900839, 0.0, 1.824027648346242]}, {""element"": ""H"", ""xyz"": [2.2505122311240378, 0.0, 2.360677165514725]}]","[[0, 1], [0, 2], [0, 3], [0, 4], [1, 5]]","[0.6900165529698342, 0.0, 0.7237935870312946]",ok
CH3OH,out_of_plane,2.2,2.200000000000001,3.2987637377147405,0.00912778067140884,0.2483795654183696,0.009059836869770606,0.24653072038897084,1.0074994508858033,"[{""element"": ""C"", ""xyz"": [0.0, 0.0, 0.0]}, {""element"": ""O"", ""xyz"": [1.43, 0.0, 0.0]}, {""element"": ""H"", ""xyz"": [-0.36333333333333334, 1.0276618553244492, 0.0]}, {""element"": ""H"", ""xyz"": [-0.36333333333333334, -0.5138309276622244, 0.8899812732112216]}, {""element"": ""H"", ""xyz"": [-0.36333333333333334, -0.513830927662225, -0.8899812732112213]}, {""element"": ""H"", ""xyz"": [1.7346124701488885, 0.9103907089979513, 0.0]}]","[{""element"": ""H"", ""xyz"": [2.0203986468428345, 0.0, 2.1192992799050714]}, {""element"": ""H"", ""xyz"": [2.5320045198767884, 0.0, 2.6559487970735542]}]","[[0, 1], [0, 2], [0, 3], [0, 4], [1, 5]]","[0.6900165529698342, 0.0, 0.7237935870312946]",ok
CH3NH2,N_end,1.2,1.2000000000000004,3.0407200000000003,0.24626515483058387,6.701216247023055,0.20992797766754023,5.71243128415058,1.1730935417316803,"[{""element"": ""C"", ""xyz"": [0.0, 0.0, 0.0]}, {""element"": ""N"", ""xyz"": [1.47, 0.0, 0.0]}, {""element"": ""H"", ""xyz"": [-0.36333333333333334, 1.0276618553244492, 0.0]}, {""element"": ""H"", ""xyz"": [-0.36333333333333334, -0.5138309276622244, 0.8899812732112216]}, {""element"": ""H"", ""xyz"": [-0.36333333333333334, -0.513830927662225, -0.8899812732112213]}, {""element"": ""H"", ""xyz"": [1.8161243850455766, 0.5011224780519219, 0.8082191361678605]}, {""element"": ""H"", ""xyz"": [1.8161243850455766, 0.5011224780519219, -0.8082191361678605]}]","[{""element"": ""H"", ""xyz"": [2.6700000000000004, 0.0, 0.0]}, {""element"": ""H"", ""xyz"": [3.4114400000000002, 0.0, 0.0]}]","[[0, 1], [0, 2], [0, 3], [0, 4], [1, 5], [1, 6]]","[1.0, 0.0, 0.0]",ok
CH3NH2,N_end,1.5,1.5000000000000002,3.346869423535341,0.09671634960744427,2.6317859454701757,0.09024256101504328,2.4556251836074816,1.0717376426331897,"[{""element"": ""C"", ""xyz"": [0.0, 0.0, 0.0]}, {""element"": ""N"", ""xyz"": [1.47, 0.0, 0.0]}, {""element"": ""H"", ""xyz"": [-0.36333333333333334, 1.0276618553244492, 0.0]}, {""element"": ""H"", ""xyz"": [-0.36333333333333334, -0.5138309276622244, 0.8899812732112216]}, {""element"": ""H"", ""xyz"": [-0.36333333333333334, -0.513830927662225, -0.8899812732112213]}, {""element"": ""H"", ""xyz"": [1.8161243850455766, 0.5011224780519219, 0.8082191361678605]}, {""element"": ""H"", ""xyz"": [1.8161243850455766, 0.5011224780519219, -0.8082191361678605]}]","[{""element"": ""H"", ""xyz"": [2.976149423535341, 0.0, 0.0]}, {""element"": ""H"", ""xyz"": [3.717589423535341, 0.0, 0.0]}]","[[0, 1], [0, 2], [0, 3], [0, 4], [1, 5], [1, 6]]","[1.0, 0.0, 0.0]",ok
CH3NH2,N_end,1.85,1.8500000000000005,3.773714918492833,0.024350649144605586,0.6626149192143999,0.023867113992023813,0.6494572574139845,1.020259473044934,"[{""element"": ""C"", ""xyz"": [0.0, 0.0, 0.0]}, {""element"": ""N"", ""xyz"": [1.47, 0.0, 0.0]}, {""element"": ""H"", ""xyz"": [-0.36333333333333334, 1.0276618553244492, 0.0]}, {""element"": ""H"", ""xyz"": [-0.36333333333333334, -0.5138309276622244, 0.8899812732112216]}, {""element"": ""H"", ""xyz"": [-0.36333333333333334, -0.513830927662225, -0.8899812732112213]}, {""element"": ""H"", ""xyz"": [1.8161243850455766, 0.5011224780519219, 0.8082191361678605]}, {""element"": ""H"", ""xyz"": [1.8161243850455766, 0.5011224780519219, -0.8082191361678605]}]","[{""element"": ""H"", ""xyz"": [3.402994918492833, 0.0, 0.0]}, {""element"": ""H"", ""xyz"": [4.144434918492833, 0.0, 0.0]}]","[[0, 1], [0, 2], [0, 3], [0, 4], [1, 5], [1, 6]]","[1.0, 0.0, 0.0]",ok
CH3NH2,N_end,2.2,2.2000000000000006,4.1706936963399555,0.006402931993354655,0.17423265557796738,0.006364904278335281,0.17319786873652285,1.0059745933884365,"[{""element"": ""C"", ""xyz"": [0.0, 0.0, 0.0]}, {""element"": ""N"", ""xyz"": [1.47, 0.0, 0.0]}, {""element"": ""H"", ""xyz"": [-0.36333333333333334, 1.0276618553244492, 0.0]}, {""element"": ""H"", ""xyz"": [-0.36333333333333334, -0.5138309276622244, 0.8899812732112216]}, {""element"": ""H"", ""xyz"": [-0.36333333333333334, -0.513830927662225, -0.8899812732112213]}, {""element"": ""H"", ""xyz"": [1.8161243850455766, 0.5011224780519219, 0.8082191361678605]}, {""element"": ""H"", ""xyz"": [1.8161243850455766, 0.5011224780519219, -0.8082191361678605]}]","[{""element"": ""H"", ""xyz"": [3.7999736963399555, 0.0, 0.0]}, {""element"": ""H"", ""xyz"": [4.541413696339956, 0.0, 0.0]}]","[[0, 1], [0, 2], [0, 3], [0, 4], [1, 5], [1, 6]]","[1.0, 0.0, 0.0]",ok
CH3NH2,methyl_face,1.2,1.2000000000000002,1.5707200000000001,0.25697831142564415,6.992736089044993,0.21413465254733632,5.826900739116007,1.2000781207928821,"[{""element"": ""C"", ""xyz"": [0.0, 0.0, 0.0]}, {""element"": ""N"", ""xyz"": [1.47, 0.0, 0.0]}, {""element"": ""H"", ""xyz"": [-0.36333333333333334, 1.0276618553244492, 0.0]}, {""element"": ""H"", ""xyz"": [-0.36333333333333334, -0.5138309276622244, 0.8899812732112216]}, {""element"": ""H"", ""xyz"": [-0.36333333333333334, -0.513830927662225, -0.8899812732112213]}, {""element"": ""H"", ""xyz"": [1.8161243850455766, 0.5011224780519219, 0.8082191361678605]}, {""element"": ""H"", ""xyz"": [1.8161243850455766, 0.5011224780519219, -0.8082191361678605]}]","[{""element"": ""H"", ""xyz"": [-1.2000000000000002, 0.0, 0.0]}, {""element"": ""H"", ""xyz"": [-1.94144, 0.0, 0.0]}]","[[0, 1], [0, 2], [0, 3], [0, 4], [1, 5], [1, 6]]","[-1.0, 0.0, 0.0]",ok
CH3NH2,methyl_face,1.5,1.5000000000000002,1.8707200000000002,0.10728969687932129,2.919501381998185,0.09875334341780576,2.687215370824609,1.086441159013725,"[{""element"": ""C"", ""xyz"": [0.0, 0.0, 0.0]}, {""element"": ""N"", ""xyz"": [1.47, 0.0, 0.0]}, {""element"": ""H"", ""xyz"": [-0.36333333333333334, 1.0276618553244492, 0.0]}, {""element"": ""H"", ""xyz"": [-0.36333333333333334, -0.5138309276622244, 0.8899812732112216]}, {""element"": ""H"", ""xyz"": [-0.36333333333333334, -0.513830927662225, -0.8899812732112213]}, {""element"": ""H"", ""xyz"": [1.8161243850455766, 0.5011224780519219, 0.8082191361678605]}, {""element"": ""H"", ""xyz"": [1.8161243850455766, 0.5011224780519219, -0.8082191361678605]}]","[{""element"": ""H"", ""xyz"": [-1.5000000000000002, 0.0, 0.0]}, {""element"": ""H"", ""xyz"": [-2.2414400000000003, 0.0, 0.0]}]","[[0, 1], [0, 2], [0, 3], [0, 4], [1, 5], [1, 6]]","[-1.0, 0.0, 0.0]",ok
CH3NH2,methyl_face,1.85,1.8500000000000003,2.272367706636499,0.030566215501802534,0.8317490960976547,0.02976187978474868,0.8098620062294585,1.027025702773856,"[{""element"": ""C"", ""xyz"": [0.0, 0.0, 0.0]}, {""element"": ""N"", ""xyz"": [1.47, 0.0, 0.0]}, {""element"": ""H"", ""xyz"": [-0.36333333333333334, 1.0276618553244492, 0.0]}, {""element"": ""H"", ""xyz"": [-0.36333333333333334, -0.5138309276622244, 0.8899812732112216]}, {""element"": ""H"", ""xyz"": [-0.36333333333333334, -0.513830927662225, -0.8899812732112213]}, {""element"": ""H"", ""xyz"": [1.8161243850455766, 0.5011224780519219, 0.8082191361678605]}, {""element"": ""H"", ""xyz"": [1.8161243850455766, 0.5011224780519219, -0.8082191361678605]}]","[{""element"": ""H"", ""xyz"": [-1.9016477066364992, 0.0, 0.0]}, {""element"": ""H"", ""xyz"": [-2.643087706636499, 0.0, 0.0]}]","[[0, 1], [0, 2], [0, 3], [0, 4], [1, 5], [1, 6]]","[-1.0, 0.0, 0.0]",ok
CH3NH2,methyl_face,2.2,2.2000000000000006,2.679281112055176,0.007961820411080704,0.216652170427108,0.007899786553119074,0.2149641431577853,1.00785259924993,"[{""element"": ""C"", ""xyz"": [0.0, 0.0, 0.0]}, {""element"": ""N"", ""xyz"": [1.47, 0.0, 0.0]}, {""element"": ""H"", ""xyz"": [-0.36333333333333334, 1.0276618553244492, 0.0]}, {""element"": ""H"", ""xyz"": [-0.36333333333333334, -0.5138309276622244, 0.8899812732112216]}, {""element"": ""H"", ""xyz"": [-0.36333333333333334, -0.513830927662225, -0.8899812732112213]}, {""element"": ""H"", ""xyz"": [1.8161243850455766, 0.5011224780519219, 0.8082191361678605]}, {""element"": ""H"", ""xyz"": [1.8161243850455766, 0.5011224780519219, -0.8082191361678605]}]","[{""element"": ""H"", ""xyz"": [-2.308561112055176, 0.0, 0.0]}, {""element"": ""H"", ""xyz"": [-3.0500011120551758, 0.0, 0.0]}]","[[0, 1], [0, 2], [0, 3], [0, 4], [1, 5], [1, 6]]","[-1.0, 0.0, 0.0]",ok
CH3NH2,CH_bond,1.2,1.2000000000000008,2.6607200000000004,0.04275353294461939,1.163382898336611,0.041289546219406476,1.1235457900978432,1.0354565951738368,"[{""element"": ""C"", ""xyz"": [0.0, 0.0, 0.0]}, {""element"": ""N"", ""xyz"": [1.47, 0.0, 0.0]}, {""element"": ""H"", ""xyz"": [-0.36333333333333334, 1.0276618553244492, 0.0]}, {""element"": ""H"", ""xyz"": [-0.36333333333333334, -0.5138309276622244, 0.8899812732112216]}, {""element"": ""H"", ""xyz"": [-0.36333333333333334, -0.513830927662225, -0.8899812732112213]}, {""element"": ""H"", ""xyz"": [1.8161243850455766, 0.5011224780519219, 0.8082191361678605]}, {""element"": ""H"", ""xyz"": [1.8161243850455766, 0.5011224780519219, -0.8082191361678605]}]","[{""element"": ""H"", ""xyz"": [-0.7633333333333334, 2.159032705222926, 0.0]}, {""element"": ""H"", ""xyz"": [-1.01048, 2.8580690410135308, 0.0]}]","[[0, 1], [0, 2], [0, 3], [0, 4], [1, 5], [1, 6]]","[-0.3333333333333333, 0.9428090415820635, 0.0]",ok
CH3NH2,CH_bond,1.5,1.5000000000000002,2.96072,0.016605683006022443,0.45186365415531576,0.016363086906103004,0.4452622779786376,1.0148258150379288,"[{""element"": ""C"", ""xyz"": [0.0, 0.0, 0.0]}, {""element"": ""N"", ""xyz"": [1.47, 0.0, 0.0]}, {""element"": ""H"", ""xyz"": [-0.36333333333333334, 1.0276618553244492, 0.0]}, {""element"": ""H"", ""xyz"": [-0.36333333333333334, -0.5138309276622244, 0.8899812732112216]}, {""element"": ""H"", ""xyz"": [-0.36333333333333334, -0.513830927662225, -0.8899812732112213]}, {""element"": ""H"", ""xyz"": [1.8161243850455766, 0.5011224780519219, 0.8082191361678605]}, {""element"": ""H"", ""xyz"": [1.8161243850455766, 0.5011224780519219, -0.8082191361678605]}]","[{""element"": ""H"", ""xyz"": [-0.8633333333333333, 2.4418754176975446, 0.0]}, {""element"": ""H"", ""xyz"": [-1.11048, 3.140911753488149, 0.0]}]","[[0, 1], [0, 2], [0, 3], [0, 4], [1, 5], [1, 6]]","[-0.3333333333333333, 0.9428090415820635, 0.0]",ok
CH3NH2,CH_bond,1.85,1.8500000000000003,3.31072,0.005297602876066324,0.14415511803849762,0.005270119200330665,0.14340724912259512,1.0052150007790972,"[{""element"": ""C"", ""xyz"": [0.0, 0.0, 0.0]}, {""element"": ""N"", ""xyz"": [1.47, 0.0, 0.0]}, {""element"": ""H"", ""xyz"": [-0.36333333333333334, 1.0276618553244492, 0.0]}, {""element"": ""H"", ""xyz"": [-0.36333333333333334, -0.5138309276622244, 0.8899812732112216]}, {""element"": ""H"", ""xyz"": [-0.36333333333333334, -0.513830927662225, -0.8899812732112213]}, {""element"": ""H"", ""xyz"": [1.8161243850455766, 0.5011224780519219, 0.8082191361678605]}, {""element"": ""H"", ""xyz"": [1.8161243850455766, 0.5011224780519219, -0.8082191361678605]}]","[{""element"": ""H"", ""xyz"": [-0.98, 2.7718585822512667, 0.0]}, {""element"": ""H"", ""xyz"": [-1.2271466666666666, 3.4708949180418713, 0.0]}]","[[0, 1], [0, 2], [0, 3], [0, 4], [1, 5], [1, 6]]","[-0.3333333333333333, 0.9428090415820635, 0.0]",ok
CH3NH2,CH_bond,2.2,2.200000000000001,3.660720000000001,0.0016460449047748396,0.044791163682068695,0.0016431144302423391,0.04471142140768079,1.001783487795228,"[{""element"": ""C"", ""xyz"": [0.0, 0.0, 0.0]}, {""element"": ""N"", ""xyz"": [1.47, 0.0, 0.0]}, {""element"": ""H"", ""xyz"": [-0.36333333333333334, 1.0276618553244492, 0.0]}, {""element"": ""H"", ""xyz"": [-0.36333333333333334, -0.5138309276622244, 0.8899812732112216]}, {""element"": ""H"", ""xyz"": [-0.36333333333333334, -0.513830927662225, -0.8899812732112213]}, {""element"": ""H"", ""xyz"": [1.8161243850455766, 0.5011224780519219, 0.8082191361678605]}, {""element"": ""H"", ""xyz"": [1.8161243850455766, 0.5011224780519219, -0.8082191361678605]}]","[{""element"": ""H"", ""xyz"": [-1.096666666666667, 3.1018417468049897, 0.0]}, {""element"": ""H"", ""xyz"": [-1.3438133333333335, 3.8008780825955943, 0.0]}]","[[0, 1], [0, 2], [0, 3], [0, 4], [1, 5], [1, 6]]","[-0.3333333333333333, 0.9428090415820635, 0.0]",ok
CH3NH2,NH_bond,1.2,1.2000000000000004,3.5071493782051557,0.034357661570108285,0.9349195994931551,0.03346000200852515,0.910493038445512,1.0268278394410864,"[{""element"": ""C"", ""xyz"": [0.0, 0.0, 0.0]}, {""element"": ""N"", ""xyz"": [1.47, 0.0, 0.0]}, {""element"": ""H"", ""xyz"": [-0.36333333333333334, 1.0276618553244492, 0.0]}, {""element"": ""H"", ""xyz"": [-0.36333333333333334, -0.5138309276622244, 0.8899812732112216]}, {""element"": ""H"", ""xyz"": [-0.36333333333333334, -0.513830927662225, -0.8899812732112213]}, {""element"": ""H"", ""xyz"": [1.8161243850455766, 0.5011224780519219, 0.8082191361678605]}, {""element"": ""H"", ""xyz"": [1.8161243850455766, 0.5011224780519219, -0.8082191361678605]}]","[{""element"": ""H"", ""xyz"": [2.4314860161261427, 1.0440011598396273, 1.6837834112809498]}, {""element"": ""H"", ""xyz"": [3.0062800810982777, 1.2907990712896396, 2.0818234185374074]}]","[[0, 1], [0, 2], [0, 3], [0, 4], [1, 5], [1, 6]]","[0.7752401610003978, 0.33286295782532954, 0.5368472260148599]",ok
CH3NH2,NH_bond,1.5,1.5000000000000004,3.8222394956242187,0.012644447898231609,0.34407295562605145,0.0125094015159875,0.3403981563576837,1.0107955909858286,"[{""element"": ""C"", ""xyz"": [0.0, 0.0, 0.0]}, {""element"": ""N"", ""xyz"": [1.47, 0.0, 0.0]}, {""element"": ""H"", ""xyz"": [-0.36333333333333334, 1.0276618553244492, 0.0]}, {""element"": ""H"", ""xyz"": [-0.36333333333333334, -0.5138309276622244, 0.8899812732112216]}, {""element"": ""H"", ""xyz"": [-0.36333333333333334, -0.513830927662225, -0.8899812732112213]}, {""element"": ""H"", ""xyz"": [1.8161243850455766, 0.5011224780519219, 0.8082191361678605]}, {""element"": ""H"", ""xyz"": [1.8161243850455766, 0.5011224780519219, -0.8082191361678605]}]","[{""element"": ""H"", ""xyz"": [2.6757565294837313, 1.1488829883052671, 1.8529386667620704]}, {""element"": ""H"", ""xyz"": [3.2505505944558664, 1.3956808997552794, 2.250978674018528]}]","[[0, 1], [0, 2], [0, 3], [0, 4], [1, 5], [1, 6]]","[0.7752401610003978, 0.33286295782532954, 0.5368472260148599]",ok
CH3NH2,NH_bond,1.85,1.8500000000000003,4.183353481101507,0.0037970987231104028,0.103324319968705,0.0037833818943224283,0.10295106604248534,1.0036255469765183,"[{""element"": ""C"", ""xyz"": [0.0, 0.0, 0.0]}, {""element"": ""N"", ""xyz"": [1.47, 0.0, 0.0]}, {""element"": ""H"", ""xyz"": [-0.36333333333333334, 1.0276618553244492, 0.0]}, {""element"": ""H"", ""xyz"": [-0.36333333333333334, -0.5138309276622244, 0.8899812732112216]}, {""element"": ""H"", ""xyz"": [-0.36333333333333334, -0.513830927662225, -0.8899812732112213]}, {""element"": ""H"", ""xyz"": [1.8161243850455766, 0.5011224780519219, 0.8082191361678605]}, {""element"": ""H"", ""xyz"": [1.8161243850455766, 0.5011224780519219, -0.8082191361678605]}]","[{""element"": ""H"", ""xyz"": [2.95570659372464, 1.2690844576233304, 2.0468017081407233]}, {""element"": ""H"", ""xyz"": [3.530500658696775, 1.5158823690733427, 2.444841715397181]}]","[[0, 1], [0, 2], [0, 3], [0, 4], [1, 5], [1, 6]]","[0.7752401610003978, 0.33286295782532954, 0.5368472260148599]",ok
CH3NH2,NH_bond,2.2,2.2000000000000015,4.540814096074068,0.0011093892214705438,0.03018801860257089,0.0011080846768142646,0.03015252013405374,1.0011772969011987,"[{""element"": ""C"", ""xyz"": [0.0, 0.0, 0.0]}, {""element"": ""N"", ""xyz"": [1.47, 0.0, 0.0]}, {""element"": ""H"", ""xyz"": [-0.36333333333333334, 1.0276618553244492, 0.0]}, {""element"": ""H"", ""xyz"": [-0.36333333333333334, -0.5138309276622244, 0.8899812732112216]}, {""element"": ""H"", ""xyz"": [-0.36333333333333334, -0.513830927662225, -0.8899812732112213]}, {""element"": ""H"", ""xyz"": [1.8161243850455766, 0.5011224780519219, 0.8082191361678605]}, {""element"": ""H"", ""xyz"": [1.8161243850455766, 0.5011224780519219, -0.8082191361678605]}]","[{""element"": ""H"", ""xyz"": [3.2328244184272688, 1.3880698552291582, 2.2387034476983083]}, {""element"": ""H"", ""xyz"": [3.807618483399404, 1.6348677666791704, 2.636743454954766]}]","[[0, 1], [0, 2], [0, 3], [0, 4], [1, 5], [1, 6]]","[0.7752401610003978, 0.33286295782532954, 0.5368472260148599]",ok
CH3NH2,N_lone,1.2,1.2000000000000002,2.371427573710688,0.3248763457370193,8.84033572603517,0.2617396311288853,7.1222981985305225,1.241219544536778,"[{""element"": ""C"", ""xyz"": [0.0, 0.0, 0.0]}, {""element"": ""N"", ""xyz"": [1.47, 0.0, 0.0]}, {""element"": ""H"", ""xyz"": [-0.36333333333333334, 1.0276618553244492, 0.0]}, {""element"": ""H"", ""xyz"": [-0.36333333333333334, -0.5138309276622244, 0.8899812732112216]}, {""element"": ""H"", ""xyz"": [-0.36333333333333334, -0.513830927662225, -0.8899812732112213]}, {""element"": ""H"", ""xyz"": [1.8161243850455766, 0.5011224780519219, 0.8082191361678605]}, {""element"": ""H"", ""xyz"": [1.8161243850455766, 0.5011224780519219, -0.8082191361678605]}]","[{""element"": ""H"", ""xyz"": [1.6067111549330981, -1.1921870910712207, 0.0]}, {""element"": ""H"", ""xyz"": [2.2021404592287497, -1.6339983824457127, 0.0]}]","[[0, 1], [0, 2], [0, 3], [0, 4], [1, 5], [1, 6]]","[0.8030714613396251, -0.5958827300583892, 0.0]",ok
CH3NH2,N_lone,1.5,1.5000000000000002,2.76890322092981,0.1295234340816247,3.5245121927018555,0.11786274422366831,3.2072086570823295,1.0989344846394198,"[{""element"": ""C"", ""xyz"": [0.0, 0.0, 0.0]}, {""element"": ""N"", ""xyz"": [1.47, 0.0, 0.0]}, {""element"": ""H"", ""xyz"": [-0.36333333333333334, 1.0276618553244492, 0.0]}, {""element"": ""H"", ""xyz"": [-0.36333333333333334, -0.5138309276622244, 0.8899812732112216]}, {""element"": ""H"", ""xyz"": [-0.36333333333333334, -0.513830927662225, -0.8899812732112213]}, {""element"": ""H"", ""xyz"": [1.8161243850455766, 0.5011224780519219, 0.8082191361678605]}, {""element"": ""H"", ""xyz"": [1.8161243850455766, 0.5011224780519219, -0.8082191361678605]}]","[{""element"": ""H"", ""xyz"": [1.9259125037922715, -1.4290359648678763, 0.0]}, {""element"": ""H"", ""xyz"": [2.5213418080879233, -1.8708472562423684, 0.0]}]","[[0, 1], [0, 2], [0, 3], [0, 4], [1, 5], [1, 6]]","[0.8030714613396251, -0.5958827300583892, 0.0]",ok
CH3NH2,N_lone,1.85,1.8500000000000003,3.180718334046721,0.04422268456965977,1.2033605506595055,0.04268004967257852,1.1613833166384877,1.036144168268679,"[{""element"": ""C"", ""xyz"": [0.0, 0.0, 0.0]}, {""element"": ""N"", ""xyz"": [1.47, 0.0, 0.0]}, {""element"": ""H"", ""xyz"": [-0.36333333333333334, 1.0276618553244492, 0.0]}, {""element"": ""H"", ""xyz"": [-0.36333333333333334, -0.5138309276622244, 0.8899812732112216]}, {""element"": ""H"", ""xyz"": [-0.36333333333333334, -0.513830927662225, -0.8899812732112213]}, {""element"": ""H"", ""xyz"": [1.8161243850455766, 0.5011224780519219, 0.8082191361678605]}, {""element"": ""H"", ""xyz"": [1.8161243850455766, 0.5011224780519219, -0.8082191361678605]}]","[{""element"": ""H"", ""xyz"": [2.2566294684848125, -1.6744294787512857, 0.0]}, {""element"": ""H"", ""xyz"": [2.8520587727804645, -2.1162407701257777, 0.0]}]","[[0, 1], [0, 2], [0, 3], [0, 4], [1, 5], [1, 6]]","[0.8030714613396251, -0.5958827300583892, 0.0]",ok
CH3NH2,N_lone,2.2,2.2000000000000006,3.569332116933298,0.014918096134398852,0.40594207596790766,0.014724424367178463,0.4006719987051306,1.0131530959982444,"[{""element"": ""C"", ""xyz"": [0.0, 0.0, 0.0]}, {""element"": ""N"", ""xyz"": [1.47, 0.0, 0.0]}, {""element"": ""H"", ""xyz"": [-0.36333333333333334, 1.0276618553244492, 0.0]}, {""element"": ""H"", ""xyz"": [-0.36333333333333334, -0.5138309276622244, 0.8899812732112216]}, {""element"": ""H"", ""xyz"": [-0.36333333333333334, -0.513830927662225, -0.8899812732112213]}, {""element"": ""H"", ""xyz"": [1.8161243850455766, 0.5011224780519219, 0.8082191361678605]}, {""element"": ""H"", ""xyz"": [1.8161243850455766, 0.5011224780519219, -0.8082191361678605]}]","[{""element"": ""H"", ""xyz"": [2.568714107004255, -1.9059977206360572, 0.0]}, {""element"": ""H"", ""xyz"": [3.164143411299907, -2.3478090120105493, 0.0]}]","[[0, 1], [0, 2], [0, 3], [0, 4], [1, 5], [1, 6]]","[0.8030714613396251, -0.5958827300583892, 0.0]",ok
CH3NH2,N_side,1.2,1.2000000000000002,1.9807560954039998,0.3706445414595807,10.085751777623763,0.29048865745718866,7.904599058146062,1.2759346430392215,"[{""element"": ""C"", ""xyz"": [0.0, 0.0, 0.0]}, {""element"": ""N"", ""xyz"": [1.47, 0.0, 0.0]}, {""element"": ""H"", ""xyz"": [-0.36333333333333334, 1.0276618553244492, 0.0]}, {""element"": ""H"", ""xyz"": [-0.36333333333333334, -0.5138309276622244, 0.8899812732112216]}, {""element"": ""H"", ""xyz"": [-0.36333333333333334, -0.513830927662225, -0.8899812732112213]}, {""element"": ""H"", ""xyz"": [1.8161243850455766, 0.5011224780519219, 0.8082191361678605]}, {""element"": ""H"", ""xyz"": [1.8161243850455766, 0.5011224780519219, -0.8082191361678605]}]","[{""element"": ""H"", ""xyz"": [1.126910281803999, -1.1499084508204072, 0.0]}, {""element"": ""H"", ""xyz"": [1.6458653299087433, -1.6794544182742275, 0.0]}]","[[0, 1], [0, 2], [0, 3], [0, 4], [1, 5], [1, 6]]","[0.699928582359657, -0.7142128391425071, 0.0]",ok
CH3NH2,N_side,1.5,1.5000000000000002,2.470934274782457,0.134876873961811,3.670186713026281,0.12229783603989691,3.3278936535301464,1.102855768582941,"[{""element"": ""C"", ""xyz"": [0.0, 0.0, 0.0]}, {""element"": ""N"", ""xyz"": [1.47, 0.0, 0.0]}, {""element"": ""H"", ""xyz"": [-0.36333333333333334, 1.0276618553244492, 0.0]}, {""element"": ""H"", ""xyz"": [-0.36333333333333334, -0.5138309276622244, 0.8899812732112216]}, {""element"": ""H"", ""xyz"": [-0.36333333333333334, -0.513830927662225, -0.8899812732112213]}, {""element"": ""H"", ""xyz"": [1.8161243850455766, 0.5011224780519219, 0.8082191361678605]}, {""element"": ""H"", ""xyz"": [1.8161243850455766, 0.5011224780519219, -0.8082191361678605]}]","[{""element"": ""H"", ""xyz"": [1.4700000000000002, -1.5000000000000002, 0.0]}, {""element"": ""H"", ""xyz"": [1.9889550481047444, -2.0295459674538208, 0.0]}]","[[0, 1], [0, 2], [0, 3], [0, 4], [1, 5], [1, 6]]","[0.699928582359657, -0.7142128391425071, 0.0]",ok
CH3NH2,N_side,1.85,1.8500000000000008,2.922843480249629,0.04505805597583774,1.2260921646518683,0.04346073805986468,1.182626929882689,1.0367531244815225,"[{""element"": ""C"", ""xyz"": [0.0, 0.0, 0.0]}, {""element"": ""N"", ""xyz"": [1.47, 0.0, 0.0]}, {""element"": ""H"", ""xyz"": [-0.36333333333333334, 1.0276618553244492, 0.0]}, {""element"": ""H"", ""xyz"": [-0.36333333333333334, -0.5138309276622244, 0.8899812732112216]}, {""element"": ""H"", ""xyz"": [-0.36333333333333334, -0.513830927662225, -0.8899812732112213]}, {""element"": ""H"", ""xyz"": [1.8161243850455766, 0.5011224780519219, 0.8082191361678605]}, {""element"": ""H"", ""xyz"": [1.8161243850455766, 0.5011224780519219, -0.8082191361678605]}]","[{""element"": ""H"", ""xyz"": [1.786304169537917, -1.8227593566713438, 0.0]}, {""element"": ""H"", ""xyz"": [2.305259217642661, -2.3523053241251644, 0.0]}]","[[0, 1], [0, 2], [0, 3], [0, 4], [1, 5], [1, 6]]","[0.699928582359657, -0.7142128391425071, 0.0]",ok
CH3NH2,N_side,2.2,2.2000000000000006,3.332934688055459,0.015147685177053203,0.4121895120854218,0.014948715115842037,0.4067752608984169,1.0133101781436924,"[{""element"": ""C"", ""xyz"": [0.0, 0.0, 0.0]}, {""element"": ""N"", ""xyz"": [1.47, 0.0, 0.0]}, {""element"": ""H"", ""xyz"": [-0.36333333333333334, 1.0276618553244492, 0.0]}, {""element"": ""H"", ""xyz"": [-0.36333333333333334, -0.5138309276622244, 0.8899812732112216]}, {""element"": ""H"", ""xyz"": [-0.36333333333333334, -0.513830927662225, -0.8899812732112213]}, {""element"": ""H"", ""xyz"": [1.8161243850455766, 0.5011224780519219, 0.8082191361678605]}, {""element"": ""H"", ""xyz"": [1.8161243850455766, 0.5011224780519219, -0.8082191361678605]}]","[{""element"": ""H"", ""xyz"": [2.073338727255611, -2.1156517625057254, 0.0]}, {""element"": ""H"", ""xyz"": [2.592293775360355, -2.645197729959546, 0.0]}]","[[0, 1], [0, 2], [0, 3], [0, 4], [1, 5], [1, 6]]","[0.699928582359657, -0.7142128391425071, 0.0]",ok
